q (1/Ang),Reflectivity
0.01000000,1.00000000e+00
0.13250000,3.50251839e-02
0.25500000,9.00712992e-04
0.37750000,3.22153754e-04
0.50000000,8.39591017e-05
