feature,VIF
material_id,33.832210137694126
temperature_C,28.567913633654708
id,22.364998813902535
n,19.22369831718008
reference_id,5.549305377593644
wavelength_nm,4.460460576264239
k,1.0758987711593233
