idx,name,formula,polymorph,pubchem_cid,smiles,inchikey,cas_number,molecular_weight,pubchem_formula_match,mp_id,mp_space_group,mp_energy_above_hull_ev,density_g_cm3,density_source,xray_energy_ev,xray_sld_real,xray_sld_imag,neutron_sld_real,neutron_sld_imag,strong_neutron_absorber,ri_shelf,ri_book,ri_wl_min_nm,ri_wl_max_nm,ri_page_primary,axis_primary,n_633,k_633,axis_2,n_633_axis2,k_633_axis2,ri_page_axis2,flags,axis_3,n_633_axis3,k_633_axis3,ri_page_axis3,density_citation_doi,density_citation_title,density_citation_authors,density_citation_journal,density_citation_year,materialclass,selection_key,nd,vd,glass_code,glass_code_from_nd,dpgf,cte_per_k,cte_range_k,catalog_status,catalog_comment
1,SCHOTT K7,,,,,,,,,,,,2.53,literature (manufacturer datasheet),,,,,,,specs,SCHOTT-optical,310.0,2500.0,K7,,1.5093291775592095,1.0099945e-08,,,,,density 2.53 g/cm3 stated by the manufacturer's datasheet (K7); formula NULL: a catalog optical glass (composition proprietary); no x-ray / neutron SLD,,,,,,SCHOTT Zemax catalog 2017-01-20b (obtained from http://www.schott.com)See also SCHOTT glass data sheets,,,2017.0,optical glass,SCHOTT-optical/K7,1.51112,60.41,511604,,,8.4e-06,243 343,standard,
2,SCHOTT K10,,,,,,,,,,,,2.52,literature (manufacturer datasheet),,,,,,,specs,SCHOTT-optical,300.0,2500.0,K10,,1.4994954639886056,1.34665e-08,,,,,density 2.52 g/cm3 stated by the manufacturer's datasheet (K10); formula NULL: a catalog optical glass (composition proprietary); no x-ray / neutron SLD,,,,,,SCHOTT Zemax catalog 2017-01-20b (obtained from http://www.schott.com)See also SCHOTT glass data sheets,,,2017.0,optical glass,SCHOTT-optical/K10,1.50137,56.41,501564,,-0.0015,6.5e-06,243 343,standard,lead containing glass type
3,SCHOTT N-K5,,,,,,,,,,,,2.59,literature (manufacturer datasheet),,,,,,,specs,SCHOTT-optical,310.0,2500.0,N-K5,,1.5206314048843579,1.4841575e-08,,,,,density 2.59 g/cm3 stated by the manufacturer's datasheet (N-K5); formula NULL: a catalog optical glass (composition proprietary); no x-ray / neutron SLD,,,,,,SCHOTT Zemax catalog 2017-01-20b (obtained from http://www.schott.com)See also SCHOTT glass data sheets,,,2017.0,optical glass,SCHOTT-optical/N-K5,1.52249,59.48,522595,,,8.2e-06,243 343,standard,
4,SCHOTT K5G20,,,,,,,,,,,,2.593,literature (manufacturer datasheet),,,,,,,specs,SCHOTT-optical,370.0,2500.0,K5G20,,1.5214979405437887,2.9067475e-08,,,,,density 2.593 g/cm3 stated by the manufacturer's datasheet (K5G20); formula NULL: a catalog optical glass (composition proprietary); no x-ray / neutron SLD,,,,,,SCHOTT Zemax catalog 2017-01-20b (obtained from http://www.schott.com)See also SCHOTT glass data sheets,,,2017.0,optical glass,SCHOTT-optical/K5G20,1.52344,56.76,523568,,0.0017,8.99e-06,243 343,special,inquiry glass
5,SCHOTT N-ZK7,,,,,,,,,,,,2.49,literature (manufacturer datasheet),,,,,,,specs,SCHOTT-optical,300.0,2500.0,N-ZK7,,1.506700325244921,1.212595e-08,,,,,density 2.49 g/cm3 stated by the manufacturer's datasheet (N-ZK7); formula NULL: a catalog optical glass (composition proprietary); no x-ray / neutron SLD,,,,,,SCHOTT Zemax catalog 2017-01-20b (obtained from http://www.schott.com)See also SCHOTT glass data sheets,,,2017.0,optical glass,SCHOTT-optical/N-ZK7,1.50847,61.19,508612,,-0.0039,4.5e-06,243 343,standard,
6,SCHOTT N-ZK7A,,,,,,,,,,,,2.47,literature (manufacturer datasheet),,,,,,,specs,SCHOTT-optical,300.0,2500.0,N-ZK7A,,1.506282197995099,1.212595e-08,,,,,density 2.47 g/cm3 stated by the manufacturer's datasheet (N-ZK7A); formula NULL: a catalog optical glass (composition proprietary); no x-ray / neutron SLD,,,,,,SCHOTT Zemax catalog 2017-01-20b (obtained from http://www.schott.com)See also SCHOTT glass data sheets,,,2017.0,optical glass,SCHOTT-optical/N-ZK7A,1.508054,61.04,508610,,-0.0043,4.61e-06,243 343,standard,
7,SCHOTT N-SK2,,,,,,,,,,,,3.55,literature (manufacturer datasheet),,,,,,,specs,SCHOTT-optical,310.0,2500.0,N-SK2,,1.6051237598630823,1.212595e-08,,,,,density 3.55 g/cm3 stated by the manufacturer's datasheet (N-SK2); formula NULL: a catalog optical glass (composition proprietary); no x-ray / neutron SLD,,,,,,SCHOTT Zemax catalog 2017-01-20b (obtained from http://www.schott.com)See also SCHOTT glass data sheets,,,2017.0,optical glass,SCHOTT-optical/N-SK2,1.60738,56.65,607567,607566,-0.0008,6e-06,243 343,standard,step 0.5 available
8,SCHOTT N-SK2HT,,,,,,,,,,,,3.55,literature (manufacturer datasheet),,,,,,,specs,SCHOTT-optical,310.0,2500.0,N-SK2HT,,1.6051237598630823,8.075747500000001e-09,,,,,density 3.55 g/cm3 stated by the manufacturer's datasheet (N-SK2HT); formula NULL: a catalog optical glass (composition proprietary); no x-ray / neutron SLD,,,,,,SCHOTT Zemax catalog 2017-01-20b (obtained from http://www.schott.com)See also SCHOTT glass data sheets,,,2017.0,optical glass,SCHOTT-optical/N-SK2HT,1.60738,56.65,607567,607566,-0.0008,6e-06,243 343,standard,
9,SCHOTT N-SK4,,,,,,,,,,,,3.535,literature (manufacturer datasheet),,,,,,,specs,SCHOTT-optical,334.0,2500.0,N-SK4,,1.6105107315518725,1.0099945e-08,,,,,density 3.535 g/cm3 stated by the manufacturer's datasheet (N-SK4); formula NULL: a catalog optical glass (composition proprietary); no x-ray / neutron SLD,,,,,,SCHOTT Zemax catalog 2017-01-20b (obtained from http://www.schott.com)See also SCHOTT glass data sheets,,,2017.0,optical glass,SCHOTT-optical/N-SK4,1.61272,58.63,613586,,-0.0004,6.46e-06,243 343,standard,
10,SCHOTT N-SK5,,,,,,,,,,,,3.3,literature (manufacturer datasheet),,,,,,,specs,SCHOTT-optical,300.0,2500.0,N-SK5,,1.5870907824113973,1.34665e-08,,,,,density 3.3 g/cm3 stated by the manufacturer's datasheet (N-SK5); formula NULL: a catalog optical glass (composition proprietary); no x-ray / neutron SLD,,,,,,SCHOTT Zemax catalog 2017-01-20b (obtained from http://www.schott.com)See also SCHOTT glass data sheets,,,2017.0,optical glass,SCHOTT-optical/N-SK5,1.58913,61.27,589613,,-0.0007,5.5e-06,243 343,standard,
11,SCHOTT N-SK10,,,,,,,,,,,,3.639,literature (manufacturer datasheet),,,,,,,specs,SCHOTT-optical,334.0,2500.0,N-SK10,,1.620478150671496,1.2813325e-08,,,,,density 3.639 g/cm3 stated by the manufacturer's datasheet (N-SK10); formula NULL: a catalog optical glass (composition proprietary); no x-ray / neutron SLD,,,,,,SCHOTT Zemax catalog 2017-01-20b (obtained from http://www.schott.com)See also SCHOTT glass data sheets,,,2017.0,optical glass,SCHOTT-optical/N-SK10,1.62278,56.98,623570,,-0.0005,6.83e-06,243 343,special,inquiry glass
12,SCHOTT N-SK11,,,,,,,,,,,,3.08,literature (manufacturer datasheet),,,,,,,specs,SCHOTT-optical,300.0,2500.0,N-SK11,,1.5618748964658156,1.0099945e-08,,,,,density 3.08 g/cm3 stated by the manufacturer's datasheet (N-SK11); formula NULL: a catalog optical glass (composition proprietary); no x-ray / neutron SLD,,,,,,SCHOTT Zemax catalog 2017-01-20b (obtained from http://www.schott.com)See also SCHOTT glass data sheets,,,2017.0,optical glass,SCHOTT-optical/N-SK11,1.56384,60.8,564608,,-0.0004,6.5e-06,243 343,standard,
13,SCHOTT N-SK14,,,,,,,,,,,,3.44,literature (manufacturer datasheet),,,,,,,specs,SCHOTT-optical,310.0,2500.0,N-SK14,,1.6010026404538846,1.0099945e-08,,,,,density 3.44 g/cm3 stated by the manufacturer's datasheet (N-SK14); formula NULL: a catalog optical glass (composition proprietary); no x-ray / neutron SLD,,,,,,SCHOTT Zemax catalog 2017-01-20b (obtained from http://www.schott.com)See also SCHOTT glass data sheets,,,2017.0,optical glass,SCHOTT-optical/N-SK14,1.60311,60.6,603606,,-0.0003,6e-06,243 343,standard,
14,SCHOTT N-SK15,,,,,,,,,,,,3.62,literature (manufacturer datasheet),,,,,,,specs,SCHOTT-optical,334.0,2500.0,N-SK15,,1.6206942523355905,1.618415e-08,,,,,density 3.62 g/cm3 stated by the manufacturer's datasheet (N-SK15); formula NULL: a catalog optical glass (composition proprietary); no x-ray / neutron SLD,,,,,,SCHOTT Zemax catalog 2017-01-20b (obtained from http://www.schott.com)See also SCHOTT glass data sheets,,,2017.0,optical glass,SCHOTT-optical/N-SK15,1.62296,58.02,623580,,-0.0009,6.7e-06,243 343,special,inquiry glass
15,SCHOTT N-SK16,,,,,,,,,,,,3.58,literature (manufacturer datasheet),,,,,,,specs,SCHOTT-optical,310.0,2500.0,N-SK16,,1.6182307316577715,1.34665e-08,,,,,density 3.58 g/cm3 stated by the manufacturer's datasheet (N-SK16); formula NULL: a catalog optical glass (composition proprietary); no x-ray / neutron SLD,,,,,,SCHOTT Zemax catalog 2017-01-20b (obtained from http://www.schott.com)See also SCHOTT glass data sheets,,,2017.0,optical glass,SCHOTT-optical/N-SK16,1.62041,60.32,620603,,-0.0011,6.3e-06,243 343,standard,
16,SCHOTT P-SK57,,,,,,,,,,,,3.012,literature (manufacturer datasheet),,,,,,,specs,SCHOTT-optical,320.0,2500.0,P-SK57,,1.5849122323964306,6.053812500000001e-09,,,,,density 3.012 g/cm3 stated by the manufacturer's datasheet (P-SK57); formula NULL: a catalog optical glass (composition proprietary); no x-ray / neutron SLD,,,,,,SCHOTT Zemax catalog 2017-01-20b (obtained from http://www.schott.com)See also SCHOTT glass data sheets,,,2017.0,optical glass,SCHOTT-optical/P-SK57,1.587,59.6,587596,,-0.0024,7.23e-06,243 343,standard,suitable for precision molding
17,SCHOTT P-SK57Q1,,,,,,,,,,,,3.012,literature (manufacturer datasheet),,,,,,,specs,SCHOTT-optical,310.0,2500.0,P-SK57Q1,,1.583912655482438,6.0538125e-09,,,,,density 3.012 g/cm3 stated by the manufacturer's datasheet (P-SK57Q1); formula NULL: a catalog optical glass (composition proprietary); no x-ray / neutron SLD,,,,,,SCHOTT Zemax catalog 2017-01-20b (obtained from http://www.schott.com)See also SCHOTT glass data sheets,,,2017.0,optical glass,SCHOTT-optical/P-SK57Q1,1.586,59.5,586595,,-0.0024,7.23e-06,243 343,standard,suitable for precision molding
18,SCHOTT P-SK58A,,,,,,,,,,,,2.971,literature (manufacturer datasheet),,,,,,,specs,SCHOTT-optical,320.0,2500.0,P-SK58A,,1.5870827238134713,2.297755e-08,,,,,density 2.971 g/cm3 stated by the manufacturer's datasheet (P-SK58A); formula NULL: a catalog optical glass (composition proprietary); no x-ray / neutron SLD,,,,,,SCHOTT Zemax catalog 2017-01-20b (obtained from http://www.schott.com)See also SCHOTT glass data sheets,,,2017.0,optical glass,SCHOTT-optical/P-SK58A,1.58913,61.15,589612,,-0.0023,6.82e-06,243 343,standard,suitable for precision molding
19,SCHOTT P-SK60,,,,,,,,,,,,3.075,literature (manufacturer datasheet),,,,,,,specs,SCHOTT-optical,300.0,2500.0,P-SK60,,1.6081181085865353,8.0757475e-09,,,,,density 3.075 g/cm3 stated by the manufacturer's datasheet (P-SK60); formula NULL: a catalog optical glass (composition proprietary); no x-ray / neutron SLD,,,,,,SCHOTT Zemax catalog 2017-01-20b (obtained from http://www.schott.com)See also SCHOTT glass data sheets,,,2017.0,optical glass,SCHOTT-optical/P-SK60,1.61035,57.9,610579,,-0.0037,7.06e-06,243 343,standard,suitable for precision molding
20,SCHOTT N-SSK2,,,,,,,,,,,,3.525,literature (manufacturer datasheet),,,,,,,specs,SCHOTT-optical,350.0,2500.0,N-SSK2,,1.6198423826021007,1.3466499999999999e-08,,,,,density 3.525 g/cm3 stated by the manufacturer's datasheet (N-SSK2); formula NULL: a catalog optical glass (composition proprietary); no x-ray / neutron SLD,,,,,,SCHOTT Zemax catalog 2017-01-20b (obtained from http://www.schott.com)See also SCHOTT glass data sheets,,,2017.0,optical glass,SCHOTT-optical/N-SSK2,1.62229,53.27,622533,,-0.0016,5.81e-06,243 343,standard,
21,SCHOTT N-SSK5,,,,,,,,,,,,3.71,literature (manufacturer datasheet),,,,,,,specs,SCHOTT-optical,350.0,2500.0,N-SSK5,,1.6557342932349115,1.618415e-08,,,,,density 3.71 g/cm3 stated by the manufacturer's datasheet (N-SSK5); formula NULL: a catalog optical glass (composition proprietary); no x-ray / neutron SLD,,,,,,SCHOTT Zemax catalog 2017-01-20b (obtained from http://www.schott.com)See also SCHOTT glass data sheets,,,2017.0,optical glass,SCHOTT-optical/N-SSK5,1.65844,50.88,658509,,-0.0007,6.8e-06,243 343,standard,
22,SCHOTT N-SSK8,,,,,,,,,,,,3.268,literature (manufacturer datasheet),,,,,,,specs,SCHOTT-optical,350.0,2500.0,N-SSK8,,1.6151395813350917,1.9561349999999998e-08,,,,,density 3.268 g/cm3 stated by the manufacturer's datasheet (N-SSK8); formula NULL: a catalog optical glass (composition proprietary); no x-ray / neutron SLD,,,,,,SCHOTT Zemax catalog 2017-01-20b (obtained from http://www.schott.com)See also SCHOTT glass data sheets,,,2017.0,optical glass,SCHOTT-optical/N-SSK8,1.61773,49.83,618498,,0.0002,7.21e-06,243 343,standard,
23,SCHOTT BK7G18,,,,,,,,,,,,2.52,literature (manufacturer datasheet),,,,,,,specs,SCHOTT-optical,380.0,2500.0,BK7G18,,1.518009019870943,2.9729575e-08,,,,,density 2.52 g/cm3 stated by the manufacturer's datasheet (BK7G18); formula NULL: a catalog optical glass (composition proprietary); no x-ray / neutron SLD,,,,,,SCHOTT Zemax catalog 2017-01-20b (obtained from http://www.schott.com)See also SCHOTT glass data sheets,,,2017.0,optical glass,SCHOTT-optical/BK7G18,1.51975,63.58,520636,,0.0007,7e-06,243 343,special,inquiry glass
24,SCHOTT N-BK7HT,,,,,,,,,,,,2.51,literature (manufacturer datasheet),,,,,,,specs,SCHOTT-optical,300.0,2500.0,N-BK7HT,,1.5150823520020043,6.053812500000001e-09,,,,,density 2.51 g/cm3 stated by the manufacturer's datasheet (N-BK7HT); formula NULL: a catalog optical glass (composition proprietary); no x-ray / neutron SLD,,,,,,SCHOTT Zemax catalog 2017-01-20b (obtained from http://www.schott.com)See also SCHOTT glass data sheets,,,2017.0,optical glass,SCHOTT-optical/N-BK7HT,1.5168,64.17,517642,,-0.0009,7.1e-06,243 343,standard,step 0.5 available
25,SCHOTT N-BK7HTi,,,,,,,,,,,,2.51,literature (manufacturer datasheet),,,,,,,specs,SCHOTT-optical,300.0,2500.0,N-BK7HTi,,1.5150823520020043,6.053812500000001e-09,,,,,density 2.51 g/cm3 stated by the manufacturer's datasheet (N-BK7HTi); formula NULL: a catalog optical glass (composition proprietary); no x-ray / neutron SLD,,,,,,SCHOTT Zemax catalog 2017-01-20b (obtained from http://www.schott.com)See also SCHOTT glass data sheets,,,2017.0,optical glass,SCHOTT-optical/N-BK7HTi,1.5168,64.17,517642,,-0.0009,7.1e-06,243 343,standard,i-line glass
26,SCHOTT N-BK10,,,,,,,,,,,,2.39,literature (manufacturer datasheet),,,,,,,specs,SCHOTT-optical,290.0,2500.0,N-BK10,,1.4962283846195508,1.5496449999999996e-08,,,,,density 2.39 g/cm3 stated by the manufacturer's datasheet (N-BK10); formula NULL: a catalog optical glass (composition proprietary); no x-ray / neutron SLD,,,,,,SCHOTT Zemax catalog 2017-01-20b (obtained from http://www.schott.com)See also SCHOTT glass data sheets,,,2017.0,optical glass,SCHOTT-optical/N-BK10,1.49782,66.95,498670,,-0.0008,5.8e-06,243 343,standard,
27,SCHOTT P-BK7,,,,,,,,,,,,2.433,literature (manufacturer datasheet),,,,,,,specs,SCHOTT-optical,310.0,2500.0,P-BK7,,1.5146784227211145,6.0538125e-09,,,,,density 2.433 g/cm3 stated by the manufacturer's datasheet (P-BK7); formula NULL: a catalog optical glass (composition proprietary); no x-ray / neutron SLD,,,,,,SCHOTT Zemax catalog 2017-01-20b (obtained from http://www.schott.com)See also SCHOTT glass data sheets,,,2017.0,optical glass,SCHOTT-optical/P-BK7,1.5164,64.06,516641,,-0.0025,5.99e-06,243 343,standard,suitable for precision molding
28,SCHOTT N-BAK1,,,,,,,,,,,,3.19,literature (manufacturer datasheet),,,,,,,specs,SCHOTT-optical,300.0,2500.0,N-BAK1,,1.5704045782414746,1.0099945e-08,,,,,density 3.19 g/cm3 stated by the manufacturer's datasheet (N-BAK1); formula NULL: a catalog optical glass (composition proprietary); no x-ray / neutron SLD,,,,,,SCHOTT Zemax catalog 2017-01-20b (obtained from http://www.schott.com)See also SCHOTT glass data sheets,,,2017.0,optical glass,SCHOTT-optical/N-BAK1,1.5725,57.55,573576,572576,0.0002,7.6e-06,243 343,standard,
29,SCHOTT N-BAK2,,,,,,,,,,,,2.86,literature (manufacturer datasheet),,,,,,,specs,SCHOTT-optical,300.0,2500.0,N-BAK2,,1.5380486989231372,1.143955e-08,,,,,density 2.86 g/cm3 stated by the manufacturer's datasheet (N-BAK2); formula NULL: a catalog optical glass (composition proprietary); no x-ray / neutron SLD,,,,,,SCHOTT Zemax catalog 2017-01-20b (obtained from http://www.schott.com)See also SCHOTT glass data sheets,,,2017.0,optical glass,SCHOTT-optical/N-BAK2,1.53996,59.71,540597,,0.0004,8e-06,243 343,standard,
30,SCHOTT N-BAK4,,,,,,,,,,,,3.046,literature (manufacturer datasheet),,,,,,,specs,SCHOTT-optical,334.0,2500.0,N-BAK4,,1.5666874298001041,1.0099945e-08,,,,,density 3.046 g/cm3 stated by the manufacturer's datasheet (N-BAK4); formula NULL: a catalog optical glass (composition proprietary); no x-ray / neutron SLD,,,,,,SCHOTT Zemax catalog 2017-01-20b (obtained from http://www.schott.com)See also SCHOTT glass data sheets,,,2017.0,optical glass,SCHOTT-optical/N-BAK4,1.56883,55.98,569560,,-0.001,6.99e-06,243 343,standard,
31,SCHOTT N-BAK4HT,,,,,,,,,,,,3.046,literature (manufacturer datasheet),,,,,,,specs,SCHOTT-optical,334.0,2500.0,N-BAK4HT,,1.5666874298001041,8.0757475e-09,,,,,density 3.046 g/cm3 stated by the manufacturer's datasheet (N-BAK4HT); formula NULL: a catalog optical glass (composition proprietary); no x-ray / neutron SLD,,,,,,SCHOTT Zemax catalog 2017-01-20b (obtained from http://www.schott.com)See also SCHOTT glass data sheets,,,2017.0,optical glass,SCHOTT-optical/N-BAK4HT,1.56883,55.98,569560,,-0.001,6.99e-06,243 343,standard,
32,SCHOTT FK3,,,,,,,,,,,,2.27,literature (manufacturer datasheet),,,,,,,specs,SCHOTT-optical,300.0,2500.0,FK3,,1.4629911853516855,1.4153875e-08,,,,,density 2.27 g/cm3 stated by the manufacturer's datasheet (FK3); formula NULL: a catalog optical glass (composition proprietary); no x-ray / neutron SLD,,,,,,SCHOTT Zemax catalog 2017-01-20b (obtained from http://www.schott.com)See also SCHOTT glass data sheets,,,2017.0,optical glass,SCHOTT-optical/FK3,1.4645,65.77,464658,,-0.0003,8.2e-06,243 343,special,inquiry glass
33,SCHOTT FK5HTi,,,,,,,,,,,,2.45,literature (manufacturer datasheet),,,,,,,specs,SCHOTT-optical,250.0,2500.0,FK5HTi,,1.4859962706752219,1.143955e-08,,,,,density 2.45 g/cm3 stated by the manufacturer's datasheet (FK5HTi); formula NULL: a catalog optical glass (composition proprietary); no x-ray / neutron SLD,,,,,,SCHOTT Zemax catalog 2017-01-20b (obtained from http://www.schott.com)See also SCHOTT glass data sheets,,,2017.0,optical glass,SCHOTT-optical/FK5HTi,1.48748,70.47,487705,,0.0036,9.2e-06,243 343,standard,i-line glass
34,SCHOTT N-FK5,,,,,,,,,,,,2.45,literature (manufacturer datasheet),,,,,,,specs,SCHOTT-optical,260.0,2500.0,N-FK5,,1.4860051326957413,1.9561349999999998e-08,,,,,density 2.45 g/cm3 stated by the manufacturer's datasheet (N-FK5); formula NULL: a catalog optical glass (composition proprietary); no x-ray / neutron SLD,,,,,,SCHOTT Zemax catalog 2017-01-20b (obtained from http://www.schott.com)See also SCHOTT glass data sheets,,,2017.0,optical glass,SCHOTT-optical/N-FK5,1.48749,70.41,487704,,0.0036,9.2e-06,243 343,standard,suitable for precision molding. step 0.5 available
35,SCHOTT N-FK51,,,,,,,,,,,,3.66,literature (manufacturer datasheet),,,,,,,specs,SCHOTT-optical,290.0,2500.0,N-FK51,,1.4853365902360207,8.7617575e-09,,,,,density 3.66 g/cm3 stated by the manufacturer's datasheet (N-FK51); formula NULL: a catalog optical glass (composition proprietary); no x-ray / neutron SLD,,,,,,SCHOTT Zemax catalog 2017-01-20b (obtained from http://www.schott.com)See also SCHOTT glass data sheets,,,2017.0,optical glass,SCHOTT-optical/N-FK51,1.48656,84.47,487845,,0.0342,1.33e-05,243 343,preferred,was replaced by N-FK51A
36,SCHOTT N-FK51A,,,,,,,,,,,,3.675,literature (manufacturer datasheet),,,,,,,specs,SCHOTT-optical,290.0,2500.0,N-FK51A,,1.4853365902360207,8.7617575e-09,,,,,density 3.675 g/cm3 stated by the manufacturer's datasheet (N-FK51A); formula NULL: a catalog optical glass (composition proprietary); no x-ray / neutron SLD,,,,,,SCHOTT Zemax catalog 2017-01-20b (obtained from http://www.schott.com)See also SCHOTT glass data sheets,,,2017.0,optical glass,SCHOTT-optical/N-FK51A,1.48656,84.47,487845,,0.0342,1.274e-05,243 343,standard,suitable for precision molding. step 0.5 available
37,SCHOTT N-FK58,,,,,,,,,,,,3.646,literature (manufacturer datasheet),,,,,,,specs,SCHOTT-optical,260.0,2500.0,N-FK58,,1.454932972325777,1.2813325e-08,,,,,density 3.646 g/cm3 stated by the manufacturer's datasheet (N-FK58); formula NULL: a catalog optical glass (composition proprietary); no x-ray / neutron SLD,,,,,,SCHOTT Zemax catalog 2017-01-20b (obtained from http://www.schott.com)See also SCHOTT glass data sheets,,,2017.0,optical glass,SCHOTT-optical/N-FK58,1.456,90.9,456909,,0.0438,1.367e-05,243 343,standard,XLD glass
38,SCHOTT LAK9G15,,,,,,,,,,,,3.525,literature (manufacturer datasheet),,,,,,,specs,SCHOTT-optical,380.0,2500.0,LAK9G15,,1.687972039529765,4.203585e-08,,,,,density 3.525 g/cm3 stated by the manufacturer's datasheet (LAK9G15); formula NULL: a catalog optical glass (composition proprietary); no x-ray / neutron SLD,,,,,,SCHOTT Zemax catalog 2017-01-20b (obtained from http://www.schott.com)See also SCHOTT glass data sheets,,,2017.0,optical glass,SCHOTT-optical/LAK9G15,1.69064,54.76,691548,,-0.0055,6.34e-06,243 343,special,inquiry glass
39,SCHOTT LAKL12,,,,,,,,,,,,3.32,literature (manufacturer datasheet),,,,,,,specs,SCHOTT-optical,320.0,2500.0,LAKL12,,1.6752935976904466,1.549645e-08,,,,,density 3.32 g/cm3 stated by the manufacturer's datasheet (LAKL12); formula NULL: a catalog optical glass (composition proprietary); no x-ray / neutron SLD,,,,,,SCHOTT Zemax catalog 2017-01-20b (obtained from http://www.schott.com)See also SCHOTT glass data sheets,,,2017.0,optical glass,SCHOTT-optical/LAKL12,1.6779,54.92,678549,,-0.0062,6.8e-06,243 343,preferred,was replaced by N-LAK12
40,SCHOTT N-LAK7,,,,,,,,,,,,3.84,literature (manufacturer datasheet),,,,,,,specs,SCHOTT-optical,290.0,2500.0,N-LAK7,,1.6492447606599618,9.413935000000002e-09,,,,,density 3.84 g/cm3 stated by the manufacturer's datasheet (N-LAK7); formula NULL: a catalog optical glass (composition proprietary); no x-ray / neutron SLD,,,,,,SCHOTT Zemax catalog 2017-01-20b (obtained from http://www.schott.com)See also SCHOTT glass data sheets,,,2017.0,optical glass,SCHOTT-optical/N-LAK7,1.6516,58.52,652585,,-0.0021,7.1e-06,243 343,standard,
41,SCHOTT N-LAK8,,,,,,,,,,,,3.749,literature (manufacturer datasheet),,,,,,,specs,SCHOTT-optical,310.0,2500.0,N-LAK8,,1.710204143250574,1.143955e-08,,,,,density 3.749 g/cm3 stated by the manufacturer's datasheet (N-LAK8); formula NULL: a catalog optical glass (composition proprietary); no x-ray / neutron SLD,,,,,,SCHOTT Zemax catalog 2017-01-20b (obtained from http://www.schott.com)See also SCHOTT glass data sheets,,,2017.0,optical glass,SCHOTT-optical/N-LAK8,1.713,53.83,713538,,-0.0083,5.6e-06,243 343,standard,
42,SCHOTT N-LAK9,,,,,,,,,,,,3.51,literature (manufacturer datasheet),,,,,,,specs,SCHOTT-optical,300.0,2500.0,N-LAK9,,1.6883323057388344,1.0099945e-08,,,,,density 3.51 g/cm3 stated by the manufacturer's datasheet (N-LAK9); formula NULL: a catalog optical glass (composition proprietary); no x-ray / neutron SLD,,,,,,SCHOTT Zemax catalog 2017-01-20b (obtained from http://www.schott.com)See also SCHOTT glass data sheets,,,2017.0,optical glass,SCHOTT-optical/N-LAK9,1.691,54.71,691547,,-0.0071,6.3e-06,243 343,standard,step 0.5 available
43,SCHOTT N-LAK10,,,,,,,,,,,,3.689,literature (manufacturer datasheet),,,,,,,specs,SCHOTT-optical,350.0,2500.0,N-LAK10,,1.7170363403866609,1.212595e-08,,,,,density 3.689 g/cm3 stated by the manufacturer's datasheet (N-LAK10); formula NULL: a catalog optical glass (composition proprietary); no x-ray / neutron SLD,,,,,,SCHOTT Zemax catalog 2017-01-20b (obtained from http://www.schott.com)See also SCHOTT glass data sheets,,,2017.0,optical glass,SCHOTT-optical/N-LAK10,1.72003,50.62,720506,,-0.0072,5.68e-06,243 343,standard,
44,SCHOTT N-LAK12,,,,,,,,,,,,4.1,literature (manufacturer datasheet),,,,,,,specs,SCHOTT-optical,320.0,2500.0,N-LAK12,,1.6753166398166073,2.3633900000000003e-08,,,,,density 4.1 g/cm3 stated by the manufacturer's datasheet (N-LAK12); formula NULL: a catalog optical glass (composition proprietary); no x-ray / neutron SLD,,,,,,SCHOTT Zemax catalog 2017-01-20b (obtained from http://www.schott.com)See also SCHOTT glass data sheets,,,2017.0,optical glass,SCHOTT-optical/N-LAK12,1.6779,55.2,678552,,-0.0024,7.6e-06,243 343,standard,
45,SCHOTT N-LAK14,,,,,,,,,,,,3.63,literature (manufacturer datasheet),,,,,,,specs,SCHOTT-optical,310.0,2500.0,N-LAK14,,1.694137361413229,1.4809075e-08,,,,,density 3.63 g/cm3 stated by the manufacturer's datasheet (N-LAK14); formula NULL: a catalog optical glass (composition proprietary); no x-ray / neutron SLD,,,,,,SCHOTT Zemax catalog 2017-01-20b (obtained from http://www.schott.com)See also SCHOTT glass data sheets,,,2017.0,optical glass,SCHOTT-optical/N-LAK14,1.6968,55.41,697554,,-0.0079,5.5e-06,243 343,standard,
46,SCHOTT N-LAK21,,,,,,,,,,,,3.74,literature (manufacturer datasheet),,,,,,,specs,SCHOTT-optical,320.0,2500.0,N-LAK21,,1.638236160707689,1.956135e-08,,,,,density 3.74 g/cm3 stated by the manufacturer's datasheet (N-LAK21); formula NULL: a catalog optical glass (composition proprietary); no x-ray / neutron SLD,,,,,,SCHOTT Zemax catalog 2017-01-20b (obtained from http://www.schott.com)See also SCHOTT glass data sheets,,,2017.0,optical glass,SCHOTT-optical/N-LAK21,1.64049,60.1,640601,,-0.0017,6.8e-06,243 343,standard,
47,SCHOTT N-LAK22,,,,,,,,,,,,3.768,literature (manufacturer datasheet),,,,,,,specs,SCHOTT-optical,310.0,2500.0,N-LAK22,,1.6486752418331154,1.75274e-08,,,,,density 3.768 g/cm3 stated by the manufacturer's datasheet (N-LAK22); formula NULL: a catalog optical glass (composition proprietary); no x-ray / neutron SLD,,,,,,SCHOTT Zemax catalog 2017-01-20b (obtained from http://www.schott.com)See also SCHOTT glass data sheets,,,2017.0,optical glass,SCHOTT-optical/N-LAK22,1.65113,55.89,651559,,-0.0031,6.6e-06,243 343,standard,
48,SCHOTT N-LAK33A,,,,,,,,,,,,4.216,literature (manufacturer datasheet),,,,,,,specs,SCHOTT-optical,320.0,2500.0,N-LAK33A,,1.7508898108179412,1.143955e-08,,,,,density 4.216 g/cm3 stated by the manufacturer's datasheet (N-LAK33A); formula NULL: a catalog optical glass (composition proprietary); no x-ray / neutron SLD,,,,,,SCHOTT Zemax catalog 2017-01-20b (obtained from http://www.schott.com)See also SCHOTT glass data sheets,,,2017.0,optical glass,SCHOTT-optical/N-LAK33A,1.75393,52.27,754523,,-0.0086,5.8e-06,243 343,special,inquiry glass
49,SCHOTT N-LAK33B,,,,,,,,,,,,4.221,literature (manufacturer datasheet),,,,,,,specs,SCHOTT-optical,300.0,2500.0,N-LAK33B,,1.7519573644821562,1.34665e-08,,,,,density 4.221 g/cm3 stated by the manufacturer's datasheet (N-LAK33B); formula NULL: a catalog optical glass (composition proprietary); no x-ray / neutron SLD,,,,,,SCHOTT Zemax catalog 2017-01-20b (obtained from http://www.schott.com)See also SCHOTT glass data sheets,,,2017.0,optical glass,SCHOTT-optical/N-LAK33B,1.755,52.3,755523,,-0.0085,5.83e-06,243 343,standard,
50,SCHOTT N-LAK34,,,,,,,,,,,,4.019,literature (manufacturer datasheet),,,,,,,specs,SCHOTT-optical,290.0,2500.0,N-LAK34,,1.72633224998669,7.3905825e-09,,,,,density 4.019 g/cm3 stated by the manufacturer's datasheet (N-LAK34); formula NULL: a catalog optical glass (composition proprietary); no x-ray / neutron SLD,,,,,,SCHOTT Zemax catalog 2017-01-20b (obtained from http://www.schott.com)See also SCHOTT glass data sheets,,,2017.0,optical glass,SCHOTT-optical/N-LAK34,1.72916,54.5,729545,,-0.0079,5.81e-06,243 343,standard,
51,SCHOTT P-LAK35,,,,,,,,,,,,3.848,literature (manufacturer datasheet),,,,,,,specs,SCHOTT-optical,300.0,2500.0,P-LAK35,,1.6907552590377775,1.618415e-08,,,,,density 3.848 g/cm3 stated by the manufacturer's datasheet (P-LAK35); formula NULL: a catalog optical glass (composition proprietary); no x-ray / neutron SLD,,,,,,SCHOTT Zemax catalog 2017-01-20b (obtained from http://www.schott.com)See also SCHOTT glass data sheets,,,2017.0,optical glass,SCHOTT-optical/P-LAK35,1.6935,53.2,693532,694532,-0.0061,8.13e-06,243 343,standard,suitable for precision molding
52,SCHOTT N-PK51,,,,,,,,,,,,3.855,literature (manufacturer datasheet),,,,,,,specs,SCHOTT-optical,300.0,2500.0,N-PK51,,1.5271008476917391,1.6872825e-08,,,,,density 3.855 g/cm3 stated by the manufacturer's datasheet (N-PK51); formula NULL: a catalog optical glass (composition proprietary); no x-ray / neutron SLD,,,,,,SCHOTT Zemax catalog 2017-01-20b (obtained from http://www.schott.com)See also SCHOTT glass data sheets,,,2017.0,optical glass,SCHOTT-optical/N-PK51,1.52855,76.98,529770,,0.0258,1.235e-05,243 343,standard,suitable for precision molding. step 0.5 available
53,SCHOTT N-PK52A,,,,,,,,,,,,3.7,literature (manufacturer datasheet),,,,,,,specs,SCHOTT-optical,290.0,2500.0,N-PK52A,,1.49570788594985,1.147372e-08,,,,,density 3.7 g/cm3 stated by the manufacturer's datasheet (N-PK52A); formula NULL: a catalog optical glass (composition proprietary); no x-ray / neutron SLD,,,,,,SCHOTT Zemax catalog 2017-01-20b (obtained from http://www.schott.com)See also SCHOTT glass data sheets,,,2017.0,optical glass,SCHOTT-optical/N-PK52A,1.497,81.61,497816,,0.0311,1.301e-05,243 343,standard,suitable for precision molding
54,SCHOTT P-PK53,,,,,,,,,,,,2.827,literature (manufacturer datasheet),,,,,,,specs,SCHOTT-optical,320.0,2500.0,P-PK53,,1.525214441076831,1.3501025e-08,,,,,density 2.827 g/cm3 stated by the manufacturer's datasheet (P-PK53); formula NULL: a catalog optical glass (composition proprietary); no x-ray / neutron SLD,,,,,,SCHOTT Zemax catalog 2017-01-20b (obtained from http://www.schott.com)See also SCHOTT glass data sheets,,,2017.0,optical glass,SCHOTT-optical/P-PK53,1.5269,66.22,527662,,0.0084,1.331e-05,243 343,special,inquiry glass. suitable for precision molding
55,SCHOTT N-PSK3,,,,,,,,,,,,2.91,literature (manufacturer datasheet),,,,,,,specs,SCHOTT-optical,300.0,2500.0,N-PSK3,,1.5504691834582756,1.549645e-08,,,,,density 2.91 g/cm3 stated by the manufacturer's datasheet (N-PSK3); formula NULL: a catalog optical glass (composition proprietary); no x-ray / neutron SLD,,,,,,SCHOTT Zemax catalog 2017-01-20b (obtained from http://www.schott.com)See also SCHOTT glass data sheets,,,2017.0,optical glass,SCHOTT-optical/N-PSK3,1.55232,63.46,552635,,-0.0005,6.2e-06,243 343,standard,
56,SCHOTT N-PSK53,,,,,,,,,,,,3.6,literature (manufacturer datasheet),,,,,,,specs,SCHOTT-optical,310.0,2500.0,N-PSK53,,1.6180746828523793,1.549645e-08,,,,,density 3.6 g/cm3 stated by the manufacturer's datasheet (N-PSK53); formula NULL: a catalog optical glass (composition proprietary); no x-ray / neutron SLD,,,,,,SCHOTT Zemax catalog 2017-01-20b (obtained from http://www.schott.com)See also SCHOTT glass data sheets,,,2017.0,optical glass,SCHOTT-optical/N-PSK53,1.62014,63.48,620635,,0.0053,9.4e-06,243 343,special,inquiry glass
57,SCHOTT N-PSK53A,,,,,,,,,,,,3.568,literature (manufacturer datasheet),,,,,,,specs,SCHOTT-optical,320.0,2500.0,N-PSK53A,,1.615938069105701,1.549645e-08,,,,,density 3.568 g/cm3 stated by the manufacturer's datasheet (N-PSK53A); formula NULL: a catalog optical glass (composition proprietary); no x-ray / neutron SLD,,,,,,SCHOTT Zemax catalog 2017-01-20b (obtained from http://www.schott.com)See also SCHOTT glass data sheets,,,2017.0,optical glass,SCHOTT-optical/N-PSK53A,1.618,63.39,618634,,0.0052,9.56e-06,243 343,standard,step 0.5 available
58,SCHOTT F2,,,,,,,,,,,,3.599,literature (manufacturer datasheet),,,,,,,specs,SCHOTT-optical,320.0,2500.0,F2,,1.616541358204928,4.718325e-09,,,,,density 3.599 g/cm3 stated by the manufacturer's datasheet (F2); formula NULL: a catalog optical glass (composition proprietary); no x-ray / neutron SLD,,,,,,SCHOTT Zemax catalog 2017-01-20b (obtained from http://www.schott.com)See also SCHOTT glass data sheets,,,2017.0,optical glass,SCHOTT-optical/F2,1.62004,36.37,620364,,0.0002,8.2e-06,243 343,standard,lead containing glass type
59,SCHOTT F2G12,,,,,,,,,,,,3.601,literature (manufacturer datasheet),,,,,,,specs,SCHOTT-optical,390.0,2500.0,F2G12,,1.6172376368876873,3.9285000000000004e-08,,,,,density 3.601 g/cm3 stated by the manufacturer's datasheet (F2G12); formula NULL: a catalog optical glass (composition proprietary); no x-ray / neutron SLD,,,,,,SCHOTT Zemax catalog 2017-01-20b (obtained from http://www.schott.com)See also SCHOTT glass data sheets,,,2017.0,optical glass,SCHOTT-optical/F2G12,1.62072,36.56,621366,,0.0008,8.08e-06,243 343,special,inquiry glass
60,SCHOTT F2HT,,,,,,,,,,,,3.599,literature (manufacturer datasheet),,,,,,,specs,SCHOTT-optical,320.0,2500.0,F2HT,,1.616541358204928,4.718325e-09,,,,,density 3.599 g/cm3 stated by the manufacturer's datasheet (F2HT); formula NULL: a catalog optical glass (composition proprietary); no x-ray / neutron SLD,,,,,,SCHOTT Zemax catalog 2017-01-20b (obtained from http://www.schott.com)See also SCHOTT glass data sheets,,,2017.0,optical glass,SCHOTT-optical/F2HT,1.62004,36.37,620364,,0.0002,8.2e-06,243 343,standard,lead containing glass type
61,SCHOTT F5,,,,,,,,,,,,3.47,literature (manufacturer datasheet),,,,,,,specs,SCHOTT-optical,320.0,2500.0,F5,,1.6001559808256671,9.413935e-09,,,,,density 3.47 g/cm3 stated by the manufacturer's datasheet (F5); formula NULL: a catalog optical glass (composition proprietary); no x-ray / neutron SLD,,,,,,SCHOTT Zemax catalog 2017-01-20b (obtained from http://www.schott.com)See also SCHOTT glass data sheets,,,2017.0,optical glass,SCHOTT-optical/F5,1.60342,38.03,603380,,-0.0003,8e-06,243 343,standard,lead containing glass type
62,SCHOTT N-F2,,,,,,,,,,,,2.651,literature (manufacturer datasheet),,,,,,,specs,SCHOTT-optical,365.0,2500.0,N-F2,,1.6165648887201012,1.8905399999999998e-08,,,,,density 2.651 g/cm3 stated by the manufacturer's datasheet (N-F2); formula NULL: a catalog optical glass (composition proprietary); no x-ray / neutron SLD,,,,,,SCHOTT Zemax catalog 2017-01-20b (obtained from http://www.schott.com)See also SCHOTT glass data sheets,,,2017.0,optical glass,SCHOTT-optical/N-F2,1.62005,36.43,620364,,0.0056,7.84e-06,243 343,standard,
63,SCHOTT LF5,,,,,,,,,,,,3.22,literature (manufacturer datasheet),,,,,,,specs,SCHOTT-optical,320.0,2325.0,LF5,,1.5785019199049233,4.0338425e-09,,,,,density 3.22 g/cm3 stated by the manufacturer's datasheet (LF5); formula NULL: a catalog optical glass (composition proprietary); no x-ray / neutron SLD,,,,,,SCHOTT Zemax catalog 2017-01-20b (obtained from http://www.schott.com)See also SCHOTT glass data sheets,,,2017.0,optical glass,SCHOTT-optical/LF5,1.58144,40.85,581409,581408,-0.0003,9.1e-06,243 343,standard,lead containing glass type
64,SCHOTT LF5G15,,,,,,,,,,,,3.221,literature (manufacturer datasheet),,,,,,,specs,SCHOTT-optical,380.0,2500.0,LF5G15,,1.5810191741077608,2.4983225000000002e-08,,,,,density 3.221 g/cm3 stated by the manufacturer's datasheet (LF5G15); formula NULL: a catalog optical glass (composition proprietary); no x-ray / neutron SLD,,,,,,SCHOTT Zemax catalog 2017-01-20b (obtained from http://www.schott.com)See also SCHOTT glass data sheets,,,2017.0,optical glass,SCHOTT-optical/LF5G15,1.58397,40.83,584408,,0.0008,9.3e-06,243 343,special,inquiry glass
65,SCHOTT LF5G19,,,,,,,,,,,,3.3,literature (manufacturer datasheet),,,,,,,specs,SCHOTT-optical,400.0,2500.0,LF5G19,,1.5934741163886093,3.17749e-08,,,,,density 3.3 g/cm3 stated by the manufacturer's datasheet (LF5G19); formula NULL: a catalog optical glass (composition proprietary); no x-ray / neutron SLD,,,,,,SCHOTT Zemax catalog 2017-01-20b (obtained from http://www.schott.com)See also SCHOTT glass data sheets,,,2017.0,optical glass,SCHOTT-optical/LF5G19,1.59655,39.89,597399,,0.0036,1.065e-05,243 343,special,inquiry glass
66,SCHOTT LF5HTi,,,,,,,,,,,,3.22,literature (manufacturer datasheet),,,,,,,specs,SCHOTT-optical,310.0,2500.0,LF5HTi,,1.5785066822041147,2.0159050000000004e-09,,,,,density 3.22 g/cm3 stated by the manufacturer's datasheet (LF5HTi); formula NULL: a catalog optical glass (composition proprietary); no x-ray / neutron SLD,,,,,,SCHOTT Zemax catalog 2017-01-20b (obtained from http://www.schott.com)See also SCHOTT glass data sheets,,,2017.0,optical glass,SCHOTT-optical/LF5HTi,1.58144,40.89,581409,,-0.0004,9.1e-06,243 343,standard,i-line glass
67,SCHOTT LLF1,,,,,,,,,,,,2.94,literature (manufacturer datasheet),,,,,,,specs,SCHOTT-optical,310.0,2500.0,LLF1,,1.5456492285221524,8.075747500000001e-09,,,,,density 2.94 g/cm3 stated by the manufacturer's datasheet (LLF1); formula NULL: a catalog optical glass (composition proprietary); no x-ray / neutron SLD,,,,,,SCHOTT Zemax catalog 2017-01-20b (obtained from http://www.schott.com)See also SCHOTT glass data sheets,,,2017.0,optical glass,SCHOTT-optical/LLF1,1.54814,45.75,548458,,-0.0009,8.1e-06,243 343,standard,lead containing glass type
68,SCHOTT LLF1HTi,,,,,,,,,,,,2.94,literature (manufacturer datasheet),,,,,,,specs,SCHOTT-optical,300.0,2500.0,LLF1HTi,,1.5456663355828975,3.13209e-09,,,,,density 2.94 g/cm3 stated by the manufacturer's datasheet (LLF1HTi); formula NULL: a catalog optical glass (composition proprietary); no x-ray / neutron SLD,,,,,,SCHOTT Zemax catalog 2017-01-20b (obtained from http://www.schott.com)See also SCHOTT glass data sheets,,,2017.0,optical glass,SCHOTT-optical/LLF1HTi,1.54815,45.9,548459,,-0.001,8.1e-06,243 343,standard,i-line glass
69,SCHOTT SF1,,,,,,,,,,,,4.46,literature (manufacturer datasheet),,,,,,,specs,SCHOTT-optical,350.0,2500.0,SF1,,1.7124276073898919,1.0099945e-08,,,,,density 4.46 g/cm3 stated by the manufacturer's datasheet (SF1); formula NULL: a catalog optical glass (composition proprietary); no x-ray / neutron SLD,,,,,,SCHOTT Zemax catalog 2017-01-20b (obtained from http://www.schott.com)See also SCHOTT glass data sheets,,,2017.0,optical glass,SCHOTT-optical/SF1,1.71736,29.51,717295,,0.0042,8.1e-06,243 343,standard,lead containing glass type
70,SCHOTT SF2,,,,,,,,,,,,3.86,literature (manufacturer datasheet),,,,,,,specs,SCHOTT-optical,350.0,2500.0,SF2,,1.6437790339244447,1.0786345e-08,,,,,density 3.86 g/cm3 stated by the manufacturer's datasheet (SF2); formula NULL: a catalog optical glass (composition proprietary); no x-ray / neutron SLD,,,,,,SCHOTT Zemax catalog 2017-01-20b (obtained from http://www.schott.com)See also SCHOTT glass data sheets,,,2017.0,optical glass,SCHOTT-optical/SF2,1.64769,33.85,648339,648338,0.0017,8.4e-06,243 343,standard,lead containing glass type. step 0.5 available
71,SCHOTT SF4,,,,,,,,,,,,4.79,literature (manufacturer datasheet),,,,,,,specs,SCHOTT-optical,365.0,2500.0,SF4,,1.749665769466224,1.0099945000000002e-08,,,,,density 4.79 g/cm3 stated by the manufacturer's datasheet (SF4); formula NULL: a catalog optical glass (composition proprietary); no x-ray / neutron SLD,,,,,,SCHOTT Zemax catalog 2017-01-20b (obtained from http://www.schott.com)See also SCHOTT glass data sheets,,,2017.0,optical glass,SCHOTT-optical/SF4,1.7552,27.58,755276,,0.0062,8e-06,243 343,standard,lead containing glass type
72,SCHOTT SF5,,,,,,,,,,,,4.07,literature (manufacturer datasheet),,,,,,,specs,SCHOTT-optical,350.0,2500.0,SF5,,1.668440158881279,1.0099945e-08,,,,,density 4.07 g/cm3 stated by the manufacturer's datasheet (SF5); formula NULL: a catalog optical glass (composition proprietary); no x-ray / neutron SLD,,,,,,SCHOTT Zemax catalog 2017-01-20b (obtained from http://www.schott.com)See also SCHOTT glass data sheets,,,2017.0,optical glass,SCHOTT-optical/SF5,1.6727,32.21,673322,,0.0023,8.2e-06,243 343,standard,lead containing glass type
73,SCHOTT SF6,,,,,,,,,,,,5.18,literature (manufacturer datasheet),,,,,,,specs,SCHOTT-optical,365.0,2500.0,SF6,,1.7988105160606642,9.2213e-09,,,,,density 5.18 g/cm3 stated by the manufacturer's datasheet (SF6); formula NULL: a catalog optical glass (composition proprietary); no x-ray / neutron SLD,,,,,,SCHOTT Zemax catalog 2017-01-20b (obtained from http://www.schott.com)See also SCHOTT glass data sheets,,,2017.0,optical glass,SCHOTT-optical/SF6,1.80518,25.43,805254,,0.0092,8.1e-06,243 343,standard,lead containing glass type
74,SCHOTT SF6G05,,,,,,,,,,,,5.2,literature (manufacturer datasheet),,,,,,,specs,SCHOTT-optical,460.0,2500.0,SF6G05,,1.802623825361592,1.3037175000000002e-07,,,,,density 5.2 g/cm3 stated by the manufacturer's datasheet (SF6G05); formula NULL: a catalog optical glass (composition proprietary); no x-ray / neutron SLD,,,,,,SCHOTT Zemax catalog 2017-01-20b (obtained from http://www.schott.com)See also SCHOTT glass data sheets,,,2017.0,optical glass,SCHOTT-optical/SF6G05,1.80906,25.28,809253,,0.108,7.8e-06,243 343,special,inquiry glass
75,SCHOTT SFL6,,,,,,,,,,,,3.37,literature (manufacturer datasheet),,,,,,,specs,SCHOTT-optical,370.0,2325.0,SFL6,,1.7988121267038133,3.1083625e-08,,,,,density 3.37 g/cm3 stated by the manufacturer's datasheet (SFL6); formula NULL: a catalog optical glass (composition proprietary); no x-ray / neutron SLD,,,,,,SCHOTT Zemax catalog 2017-01-20b (obtained from http://www.schott.com)See also SCHOTT glass data sheets,,,2017.0,optical glass,SCHOTT-optical/SFL6,1.80518,25.39,805254,,0.0148,9e-06,243 343,special,inquiry glass
76,SCHOTT SF10,,,,,,,,,,,,4.28,literature (manufacturer datasheet),,,,,,,specs,SCHOTT-optical,380.0,2500.0,SF10,,1.7230665403371042,1.4153875e-08,,,,,density 4.28 g/cm3 stated by the manufacturer's datasheet (SF10); formula NULL: a catalog optical glass (composition proprietary); no x-ray / neutron SLD,,,,,,SCHOTT Zemax catalog 2017-01-20b (obtained from http://www.schott.com)See also SCHOTT glass data sheets,,,2017.0,optical glass,SCHOTT-optical/SF10,1.72825,28.41,728284,,0.0085,7.5e-06,243 343,standard,lead containing glass type
77,SCHOTT SF11,,,,,,,,,,,,4.74,literature (manufacturer datasheet),,,,,,,specs,SCHOTT-optical,390.0,2500.0,SF11,,1.7785990448032765,1.8216075e-08,,,,,density 4.74 g/cm3 stated by the manufacturer's datasheet (SF11); formula NULL: a catalog optical glass (composition proprietary); no x-ray / neutron SLD,,,,,,SCHOTT Zemax catalog 2017-01-20b (obtained from http://www.schott.com)See also SCHOTT glass data sheets,,,2017.0,optical glass,SCHOTT-optical/SF11,1.78472,25.76,785258,,0.0142,6.1e-06,243 343,standard,lead containing
78,SCHOTT SF14,,,,,,,,,,,,4.54,literature (manufacturer datasheet),,,,,,,specs,SCHOTT-optical,390.0,2500.0,SF14,,1.7560416953282492,2.0250674999999996e-08,,,,,density 4.54 g/cm3 stated by the manufacturer's datasheet (SF14); formula NULL: a catalog optical glass (composition proprietary); no x-ray / neutron SLD,,,,,,SCHOTT Zemax catalog 2017-01-20b (obtained from http://www.schott.com)See also SCHOTT glass data sheets,,,2017.0,optical glass,SCHOTT-optical/SF14,1.76182,26.53,762265,,0.0134,6.6e-06,243 343,preferred,was replaced by N-SF14
79,SCHOTT SF15,,,,,,,,,,,,4.059,literature (manufacturer datasheet),,,,,,,specs,SCHOTT-optical,370.0,2500.0,SF15,,1.6942362187711288,1.2813325e-08,,,,,density 4.059 g/cm3 stated by the manufacturer's datasheet (SF15); formula NULL: a catalog optical glass (composition proprietary); no x-ray / neutron SLD,,,,,,SCHOTT Zemax catalog 2017-01-20b (obtained from http://www.schott.com)See also SCHOTT glass data sheets,,,2017.0,optical glass,SCHOTT-optical/SF15,1.69895,30.07,699301,,0.0066,7.9e-06,243 343,preferred,was replaced by N-SF15
80,SCHOTT SF56A,,,,,,,,,,,,4.92,literature (manufacturer datasheet),,,,,,,specs,SCHOTT-optical,370.0,2500.0,SF56A,,1.7786408443686574,1.2813325e-08,,,,,density 4.92 g/cm3 stated by the manufacturer's datasheet (SF56A); formula NULL: a catalog optical glass (composition proprietary); no x-ray / neutron SLD,,,,,,SCHOTT Zemax catalog 2017-01-20b (obtained from http://www.schott.com)See also SCHOTT glass data sheets,,,2017.0,optical glass,SCHOTT-optical/SF56A,1.7847,26.08,785261,,0.0098,7.9e-06,243 343,standard,lead containing glass type
81,SCHOTT SF57,,,,,,,,,,,,5.51,literature (manufacturer datasheet),,,,,,,specs,SCHOTT-optical,370.0,2500.0,SF57,,1.8395380486608464,1.212595e-08,,,,,density 5.51 g/cm3 stated by the manufacturer's datasheet (SF57); formula NULL: a catalog optical glass (composition proprietary); no x-ray / neutron SLD,,,,,,SCHOTT Zemax catalog 2017-01-20b (obtained from http://www.schott.com)See also SCHOTT glass data sheets,,,2017.0,optical glass,SCHOTT-optical/SF57,1.84666,23.83,847238,,0.0123,8.3e-06,243 343,standard,lead containing glass type. suitable for precision molding
82,SCHOTT SFL57,,,,,,,,,,,,3.55,literature (manufacturer datasheet),,,,,,,specs,SCHOTT-optical,390.0,2500.0,SFL57,,1.839489116665127,6.070367500000001e-08,,,,,density 3.55 g/cm3 stated by the manufacturer's datasheet (SFL57); formula NULL: a catalog optical glass (composition proprietary); no x-ray / neutron SLD,,,,,,SCHOTT Zemax catalog 2017-01-20b (obtained from http://www.schott.com)See also SCHOTT glass data sheets,,,2017.0,optical glass,SCHOTT-optical/SFL57,1.84666,23.62,847236,,0.0177,8.7e-06,243 343,special,inquiry glass
83,SCHOTT SF66,,,,,,,,,,,,6.025,literature (manufacturer datasheet),,,,,,,specs,SCHOTT-optical,390.0,2500.0,SF66,,1.9140645920237322,2.2286599999999998e-08,,,,,density 6.025 g/cm3 stated by the manufacturer's datasheet (SF66); formula NULL: a catalog optical glass (composition proprietary); no x-ray / neutron SLD,,,,,,SCHOTT Zemax catalog 2017-01-20b (obtained from http://www.schott.com)See also SCHOTT glass data sheets,,,2017.0,optical glass,SCHOTT-optical/SF66,1.92286,20.88,923209,,0.0197,9.01e-06,243 343,preferred,was replaced by N-SF66
84,SCHOTT SF57HTultra,,,,,,,,,,,,5.51,literature (manufacturer datasheet),,,,,,,specs,SCHOTT-optical,370.0,2500.0,SF57HTultra,,1.8395380486608464,6.0538125e-09,,,,,density 5.51 g/cm3 stated by the manufacturer's datasheet (SF57HTultra); formula NULL: a catalog optical glass (composition proprietary); no x-ray / neutron SLD,,,,,,SCHOTT Zemax catalog 2017-01-20b (obtained from http://www.schott.com)See also SCHOTT glass data sheets,,,2017.0,optical glass,SCHOTT-optical/SF57HTultra,1.84666,23.83,847238,,0.0123,8.3e-06,243 343,standard,lead containing glass type. suitable for precision molding. step 0.5 available
85,SCHOTT N-SF1,,,,,,,,,,,,3.025,literature (manufacturer datasheet),,,,,,,specs,SCHOTT-optical,370.0,2500.0,N-SF1,,1.7124535983522868,2.70577e-08,,,,,density 3.025 g/cm3 stated by the manufacturer's datasheet (N-SF1); formula NULL: a catalog optical glass (composition proprietary); no x-ray / neutron SLD,,,,,,SCHOTT Zemax catalog 2017-01-20b (obtained from http://www.schott.com)See also SCHOTT glass data sheets,,,2017.0,optical glass,SCHOTT-optical/N-SF1,1.71736,29.62,717296,,0.0097,9.13e-06,243 343,standard,
86,SCHOTT N-SF2,,,,,,,,,,,,2.718,literature (manufacturer datasheet),,,,,,,specs,SCHOTT-optical,365.0,2500.0,N-SF2,,1.6437836361434253,3.2499225e-08,,,,,density 2.718 g/cm3 stated by the manufacturer's datasheet (N-SF2); formula NULL: a catalog optical glass (composition proprietary); no x-ray / neutron SLD,,,,,,SCHOTT Zemax catalog 2017-01-20b (obtained from http://www.schott.com)See also SCHOTT glass data sheets,,,2017.0,optical glass,SCHOTT-optical/N-SF2,1.64769,33.82,648338,,0.0081,6.68e-06,243 343,standard,
87,SCHOTT N-SF4,,,,,,,,,,,,3.145,literature (manufacturer datasheet),,,,,,,specs,SCHOTT-optical,365.0,2500.0,N-SF4,,1.7495670011850384,4.346125e-08,,,,,density 3.145 g/cm3 stated by the manufacturer's datasheet (N-SF4); formula NULL: a catalog optical glass (composition proprietary); no x-ray / neutron SLD,,,,,,SCHOTT Zemax catalog 2017-01-20b (obtained from http://www.schott.com)See also SCHOTT glass data sheets,,,2017.0,optical glass,SCHOTT-optical/N-SF4,1.75513,27.38,755274,,0.0118,9.45e-06,243 343,standard,
88,SCHOTT N-SF5,,,,,,,,,,,,2.858,literature (manufacturer datasheet),,,,,,,specs,SCHOTT-optical,370.0,2500.0,N-SF5,,1.6684632843187965,2.5016125e-08,,,,,density 2.858 g/cm3 stated by the manufacturer's datasheet (N-SF5); formula NULL: a catalog optical glass (composition proprietary); no x-ray / neutron SLD,,,,,,SCHOTT Zemax catalog 2017-01-20b (obtained from http://www.schott.com)See also SCHOTT glass data sheets,,,2017.0,optical glass,SCHOTT-optical/N-SF5,1.67271,32.25,673323,673322,0.0088,7.94e-06,243 343,standard,step 0.5 available
89,SCHOTT N-SF6,,,,,,,,,,,,3.369,literature (manufacturer datasheet),,,,,,,specs,SCHOTT-optical,370.0,2500.0,N-SF6,,1.7988018106705714,4.6220225e-08,,,,,density 3.369 g/cm3 stated by the manufacturer's datasheet (N-SF6); formula NULL: a catalog optical glass (composition proprietary); no x-ray / neutron SLD,,,,,,SCHOTT Zemax catalog 2017-01-20b (obtained from http://www.schott.com)See also SCHOTT glass data sheets,,,2017.0,optical glass,SCHOTT-optical/N-SF6,1.80518,25.36,805254,,0.0146,9.03e-06,243 343,standard,
90,SCHOTT N-SF6HT,,,,,,,,,,,,3.369,literature (manufacturer datasheet),,,,,,,specs,SCHOTT-optical,370.0,2500.0,N-SF6HT,,1.7988018106705714,4.4159675000000005e-08,,,,,density 3.369 g/cm3 stated by the manufacturer's datasheet (N-SF6HT); formula NULL: a catalog optical glass (composition proprietary); no x-ray / neutron SLD,,,,,,SCHOTT Zemax catalog 2017-01-20b (obtained from http://www.schott.com)See also SCHOTT glass data sheets,,,2017.0,optical glass,SCHOTT-optical/N-SF6HT,1.80518,25.36,805254,,0.0146,9.03e-06,243 343,standard,
91,SCHOTT N-SF6HTultra,,,,,,,,,,,,3.369,literature (manufacturer datasheet),,,,,,,specs,SCHOTT-optical,370.0,2500.0,N-SF6HTultra,,1.7988018106705714,4.2101125e-08,,,,,density 3.369 g/cm3 stated by the manufacturer's datasheet (N-SF6HTultra); formula NULL: a catalog optical glass (composition proprietary); no x-ray / neutron SLD,,,,,,SCHOTT Zemax catalog 2017-01-20b (obtained from http://www.schott.com)See also SCHOTT glass data sheets,,,2017.0,optical glass,SCHOTT-optical/N-SF6HTultra,1.80518,25.36,805254,,0.0146,9.03e-06,243 343,standard,
92,SCHOTT N-SF8,,,,,,,,,,,,2.904,literature (manufacturer datasheet),,,,,,,specs,SCHOTT-optical,370.0,2500.0,N-SF8,,1.6844652396379678,3.4547475e-08,,,,,density 2.904 g/cm3 stated by the manufacturer's datasheet (N-SF8); formula NULL: a catalog optical glass (composition proprietary); no x-ray / neutron SLD,,,,,,SCHOTT Zemax catalog 2017-01-20b (obtained from http://www.schott.com)See also SCHOTT glass data sheets,,,2017.0,optical glass,SCHOTT-optical/N-SF8,1.68894,31.31,689313,,0.0087,8.56e-06,243 343,standard,
93,SCHOTT N-SF10,,,,,,,,,,,,3.05,literature (manufacturer datasheet),,,,,,,specs,SCHOTT-optical,380.0,2500.0,N-SF10,,1.7231169035342977,4.758305e-08,,,,,density 3.05 g/cm3 stated by the manufacturer's datasheet (N-SF10); formula NULL: a catalog optical glass (composition proprietary); no x-ray / neutron SLD,,,,,,SCHOTT Zemax catalog 2017-01-20b (obtained from http://www.schott.com)See also SCHOTT glass data sheets,,,2017.0,optical glass,SCHOTT-optical/N-SF10,1.72828,28.53,728285,,0.0108,9.4e-06,243 343,standard,
94,SCHOTT N-SF11,,,,,,,,,,,,3.224,literature (manufacturer datasheet),,,,,,,specs,SCHOTT-optical,370.0,2500.0,N-SF11,,1.7785783772160713,3.8651649999999995e-08,,,,,density 3.224 g/cm3 stated by the manufacturer's datasheet (N-SF11); formula NULL: a catalog optical glass (composition proprietary); no x-ray / neutron SLD,,,,,,SCHOTT Zemax catalog 2017-01-20b (obtained from http://www.schott.com)See also SCHOTT glass data sheets,,,2017.0,optical glass,SCHOTT-optical/N-SF11,1.78472,25.68,785257,,0.015,8.52e-06,243 343,standard,
95,SCHOTT N-SF14,,,,,,,,,,,,3.118,literature (manufacturer datasheet),,,,,,,specs,SCHOTT-optical,365.0,2500.0,N-SF14,,1.756036952356715,4.2101125000000004e-08,,,,,density 3.118 g/cm3 stated by the manufacturer's datasheet (N-SF14); formula NULL: a catalog optical glass (composition proprietary); no x-ray / neutron SLD,,,,,,SCHOTT Zemax catalog 2017-01-20b (obtained from http://www.schott.com)See also SCHOTT glass data sheets,,,2017.0,optical glass,SCHOTT-optical/N-SF14,1.76182,26.53,762265,,0.013,9.41e-06,243 343,standard,
96,SCHOTT N-SF15,,,,,,,,,,,,2.921,literature (manufacturer datasheet),,,,,,,specs,SCHOTT-optical,370.0,2500.0,N-SF15,,1.6942298175952533,3.3193425e-08,,,,,density 2.921 g/cm3 stated by the manufacturer's datasheet (N-SF15); formula NULL: a catalog optical glass (composition proprietary); no x-ray / neutron SLD,,,,,,SCHOTT Zemax catalog 2017-01-20b (obtained from http://www.schott.com)See also SCHOTT glass data sheets,,,2017.0,optical glass,SCHOTT-optical/N-SF15,1.69892,30.2,699302,,0.0108,8.04e-06,243 343,standard,
97,SCHOTT N-SF19,,,,,,,,,,,,2.9,literature (manufacturer datasheet),,,,,,,specs,SCHOTT-optical,370.0,2500.0,N-SF19,,1.6626891106589543,4.3427825e-08,,,,,density 2.9 g/cm3 stated by the manufacturer's datasheet (N-SF19); formula NULL: a catalog optical glass (composition proprietary); no x-ray / neutron SLD,,,,,,SCHOTT Zemax catalog 2017-01-20b (obtained from http://www.schott.com)See also SCHOTT glass data sheets,,,2017.0,optical glass,SCHOTT-optical/N-SF19,1.66679,33.12,667331,,0.0095,7.2e-06,243 343,special,inquiry glass
98,SCHOTT N-SF56,,,,,,,,,,,,3.28,literature (manufacturer datasheet),,,,,,,specs,SCHOTT-optical,380.0,2500.0,N-SF56,,1.7786529367728106,3.8651649999999995e-08,,,,,density 3.28 g/cm3 stated by the manufacturer's datasheet (N-SF56); formula NULL: a catalog optical glass (composition proprietary); no x-ray / neutron SLD,,,,,,SCHOTT Zemax catalog 2017-01-20b (obtained from http://www.schott.com)See also SCHOTT glass data sheets,,,2017.0,optical glass,SCHOTT-optical/N-SF56,1.7847,26.1,785261,,0.014,8.7e-06,243 343,special,inquiry glass
99,SCHOTT N-SF57,,,,,,,,,,,,3.533,literature (manufacturer datasheet),,,,,,,specs,SCHOTT-optical,370.0,2500.0,N-SF57,,1.8395330523721098,6.0703675e-08,,,,,density 3.533 g/cm3 stated by the manufacturer's datasheet (N-SF57); formula NULL: a catalog optical glass (composition proprietary); no x-ray / neutron SLD,,,,,,SCHOTT Zemax catalog 2017-01-20b (obtained from http://www.schott.com)See also SCHOTT glass data sheets,,,2017.0,optical glass,SCHOTT-optical/N-SF57,1.84666,23.78,847238,,0.0178,8.46e-06,243 343,standard,
100,SCHOTT N-SF57HT,,,,,,,,,,,,3.533,literature (manufacturer datasheet),,,,,,,specs,SCHOTT-optical,370.0,2500.0,N-SF57HT,,1.8395330523721098,5.6555275000000004e-08,,,,,density 3.533 g/cm3 stated by the manufacturer's datasheet (N-SF57HT); formula NULL: a catalog optical glass (composition proprietary); no x-ray / neutron SLD,,,,,,SCHOTT Zemax catalog 2017-01-20b (obtained from http://www.schott.com)See also SCHOTT glass data sheets,,,2017.0,optical glass,SCHOTT-optical/N-SF57HT,1.84666,23.78,847238,,0.0178,8.46e-06,243 343,standard,
101,SCHOTT N-SF57HTultra,,,,,,,,,,,,3.533,literature (manufacturer datasheet),,,,,,,specs,SCHOTT-optical,370.0,2500.0,N-SF57HTultra,,1.8395330523721098,3.3159725e-08,,,,,density 3.533 g/cm3 stated by the manufacturer's datasheet (N-SF57HTultra); formula NULL: a catalog optical glass (composition proprietary); no x-ray / neutron SLD,,,,,,SCHOTT Zemax catalog 2017-01-20b (obtained from http://www.schott.com)See also SCHOTT glass data sheets,,,2017.0,optical glass,SCHOTT-optical/N-SF57HTultra,1.84666,23.78,847238,,0.0178,8.46e-06,243 343,standard,
102,SCHOTT N-SF64,,,,,,,,,,,,2.989,literature (manufacturer datasheet),,,,,,,specs,SCHOTT-optical,370.0,2500.0,N-SF64,,1.701173938178524,3.9348125e-08,,,,,density 2.989 g/cm3 stated by the manufacturer's datasheet (N-SF64); formula NULL: a catalog optical glass (composition proprietary); no x-ray / neutron SLD,,,,,,SCHOTT Zemax catalog 2017-01-20b (obtained from http://www.schott.com)See also SCHOTT glass data sheets,,,2017.0,optical glass,SCHOTT-optical/N-SF64,1.70591,30.23,706302,,0.0099,8.48e-06,243 343,special,inquiry glass
103,SCHOTT N-SF66,,,,,,,,,,,,3.996,literature (manufacturer datasheet),,,,,,,specs,SCHOTT-optical,390.0,2500.0,N-SF66,,1.9141030204957346,7.9364275e-08,,,,,density 3.996 g/cm3 stated by the manufacturer's datasheet (N-SF66); formula NULL: a catalog optical glass (composition proprietary); no x-ray / neutron SLD,,,,,,SCHOTT Zemax catalog 2017-01-20b (obtained from http://www.schott.com)See also SCHOTT glass data sheets,,,2017.0,optical glass,SCHOTT-optical/N-SF66,1.92286,20.88,923209,,0.0307,5.9e-06,243 343,standard,
104,SCHOTT P-SF8,,,,,,,,,,,,2.898,literature (manufacturer datasheet),,,,,,,specs,SCHOTT-optical,365.0,2500.0,P-SF8,,1.6844498734119022,3.2499225e-08,,,,,density 2.898 g/cm3 stated by the manufacturer's datasheet (P-SF8); formula NULL: a catalog optical glass (composition proprietary); no x-ray / neutron SLD,,,,,,SCHOTT Zemax catalog 2017-01-20b (obtained from http://www.schott.com)See also SCHOTT glass data sheets,,,2017.0,optical glass,SCHOTT-optical/P-SF8,1.68893,31.25,689313,689312,0.0079,9.41e-06,243 343,standard,suitable for precision molding
105,SCHOTT P-SF67,,,,,,,,,,,,4.236,literature (manufacturer datasheet),,,,,,,specs,SCHOTT-optical,390.0,2500.0,P-SF67,,1.8983771210343094,1.075385e-07,,,,,density 4.236 g/cm3 stated by the manufacturer's datasheet (P-SF67); formula NULL: a catalog optical glass (composition proprietary); no x-ray / neutron SLD,,,,,,SCHOTT Zemax catalog 2017-01-20b (obtained from http://www.schott.com)See also SCHOTT glass data sheets,,,2017.0,optical glass,SCHOTT-optical/P-SF67,1.9068,21.4,907214,,0.0256,6.23e-06,243 343,special,inquiry glass suitable for precision molding
106,SCHOTT P-SF68,,,,,,,,,,,,6.194,literature (manufacturer datasheet),,,,,,,specs,SCHOTT-optical,420.0,2500.0,P-SF68,,1.9957265860759001,2.768525e-08,,,,,density 6.194 g/cm3 stated by the manufacturer's datasheet (P-SF68); formula NULL: a catalog optical glass (composition proprietary); no x-ray / neutron SLD,,,,,,SCHOTT Zemax catalog 2017-01-20b (obtained from http://www.schott.com)See also SCHOTT glass data sheets,,,2017.0,optical glass,SCHOTT-optical/P-SF68,2.0052,21.0,005210,,0.0308,8.43e-06,243 343,standard,suitable for precision molding
107,SCHOTT P-SF69,,,,,,,,,,,,2.934,literature (manufacturer datasheet),,,,,,,specs,SCHOTT-optical,365.0,2500.0,P-SF69,,1.7174961533870305,1.4153874999999999e-08,,,,,density 2.934 g/cm3 stated by the manufacturer's datasheet (P-SF69); formula NULL: a catalog optical glass (composition proprietary); no x-ray / neutron SLD,,,,,,SCHOTT Zemax catalog 2017-01-20b (obtained from http://www.schott.com)See also SCHOTT glass data sheets,,,2017.0,optical glass,SCHOTT-optical/P-SF69,1.7225,29.23,723292,722292,0.0104,8.99e-06,243 343,standard,suitable for precision molding
108,SCHOTT KZFS12,,,,,,,,,,,,3.836,literature (manufacturer datasheet),,,,,,,specs,SCHOTT-optical,350.0,2500.0,KZFS12,,1.6920433181058292,1.618415e-08,,,,,density 3.836 g/cm3 stated by the manufacturer's datasheet (KZFS12); formula NULL: a catalog optical glass (composition proprietary); no x-ray / neutron SLD,,,,,,SCHOTT Zemax catalog 2017-01-20b (obtained from http://www.schott.com)See also SCHOTT glass data sheets,,,2017.0,optical glass,SCHOTT-optical/KZFS12,1.696,36.29,696363,,-0.005,5.18e-06,243 343,special,inquiry glass
109,SCHOTT N-KZFS2,,,,,,,,,,,,2.54,literature (manufacturer datasheet),,,,,,,specs,SCHOTT-optical,310.0,2500.0,N-KZFS2,,1.5561644412491693,1.212595e-08,,,,,density 2.54 g/cm3 stated by the manufacturer's datasheet (N-KZFS2); formula NULL: a catalog optical glass (composition proprietary); no x-ray / neutron SLD,,,,,,SCHOTT Zemax catalog 2017-01-20b (obtained from http://www.schott.com)See also SCHOTT glass data sheets,,,2017.0,optical glass,SCHOTT-optical/N-KZFS2,1.55836,54.01,558540,,-0.0111,4.44e-06,243 343,standard,suitable for precision molding. step 0.5 available
110,SCHOTT N-KZFS4,,,,,,,,,,,,3.002,literature (manufacturer datasheet),,,,,,,specs,SCHOTT-optical,334.0,2500.0,N-KZFS4,,1.6104768550254691,1.549645e-08,,,,,density 3.002 g/cm3 stated by the manufacturer's datasheet (N-KZFS4); formula NULL: a catalog optical glass (composition proprietary); no x-ray / neutron SLD,,,,,,SCHOTT Zemax catalog 2017-01-20b (obtained from http://www.schott.com)See also SCHOTT glass data sheets,,,2017.0,optical glass,SCHOTT-optical/N-KZFS4,1.61336,44.49,613445,,-0.01,7.3e-06,243 343,standard,suitable for precision molding. step 0.5 available
111,SCHOTT N-KZFS4HT,,,,,,,,,,,,3.002,literature (manufacturer datasheet),,,,,,,specs,SCHOTT-optical,320.0,2500.0,N-KZFS4HT,,1.6104768550254691,1.549645e-08,,,,,density 3.002 g/cm3 stated by the manufacturer's datasheet (N-KZFS4HT); formula NULL: a catalog optical glass (composition proprietary); no x-ray / neutron SLD,,,,,,SCHOTT Zemax catalog 2017-01-20b (obtained from http://www.schott.com)See also SCHOTT glass data sheets,,,2017.0,optical glass,SCHOTT-optical/N-KZFS4HT,1.61336,44.49,613445,,-0.01,7.3e-06,243 343,standard,suitable for precision molding. step 0.5 available
112,SCHOTT KZFSN4,,,,,,,,,,,,3.2,literature (manufacturer datasheet),,,,,,,specs,SCHOTT-optical,310.0,2500.0,KZFSN4,,1.6105060903064905,1.0099945e-08,,,,,density 3.2 g/cm3 stated by the manufacturer's datasheet (KZFSN4); formula NULL: a catalog optical glass (composition proprietary); no x-ray / neutron SLD,,,,,,SCHOTT Zemax catalog 2017-01-20b (obtained from http://www.schott.com)See also SCHOTT glass data sheets,,,2017.0,optical glass,SCHOTT-optical/KZFSN4,1.6134,44.29,613443,,-0.0086,4.5e-06,243 343,preferred,was replaced by N-KZFS4
113,SCHOTT N-KZFS5,,,,,,,,,,,,3.041,literature (manufacturer datasheet),,,,,,,specs,SCHOTT-optical,334.0,2500.0,N-KZFS5,,1.6507061506490617,1.618415e-08,,,,,density 3.041 g/cm3 stated by the manufacturer's datasheet (N-KZFS5); formula NULL: a catalog optical glass (composition proprietary); no x-ray / neutron SLD,,,,,,SCHOTT Zemax catalog 2017-01-20b (obtained from http://www.schott.com)See also SCHOTT glass data sheets,,,2017.0,optical glass,SCHOTT-optical/N-KZFS5,1.65412,39.7,654397,,-0.006,6.38e-06,243 343,standard,suitable for precision molding. step 0.5 available
114,SCHOTT N-KZFS8,,,,,,,,,,,,3.204,literature (manufacturer datasheet),,,,,,,specs,SCHOTT-optical,334.0,2500.0,N-KZFS8,,1.7162065661087056,1.0099945e-08,,,,,density 3.204 g/cm3 stated by the manufacturer's datasheet (N-KZFS8); formula NULL: a catalog optical glass (composition proprietary); no x-ray / neutron SLD,,,,,,SCHOTT Zemax catalog 2017-01-20b (obtained from http://www.schott.com)See also SCHOTT glass data sheets,,,2017.0,optical glass,SCHOTT-optical/N-KZFS8,1.72047,34.7,720347,,-0.0021,7.77e-06,243 343,standard,suitable for precision molding. step 0.5 available
115,SCHOTT N-KZFS11,,,,,,,,,,,,3.196,literature (manufacturer datasheet),,,,,,,specs,SCHOTT-optical,310.0,2500.0,N-KZFS11,,1.6346088455031071,1.618415e-08,,,,,density 3.196 g/cm3 stated by the manufacturer's datasheet (N-KZFS11); formula NULL: a catalog optical glass (composition proprietary); no x-ray / neutron SLD,,,,,,SCHOTT Zemax catalog 2017-01-20b (obtained from http://www.schott.com)See also SCHOTT glass data sheets,,,2017.0,optical glass,SCHOTT-optical/N-KZFS11,1.63775,42.41,638424,,-0.012,6.56e-06,243 343,standard,suitable for precision molding. step 0.5 available
116,SCHOTT BAFN6,,,,,,,,,,,,3.17,literature (manufacturer datasheet),,,,,,,specs,SCHOTT-optical,350.0,2325.0,BAFN6,,1.5864648698423127,1.1439549999999999e-08,,,,,density 3.17 g/cm3 stated by the manufacturer's datasheet (BAFN6); formula NULL: a catalog optical glass (composition proprietary); no x-ray / neutron SLD,,,,,,SCHOTT Zemax catalog 2017-01-20b (obtained from http://www.schott.com) See also SCHOTT glass data sheets,,,2017.0,optical glass,SCHOTT-optical/BAFN6,1.589,48.45,589485,589484,0.0002,7.8e-06,243 343,special,inquiry glass
117,SCHOTT N-BAF3,,,,,,,,,,,,2.792,literature (manufacturer datasheet),,,,,,,specs,SCHOTT-optical,365.0,2500.0,N-BAF3,,1.5801229554761391,1.7527399999999997e-08,,,,,density 2.792 g/cm3 stated by the manufacturer's datasheet (N-BAF3); formula NULL: a catalog optical glass (composition proprietary); no x-ray / neutron SLD,,,,,,SCHOTT Zemax catalog 2017-01-20b (obtained from http://www.schott.com)See also SCHOTT glass data sheets,,,2017.0,optical glass,SCHOTT-optical/N-BAF3,1.58272,46.64,583466,,0.0015,7.17e-06,243 343,special,inquiry glass
118,SCHOTT N-BAF4,,,,,,,,,,,,2.889,literature (manufacturer datasheet),,,,,,,specs,SCHOTT-optical,365.0,2500.0,N-BAF4,,1.6028132040909069,1.9561349999999998e-08,,,,,density 2.889 g/cm3 stated by the manufacturer's datasheet (N-BAF4); formula NULL: a catalog optical glass (composition proprietary); no x-ray / neutron SLD,,,,,,SCHOTT Zemax catalog 2017-01-20b (obtained from http://www.schott.com)See also SCHOTT glass data sheets,,,2017.0,optical glass,SCHOTT-optical/N-BAF4,1.60568,43.72,606437,,0.003,7.24e-06,243 343,standard,
119,SCHOTT N-BAF10,,,,,,,,,,,,3.745,literature (manufacturer datasheet),,,,,,,specs,SCHOTT-optical,350.0,2500.0,N-BAF10,,1.667067718917287,1.8905399999999998e-08,,,,,density 3.745 g/cm3 stated by the manufacturer's datasheet (N-BAF10); formula NULL: a catalog optical glass (composition proprietary); no x-ray / neutron SLD,,,,,,SCHOTT Zemax catalog 2017-01-20b (obtained from http://www.schott.com)See also SCHOTT glass data sheets,,,2017.0,optical glass,SCHOTT-optical/N-BAF10,1.67003,47.11,670471,,-0.0016,6.18e-06,243 343,standard,
120,SCHOTT N-BAF51,,,,,,,,,,,,3.333,literature (manufacturer datasheet),,,,,,,specs,SCHOTT-optical,350.0,2500.0,N-BAF51,,1.6492285977453285,2.0250675e-08,,,,,density 3.333 g/cm3 stated by the manufacturer's datasheet (N-BAF51); formula NULL: a catalog optical glass (composition proprietary); no x-ray / neutron SLD,,,,,,SCHOTT Zemax catalog 2017-01-20b (obtained from http://www.schott.com)See also SCHOTT glass data sheets,,,2017.0,optical glass,SCHOTT-optical/N-BAF51,1.65224,44.96,652450,,-0.0012,8.37e-06,243 343,standard,
121,SCHOTT N-BAF52,,,,,,,,,,,,3.045,literature (manufacturer datasheet),,,,,,,specs,SCHOTT-optical,365.0,2500.0,N-BAF52,,1.6059150735152203,2.1596625e-08,,,,,density 3.045 g/cm3 stated by the manufacturer's datasheet (N-BAF52); formula NULL: a catalog optical glass (composition proprietary); no x-ray / neutron SLD,,,,,,SCHOTT Zemax catalog 2017-01-20b (obtained from http://www.schott.com)See also SCHOTT glass data sheets,,,2017.0,optical glass,SCHOTT-optical/N-BAF52,1.60863,46.6,609466,,0.0024,6.86e-06,243 343,standard,
122,SCHOTT N-BALF4,,,,,,,,,,,,3.111,literature (manufacturer datasheet),,,,,,,specs,SCHOTT-optical,350.0,2500.0,N-BALF4,,1.5772998319760856,1.0099945e-08,,,,,density 3.111 g/cm3 stated by the manufacturer's datasheet (N-BALF4); formula NULL: a catalog optical glass (composition proprietary); no x-ray / neutron SLD,,,,,,SCHOTT Zemax catalog 2017-01-20b (obtained from http://www.schott.com)See also SCHOTT glass data sheets,,,2017.0,optical glass,SCHOTT-optical/N-BALF4,1.57956,53.87,580539,,-0.0012,6.52e-06,243 343,standard,
123,SCHOTT N-BALF5,,,,,,,,,,,,2.614,literature (manufacturer datasheet),,,,,,,specs,SCHOTT-optical,350.0,2500.0,N-BALF5,,1.5452437835975386,1.4153875e-08,,,,,density 2.614 g/cm3 stated by the manufacturer's datasheet (N-BALF5); formula NULL: a catalog optical glass (composition proprietary); no x-ray / neutron SLD,,,,,,SCHOTT Zemax catalog 2017-01-20b (obtained from http://www.schott.com)See also SCHOTT glass data sheets,,,2017.0,optical glass,SCHOTT-optical/N-BALF5,1.54739,53.63,547536,,-0.0004,7.34e-06,243 343,standard,
124,SCHOTT N-BASF2,,,,,,,,,,,,3.151,literature (manufacturer datasheet),,,,,,,specs,SCHOTT-optical,370.0,2500.0,N-BASF2,,1.6606833590642218,3.0452299999999997e-08,,,,,density 3.151 g/cm3 stated by the manufacturer's datasheet (N-BASF2); formula NULL: a catalog optical glass (composition proprietary); no x-ray / neutron SLD,,,,,,SCHOTT Zemax catalog 2017-01-20b (obtained from http://www.schott.com)See also SCHOTT glass data sheets,,,2017.0,optical glass,SCHOTT-optical/N-BASF2,1.66446,36.0,664360,,0.0057,7.12e-06,243 343,standard,
125,SCHOTT N-BASF64,,,,,,,,,,,,3.2,literature (manufacturer datasheet),,,,,,,specs,SCHOTT-optical,365.0,2500.0,N-BASF64,,1.7003129530842767,1.01171825e-07,,,,,density 3.2 g/cm3 stated by the manufacturer's datasheet (N-BASF64); formula NULL: a catalog optical glass (composition proprietary); no x-ray / neutron SLD,,,,,,SCHOTT Zemax catalog 2017-01-20b (obtained from http://www.schott.com)See also SCHOTT glass data sheets,,,2017.0,optical glass,SCHOTT-optical/N-BASF64,1.704,39.38,704394,,-0.0006,7.3e-06,243 343,standard,
126,SCHOTT LAFN7,,,,,,,,,,,,4.38,literature (manufacturer datasheet),,,,,,,specs,SCHOTT-optical,350.0,2500.0,LAFN7,,1.7450970784261812,1.0099945e-08,,,,,density 4.38 g/cm3 stated by the manufacturer's datasheet (LAFN7); formula NULL: a catalog optical glass (composition proprietary); no x-ray / neutron SLD,,,,,,SCHOTT Zemax catalog 2017-01-20b (obtained from http://www.schott.com)See also SCHOTT glass data sheets,,,2017.0,optical glass,SCHOTT-optical/LAFN7,1.7495,34.95,750350,,-0.0025,5.3e-06,243 343,standard,lead containing glass type
127,SCHOTT N-LAF2,,,,,,,,,,,,4.295,literature (manufacturer datasheet),,,,,,,specs,SCHOTT-optical,350.0,2500.0,N-LAF2,,1.7405265727247854,1.549645e-08,,,,,density 4.295 g/cm3 stated by the manufacturer's datasheet (N-LAF2); formula NULL: a catalog optical glass (composition proprietary); no x-ray / neutron SLD,,,,,,SCHOTT Zemax catalog 2017-01-20b (obtained from http://www.schott.com)See also SCHOTT glass data sheets,,,2017.0,optical glass,SCHOTT-optical/N-LAF2,1.74397,44.85,744449,744448,-0.0027,8.06e-06,243 343,standard,
128,SCHOTT N-LAF3,,,,,,,,,,,,4.14,literature (manufacturer datasheet),,,,,,,specs,SCHOTT-optical,350.0,2500.0,N-LAF3,,1.7138798910815791,1.4153875e-08,,,,,density 4.14 g/cm3 stated by the manufacturer's datasheet (N-LAF3); formula NULL: a catalog optical glass (composition proprietary); no x-ray / neutron SLD,,,,,,SCHOTT Zemax catalog 2017-01-20b (obtained from http://www.schott.com)See also SCHOTT glass data sheets,,,2017.0,optical glass,SCHOTT-optical/N-LAF3,1.717,47.96,717480,,-0.0028,7.6e-06,243 343,special,inquiry glass
129,SCHOTT N-LAF7,,,,,,,,,,,,3.73,literature (manufacturer datasheet),,,,,,,specs,SCHOTT-optical,365.0,2500.0,N-LAF7,,1.745096854159418,2.83762e-08,,,,,density 3.73 g/cm3 stated by the manufacturer's datasheet (N-LAF7); formula NULL: a catalog optical glass (composition proprietary); no x-ray / neutron SLD,,,,,,SCHOTT Zemax catalog 2017-01-20b (obtained from http://www.schott.com)See also SCHOTT glass data sheets,,,2017.0,optical glass,SCHOTT-optical/N-LAF7,1.7495,34.82,749348,750348,0.0042,7.3e-06,243 343,standard,
130,SCHOTT N-LAF21,,,,,,,,,,,,4.281,literature (manufacturer datasheet),,,,,,,specs,SCHOTT-optical,334.0,2500.0,N-LAF21,,1.7845247405705031,1.549645e-08,,,,,density 4.281 g/cm3 stated by the manufacturer's datasheet (N-LAF21); formula NULL: a catalog optical glass (composition proprietary); no x-ray / neutron SLD,,,,,,SCHOTT Zemax catalog 2017-01-20b (obtained from http://www.schott.com)See also SCHOTT glass data sheets,,,2017.0,optical glass,SCHOTT-optical/N-LAF21,1.788,47.49,788475,,-0.0084,5.99e-06,243 343,standard,
131,SCHOTT N-LAF32,,,,,,,,,,,,4.325,literature (manufacturer datasheet),,,,,,,specs,SCHOTT-optical,350.0,2500.0,N-LAF32,,1.7909253512797176,1.3466499999999999e-08,,,,,density 4.325 g/cm3 stated by the manufacturer's datasheet (N-LAF32); formula NULL: a catalog optical glass (composition proprietary); no x-ray / neutron SLD,,,,,,SCHOTT Zemax catalog 2017-01-20b (obtained from http://www.schott.com)See also SCHOTT glass data sheets,,,2017.0,optical glass,SCHOTT-optical/N-LAF32,1.79457,45.53,795455,,-0.0075,5.89e-06,243 343,preferred,
132,SCHOTT N-LAF33,,,,,,,,,,,,4.36,literature (manufacturer datasheet),,,,,,,specs,SCHOTT-optical,320.0,2500.0,N-LAF33,,1.7821104124239777,1.143955e-08,,,,,density 4.36 g/cm3 stated by the manufacturer's datasheet (N-LAF33); formula NULL: a catalog optical glass (composition proprietary); no x-ray / neutron SLD,,,,,,SCHOTT Zemax catalog 2017-01-20b (obtained from http://www.schott.com)See also SCHOTT glass data sheets,,,2017.0,optical glass,SCHOTT-optical/N-LAF33,1.78582,44.05,786441,786440,-0.0071,5.6e-06,243 343,standard,suitable for precision molding
133,SCHOTT N-LAF34,,,,,,,,,,,,4.24,literature (manufacturer datasheet),,,,,,,specs,SCHOTT-optical,310.0,2500.0,N-LAF34,,1.769231289172922,9.413935e-09,,,,,density 4.24 g/cm3 stated by the manufacturer's datasheet (N-LAF34); formula NULL: a catalog optical glass (composition proprietary); no x-ray / neutron SLD,,,,,,SCHOTT Zemax catalog 2017-01-20b (obtained from http://www.schott.com)See also SCHOTT glass data sheets,,,2017.0,optical glass,SCHOTT-optical/N-LAF34,1.7725,49.62,773496,772496,-0.0085,5.8e-06,243 343,standard,
134,SCHOTT N-LAF35,,,,,,,,,,,,4.115,literature (manufacturer datasheet),,,,,,,specs,SCHOTT-optical,310.0,2500.0,N-LAF35,,1.7401416195614823,1.0753539999999999e-08,,,,,density 4.115 g/cm3 stated by the manufacturer's datasheet (N-LAF35); formula NULL: a catalog optical glass (composition proprietary); no x-ray / neutron SLD,,,,,,SCHOTT Zemax catalog 2017-01-20b (obtained from http://www.schott.com)See also SCHOTT glass data sheets,,,2017.0,optical glass,SCHOTT-optical/N-LAF35,1.7433,49.4,743494,,-0.0084,5.27e-06,243 343,standard,
135,SCHOTT N-LAF36,,,,,,,,,,,,4.431,literature (manufacturer datasheet),,,,,,,specs,SCHOTT-optical,350.0,2500.0,N-LAF36,,1.7955989544183344,1.4809075e-08,,,,,density 4.431 g/cm3 stated by the manufacturer's datasheet (N-LAF36); formula NULL: a catalog optical glass (composition proprietary); no x-ray / neutron SLD,,,,,,SCHOTT Zemax catalog 2017-01-20b (obtained from http://www.schott.com)See also SCHOTT glass data sheets,,,2017.0,optical glass,SCHOTT-optical/N-LAF36,1.79952,42.37,800424,,-0.0067,5.65e-06,243 343,special,inquiry glass
136,SCHOTT P-LAF37,,,,,,,,,,,,3.987,literature (manufacturer datasheet),,,,,,,specs,SCHOTT-optical,320.0,2500.0,P-LAF37,,1.7520442162167817,1.143955e-08,,,,,density 3.987 g/cm3 stated by the manufacturer's datasheet (P-LAF37); formula NULL: a catalog optical glass (composition proprietary); no x-ray / neutron SLD,,,,,,SCHOTT Zemax catalog 2017-01-20b (obtained from http://www.schott.com)See also SCHOTT glass data sheets,,,2017.0,optical glass,SCHOTT-optical/P-LAF37,1.7555,45.66,755457,756457,-0.008,6.26e-06,243 343,standard,suitable for precision molding
137,SCHOTT N-LASF9HT,,,,,,,,,,,,4.41,literature (manufacturer datasheet),,,,,,,specs,SCHOTT-optical,365.0,2500.0,N-LASF9HT,,1.844866332287791,4.1369875e-08,,,,,density 4.41 g/cm3 stated by the manufacturer's datasheet (N-LASF9HT); formula NULL: a catalog optical glass (composition proprietary); no x-ray / neutron SLD,,,,,,SCHOTT Zemax catalog 2017-01-20b (obtained from http://www.schott.com)See also SCHOTT glass data sheets,,,2017.0,optical glass,SCHOTT-optical/N-LASF9HT,1.85025,32.17,850322,,0.0037,7.37e-06,243 343,standard,
138,SCHOTT LASFN9,,,,,,,,,,,,4.44,literature (manufacturer datasheet),,,,,,,specs,SCHOTT-optical,365.0,2500.0,LASFN9,,1.8448716270076302,3.45158e-08,,,,,density 4.44 g/cm3 stated by the manufacturer's datasheet (LASFN9); formula NULL: a catalog optical glass (composition proprietary); no x-ray / neutron SLD,,,,,,SCHOTT Zemax catalog 2017-01-20b (obtained from http://www.schott.com)See also SCHOTT glass data sheets,,,2017.0,optical glass,SCHOTT-optical/LASFN9,1.85025,32.17,850322,,0.0036,7.4e-06,243 343,preferred,was replaced by N-LASF9
139,SCHOTT LASF35,,,,,,,,,,,,5.41,literature (manufacturer datasheet),,,,,,,specs,SCHOTT-optical,370.0,2500.0,LASF35,,2.014903628689951,5.9937025e-08,,,,,density 5.41 g/cm3 stated by the manufacturer's datasheet (LASF35); formula NULL: a catalog optical glass (composition proprietary); no x-ray / neutron SLD,,,,,,SCHOTT Zemax catalog 2017-01-20b (obtained from http://www.schott.com)See also SCHOTT glass data sheets,,,2017.0,optical glass,SCHOTT-optical/LASF35,2.02204,29.06,022291,,0.0033,7.4e-06,243 343,standard,
140,SCHOTT N-LASF9,,,,,,,,,,,,4.41,literature (manufacturer datasheet),,,,,,,specs,SCHOTT-optical,365.0,2500.0,N-LASF9,,1.844866332287791,4.1369875e-08,,,,,density 4.41 g/cm3 stated by the manufacturer's datasheet (N-LASF9); formula NULL: a catalog optical glass (composition proprietary); no x-ray / neutron SLD,,,,,,SCHOTT Zemax catalog 2017-01-20b (obtained from http://www.schott.com)See also SCHOTT glass data sheets,,,2017.0,optical glass,SCHOTT-optical/N-LASF9,1.85025,32.17,850322,,0.0037,7.37e-06,243 343,standard,
141,SCHOTT N-LASF31,,,,,,,,,,,,5.41,literature (manufacturer datasheet),,,,,,,specs,SCHOTT-optical,320.0,2500.0,N-LASF31,,1.8762182621493366,1.34665e-08,,,,,density 5.41 g/cm3 stated by the manufacturer's datasheet (N-LASF31); formula NULL: a catalog optical glass (composition proprietary); no x-ray / neutron SLD,,,,,,SCHOTT Zemax catalog 2017-01-20b (obtained from http://www.schott.com)See also SCHOTT glass data sheets,,,2017.0,optical glass,SCHOTT-optical/N-LASF31,1.88067,41.01,881410,,-0.0084,6.8e-06,243 343,preferred,was replaced by N-LASF31A
142,SCHOTT N-LASF31A,,,,,,,,,,,,5.51,literature (manufacturer datasheet),,,,,,,specs,SCHOTT-optical,250.0,2500.0,N-LASF31A,,1.8785084602293247,1.9561349999999998e-08,,,,,density 5.51 g/cm3 stated by the manufacturer's datasheet (N-LASF31A); formula NULL: a catalog optical glass (composition proprietary); no x-ray / neutron SLD,,,,,,SCHOTT Zemax catalog 2017-01-20b (obtained from http://www.schott.com)See also SCHOTT glass data sheets,,,2017.0,optical glass,SCHOTT-optical/N-LASF31A,1.883,40.76,883408,,-0.0085,6.74e-06,243 343,standard,
143,SCHOTT N-LASF40,,,,,,,,,,,,4.43,literature (manufacturer datasheet),,,,,,,specs,SCHOTT-optical,365.0,2500.0,N-LASF40,,1.8294405254570691,1.3466499999999999e-08,,,,,density 4.43 g/cm3 stated by the manufacturer's datasheet (N-LASF40); formula NULL: a catalog optical glass (composition proprietary); no x-ray / neutron SLD,,,,,,SCHOTT Zemax catalog 2017-01-20b (obtained from http://www.schott.com)See also SCHOTT glass data sheets,,,2017.0,optical glass,SCHOTT-optical/N-LASF40,1.83404,37.3,834373,,-0.0024,5.84e-06,243 343,standard,
144,SCHOTT N-LASF41,,,,,,,,,,,,4.845,literature (manufacturer datasheet),,,,,,,specs,SCHOTT-optical,334.0,2500.0,N-LASF41,,1.8309806697058901,1.3466499999999999e-08,,,,,density 4.845 g/cm3 stated by the manufacturer's datasheet (N-LASF41); formula NULL: a catalog optical glass (composition proprietary); no x-ray / neutron SLD,,,,,,SCHOTT Zemax catalog 2017-01-20b (obtained from http://www.schott.com)See also SCHOTT glass data sheets,,,2017.0,optical glass,SCHOTT-optical/N-LASF41,1.83501,43.13,835431,,-0.0083,6.19e-06,243 343,standard,
145,SCHOTT N-LASF43,,,,,,,,,,,,4.26,literature (manufacturer datasheet),,,,,,,specs,SCHOTT-optical,350.0,2500.0,N-LASF43,,1.8019870096549784,1.27801e-08,,,,,density 4.26 g/cm3 stated by the manufacturer's datasheet (N-LASF43); formula NULL: a catalog optical glass (composition proprietary); no x-ray / neutron SLD,,,,,,SCHOTT Zemax catalog 2017-01-20b (obtained from http://www.schott.com)See also SCHOTT glass data sheets,,,2017.0,optical glass,SCHOTT-optical/N-LASF43,1.8061,40.61,806406,,-0.0052,5.49e-06,243 343,standard,
146,SCHOTT N-LASF44,,,,,,,,,,,,4.44,literature (manufacturer datasheet),,,,,,,specs,SCHOTT-optical,334.0,2500.0,N-LASF44,,1.8005847219390347,1.0099945e-08,,,,,density 4.44 g/cm3 stated by the manufacturer's datasheet (N-LASF44); formula NULL: a catalog optical glass (composition proprietary); no x-ray / neutron SLD,,,,,,SCHOTT Zemax catalog 2017-01-20b (obtained from http://www.schott.com)See also SCHOTT glass data sheets,,,2017.0,optical glass,SCHOTT-optical/N-LASF44,1.8042,46.5,804465,,-0.0084,6.21e-06,243 343,standard,
147,SCHOTT N-LASF45,,,,,,,,,,,,3.626,literature (manufacturer datasheet),,,,,,,specs,SCHOTT-optical,365.0,2500.0,N-LASF45,,1.7963796339876557,3.042085e-08,,,,,density 3.626 g/cm3 stated by the manufacturer's datasheet (N-LASF45); formula NULL: a catalog optical glass (composition proprietary); no x-ray / neutron SLD,,,,,,SCHOTT Zemax catalog 2017-01-20b (obtained from http://www.schott.com)See also SCHOTT glass data sheets,,,2017.0,optical glass,SCHOTT-optical/N-LASF45,1.80107,34.97,801350,,0.0009,7.36e-06,243 343,standard,
148,SCHOTT N-LASF45HT,,,,,,,,,,,,3.626,literature (manufacturer datasheet),,,,,,,specs,SCHOTT-optical,365.0,2500.0,N-LASF45HT,,1.7963796339876557,2.7716124999999998e-08,,,,,density 3.626 g/cm3 stated by the manufacturer's datasheet (N-LASF45HT); formula NULL: a catalog optical glass (composition proprietary); no x-ray / neutron SLD,,,,,,SCHOTT Zemax catalog 2017-01-20b (obtained from http://www.schott.com)See also SCHOTT glass data sheets,,,2017.0,optical glass,SCHOTT-optical/N-LASF45HT,1.80107,34.97,801350,,0.0009,7.36e-06,243 343,standard,
149,SCHOTT N-LASF46,,,,,,,,,,,,4.46,literature (manufacturer datasheet),,,,,,,specs,SCHOTT-optical,380.0,2500.0,N-LASF46,,1.8955694748778285,3.7898875000000004e-08,,,,,density 4.46 g/cm3 stated by the manufacturer's datasheet (N-LASF46); formula NULL: a catalog optical glass (composition proprietary); no x-ray / neutron SLD,,,,,,SCHOTT Zemax catalog 2017-01-20b (obtained from http://www.schott.com)See also SCHOTT glass data sheets,,,2017.0,optical glass,SCHOTT-optical/N-LASF46,1.90138,31.64,901316,,0.0035,6.02e-06,243 343,preferred,was replaced by N-LASF46A
150,SCHOTT N-LASF46A,,,,,,,,,,,,4.449,literature (manufacturer datasheet),,,,,,,specs,SCHOTT-optical,370.0,2500.0,N-LASF46A,,1.8977845938522875,3.3159725e-08,,,,,density 4.449 g/cm3 stated by the manufacturer's datasheet (N-LASF46A); formula NULL: a catalog optical glass (composition proprietary); no x-ray / neutron SLD,,,,,,SCHOTT Zemax catalog 2017-01-20b (obtained from http://www.schott.com)See also SCHOTT glass data sheets,,,2017.0,optical glass,SCHOTT-optical/N-LASF46A,1.90366,31.32,904313,,0.0042,6e-06,243 343,standard,
151,SCHOTT N-LASF46B,,,,,,,,,,,,4.51,literature (manufacturer datasheet),,,,,,,specs,SCHOTT-optical,365.0,2500.0,N-LASF46B,,1.897786521833301,2.4293249999999998e-08,,,,,density 4.51 g/cm3 stated by the manufacturer's datasheet (N-LASF46B); formula NULL: a catalog optical glass (composition proprietary); no x-ray / neutron SLD,,,,,,SCHOTT Zemax catalog 2017-01-20b (obtained from http://www.schott.com)See also SCHOTT glass data sheets,,,2017.0,optical glass,SCHOTT-optical/N-LASF46B,1.90366,31.32,904313,,0.0045,5.97e-06,243 343,standard,suitable for precision molding
152,SCHOTT P-LASF47,,,,,,,,,,,,4.538,literature (manufacturer datasheet),,,,,,,specs,SCHOTT-optical,334.0,2500.0,P-LASF47,,1.8020105096861472,1.0099945e-08,,,,,density 4.538 g/cm3 stated by the manufacturer's datasheet (P-LASF47); formula NULL: a catalog optical glass (composition proprietary); no x-ray / neutron SLD,,,,,,SCHOTT Zemax catalog 2017-01-20b (obtained from http://www.schott.com)See also SCHOTT glass data sheets,,,2017.0,optical glass,SCHOTT-optical/P-LASF47,1.8061,40.9,806409,,-0.0079,6.04e-06,243 343,standard,suitable for precision molding
153,SCHOTT P-LASF50,,,,,,,,,,,,4.541,literature (manufacturer datasheet),,,,,,,specs,SCHOTT-optical,334.0,2500.0,P-LASF50,,1.8044558449925043,1.549645e-08,,,,,density 4.541 g/cm3 stated by the manufacturer's datasheet (P-LASF50); formula NULL: a catalog optical glass (composition proprietary); no x-ray / neutron SLD,,,,,,SCHOTT Zemax catalog 2017-01-20b (obtained from http://www.schott.com)See also SCHOTT glass data sheets,,,2017.0,optical glass,SCHOTT-optical/P-LASF50,1.8086,40.46,809405,,-0.0078,5.9e-06,243 343,standard,suitable for precision molding
154,SCHOTT P-LASF51,,,,,,,,,,,,4.579,literature (manufacturer datasheet),,,,,,,specs,SCHOTT-optical,334.0,2500.0,P-LASF51,,1.8058933807091841,1.549645e-08,,,,,density 4.579 g/cm3 stated by the manufacturer's datasheet (P-LASF51); formula NULL: a catalog optical glass (composition proprietary); no x-ray / neutron SLD,,,,,,SCHOTT Zemax catalog 2017-01-20b (obtained from http://www.schott.com)See also SCHOTT glass data sheets,,,2017.0,optical glass,SCHOTT-optical/P-LASF51,1.81,40.93,810409,,-0.008,6.01e-06,243 343,standard,suitable for precision molding
155,SCHOTT N-KF9,,,,,,,,,,,,2.499,literature (manufacturer datasheet),,,,,,,specs,SCHOTT-optical,350.0,2500.0,N-KF9,,1.5213307107686347,1.1439549999999999e-08,,,,,density 2.499 g/cm3 stated by the manufacturer's datasheet (N-KF9); formula NULL: a catalog optical glass (composition proprietary); no x-ray / neutron SLD,,,,,,SCHOTT Zemax catalog 2017-01-20b (obtained from http://www.schott.com)See also SCHOTT glass data sheets,,,2017.0,optical glass,SCHOTT-optical/N-KF9,1.52346,51.54,523515,,-0.0014,9.61e-06,243 343,standard,
156,SCHOTT LF7,,,,,,,,,,,,,,,,,,,,specs,SCHOTT-optical,334.0,700.0,LF7,,1.5721458466065001,1.35728175e-08,,,,,density/SLD left NULL: the catalog page states no density; formula NULL: a catalog optical glass (composition proprietary); no x-ray / neutron SLD,,,,,,,,,,optical glass,SCHOTT-optical/LF7,,,,,,,,,obsolete
157,OHARA APL1,,,,,,,,,,,,,,,,,,,,specs,OHARA-optical,334.0,2325.0,APL1,,1.5156900335685868,0.0,,,,,density/SLD left NULL: the catalog page states no density; formula NULL: a catalog optical glass (composition proprietary); no x-ray / neutron SLD,,,,,,,,,,optical glass,OHARA-optical/APL1,1.517277,69.563209,517696,,,,,preferred,
158,OHARA S-APL,,,,,,,,,,,,2.59,literature (manufacturer datasheet),,,,,,,specs,OHARA-optical,365.0,900.0,S-APL,,1.5156899346889032,2.705172e-08,,,,,density 2.59 g/cm3 stated by the manufacturer's datasheet (S-APL); formula NULL: a catalog optical glass (composition proprietary); no x-ray / neutron SLD,,,,,,OHARA Zemax catalog 2017-11-30 (obtained from http://www.ohara-inc.co.jp)See also OHARA glass data sheets,,,2017.0,optical glass,OHARA-optical/S-APL,1.517277,69.56319,517696,,0.0034,9.6e-06,243 343,preferred,
159,OHARA S-APL1,,,,,,,,,,,,2.59,literature (manufacturer datasheet),,,,,,,specs,OHARA-optical,300.0,2400.0,S-APL1,,1.5156900335685868,2.705172e-08,,,,,density 2.59 g/cm3 stated by the manufacturer's datasheet (S-APL1); formula NULL: a catalog optical glass (composition proprietary); no x-ray / neutron SLD,,,,,,OHARA Zemax catalog 2017-11-30 (obtained from http://www.ohara-inc.co.jp)See also OHARA glass data sheets,,,2017.0,optical glass,OHARA-optical/S-APL1,1.517277,69.563209,517696,,0.0034,9.6e-06,243 343,preferred,
160,OHARA BAH10,,,,,,,,,,,,3.77,literature (manufacturer datasheet),,,,,,,specs,OHARA-optical,365.0,900.0,BAH10,,1.6670811783216806,2.5249699999999998e-08,,,,,density 3.77 g/cm3 stated by the manufacturer's datasheet (BAH10); formula NULL: a catalog optical glass (composition proprietary); no x-ray / neutron SLD,,,,,,OHARA Zemax catalog 2017-11-30 (obtained from http://www.ohara-inc.co.jp)See also OHARA glass data sheets,,,2017.0,optical glass,OHARA-optical/BAH10,1.670029,47.253429,670473,,-0.0006,7.1e-06,243 343,preferred,
161,OHARA BAH11,,,,,,,,,,,,3.81,literature (manufacturer datasheet),,,,,,,specs,OHARA-optical,365.0,900.0,BAH11,,1.6638414692157688,2.361906e-08,,,,,density 3.81 g/cm3 stated by the manufacturer's datasheet (BAH11); formula NULL: a catalog optical glass (composition proprietary); no x-ray / neutron SLD,,,,,,OHARA Zemax catalog 2017-11-30 (obtained from http://www.ohara-inc.co.jp)See also OHARA glass data sheets,,,2017.0,optical glass,OHARA-optical/BAH11,1.666718,48.317266,667483,,-0.0013,7.4e-06,243 343,preferred,
162,OHARA BAH13,,,,,,,,,,,,4.0,literature (manufacturer datasheet),,,,,,,specs,OHARA-optical,300.0,2400.0,BAH13,,1.6658397158707179,2.361906e-08,,,,,density 4.0 g/cm3 stated by the manufacturer's datasheet (BAH13); formula NULL: a catalog optical glass (composition proprietary); no x-ray / neutron SLD,,,,,,OHARA Zemax catalog 2017-11-30 (obtained from http://www.ohara-inc.co.jp)See also OHARA glass data sheets,,,2017.0,optical glass,OHARA-optical/BAH13,1.668921,44.987354,669450,,0.0005,7.6e-06,243 343,preferred,
163,OHARA BAH22,,,,,,,,,,,,3.96,literature (manufacturer datasheet),,,,,,,specs,OHARA-optical,300.0,2400.0,BAH22,,1.660659328316108,1.0084326000000001e-08,,,,,density 3.96 g/cm3 stated by the manufacturer's datasheet (BAH22); formula NULL: a catalog optical glass (composition proprietary); no x-ray / neutron SLD,,,,,,OHARA Zemax catalog 2017-11-30 (obtained from http://www.ohara-inc.co.jp)See also OHARA glass data sheets,,,2017.0,optical glass,OHARA-optical/BAH22,1.664459,35.812757,664358,,0.0013,8.5e-06,243 343,preferred,
164,OHARA BAH26,,,,,,,,,,,,3.8,literature (manufacturer datasheet),,,,,,,specs,OHARA-optical,300.0,2400.0,BAH26,,1.6642651138684061,2.868236e-08,,,,,density 3.8 g/cm3 stated by the manufacturer's datasheet (BAH26); formula NULL: a catalog optical glass (composition proprietary); no x-ray / neutron SLD,,,,,,OHARA Zemax catalog 2017-11-30 (obtained from http://www.ohara-inc.co.jp)See also OHARA glass data sheets,,,2017.0,optical glass,OHARA-optical/BAH26,1.667551,41.927521,668419,,0.0011,7.5e-06,243 343,preferred,
165,OHARA BAH27,,,,,,,,,,,,4.019,literature (manufacturer datasheet),,,,,,,specs,OHARA-optical,365.0,900.0,BAH27,,1.6980287985954807,2.868236e-08,,,,,density 4.019 g/cm3 stated by the manufacturer's datasheet (BAH27); formula NULL: a catalog optical glass (composition proprietary); no x-ray / neutron SLD,,,,,,OHARA Zemax catalog 2017-11-30 (obtained from http://www.ohara-inc.co.jp)See also OHARA glass data sheets,,,2017.0,optical glass,OHARA-optical/BAH27,1.701536,41.242277,702412,,0.0024,7.5e-06,243 343,preferred,
166,OHARA BAH28,,,,,,,,,,,,3.95,literature (manufacturer datasheet),,,,,,,specs,OHARA-optical,365.0,900.0,BAH28,,1.7195113244108358,3.53847e-08,,,,,density 3.95 g/cm3 stated by the manufacturer's datasheet (BAH28); formula NULL: a catalog optical glass (composition proprietary); no x-ray / neutron SLD,,,,,,OHARA Zemax catalog 2017-11-30 (obtained from http://www.ohara-inc.co.jp)See also OHARA glass data sheets,,,2017.0,optical glass,OHARA-optical/BAH28,1.72342,37.949115,723380,723379,0.0035,7.4e-06,243 343,preferred,
167,OHARA BAH30,,,,,,,,,,,,3.91,literature (manufacturer datasheet),,,,,,,specs,OHARA-optical,300.0,2400.0,BAH30,,1.64676523554912,2.01897e-08,,,,,density 3.91 g/cm3 stated by the manufacturer's datasheet (BAH30); formula NULL: a catalog optical glass (composition proprietary); no x-ray / neutron SLD,,,,,,OHARA Zemax catalog 2017-11-30 (obtained from http://www.ohara-inc.co.jp)See also OHARA glass data sheets,,,2017.0,optical glass,OHARA-optical/BAH30,1.650158,39.390461,650394,,0.0015,9.2e-06,243 343,preferred,
168,OHARA BAH32,,,,,,,,,,,,4.019,literature (manufacturer datasheet),,,,,,,specs,OHARA-optical,300.0,2400.0,BAH32,,1.666467116463725,1.0084326000000001e-08,,,,,density 4.019 g/cm3 stated by the manufacturer's datasheet (BAH32); formula NULL: a catalog optical glass (composition proprietary); no x-ray / neutron SLD,,,,,,OHARA Zemax catalog 2017-11-30 (obtained from http://www.ohara-inc.co.jp)See also OHARA glass data sheets,,,2017.0,optical glass,OHARA-optical/BAH32,1.669979,39.279752,670393,,,7e-06,243 343,preferred,
169,OHARA BAH54,,,,,,,,,,,,,,,,,,,,specs,OHARA-optical,334.0,2325.0,BAH54,,1.6915847182040022,0.0,,,,,density/SLD left NULL: the catalog page states no density; formula NULL: a catalog optical glass (composition proprietary); no x-ray / neutron SLD,,,,,,,,,,optical glass,OHARA-optical/BAH54,1.695,42.167111,695422,,,,,preferred,
170,OHARA BAH71,,,,,,,,,,,,3.97,literature (manufacturer datasheet),,,,,,,specs,OHARA-optical,300.0,2400.0,BAH71,,1.6983925233136068,2.868236e-08,,,,,density 3.97 g/cm3 stated by the manufacturer's datasheet (BAH71); formula NULL: a catalog optical glass (composition proprietary); no x-ray / neutron SLD,,,,,,OHARA Zemax catalog 2017-11-30 (obtained from http://www.ohara-inc.co.jp)See also OHARA glass data sheets,,,2017.0,optical glass,OHARA-optical/BAH71,1.701998,40.097173,702401,,0.0003,7.4e-06,243 343,preferred,
171,OHARA BAH77,,,,,,,,,,,,4.15,literature (manufacturer datasheet),,,,,,,specs,OHARA-optical,300.0,2400.0,BAH77,,1.6980254791229912,1.856042e-08,,,,,density 4.15 g/cm3 stated by the manufacturer's datasheet (BAH77); formula NULL: a catalog optical glass (composition proprietary); no x-ray / neutron SLD,,,,,,OHARA Zemax catalog 2017-11-30 (obtained from http://www.ohara-inc.co.jp)See also OHARA glass data sheets,,,2017.0,optical glass,OHARA-optical/BAH77,1.701539,41.21001,702412,,0.0003,7.2e-06,243 343,preferred,
172,OHARA BAH78,,,,,,,,,,,,4.24,literature (manufacturer datasheet),,,,,,,specs,OHARA-optical,300.0,2400.0,BAH78,,1.7195108261028125,1.513436e-08,,,,,density 4.24 g/cm3 stated by the manufacturer's datasheet (BAH78); formula NULL: a catalog optical glass (composition proprietary); no x-ray / neutron SLD,,,,,,OHARA Zemax catalog 2017-11-30 (obtained from http://www.ohara-inc.co.jp)See also OHARA glass data sheets,,,2017.0,optical glass,OHARA-optical/BAH78,1.723421,38.03427,723380,,-0.0005,6.9e-06,243 343,preferred,
173,OHARA S-BAH10,,,,,,,,,,,,3.48,literature (manufacturer datasheet),,,,,,,specs,OHARA-optical,340.0,2400.0,S-BAH10,,1.667073881675387,2.01897e-08,,,,,density 3.48 g/cm3 stated by the manufacturer's datasheet (S-BAH10); formula NULL: a catalog optical glass (composition proprietary); no x-ray / neutron SLD,,,,,,OHARA Zemax catalog 2017-11-30 (obtained from http://www.ohara-inc.co.jp)See also OHARA glass data sheets,,,2017.0,optical glass,OHARA-optical/S-BAH10,1.670029,47.230916,670473,670472,-0.0024,6.8e-06,243 343,,Recommended
174,OHARA S-BAH11,,,,,,,,,,,,3.59,literature (manufacturer datasheet),,,,,,,specs,OHARA-optical,340.0,2400.0,S-BAH11,,1.663841303363168,2.5249699999999998e-08,,,,,density 3.59 g/cm3 stated by the manufacturer's datasheet (S-BAH11); formula NULL: a catalog optical glass (composition proprietary); no x-ray / neutron SLD,,,,,,OHARA Zemax catalog 2017-11-30 (obtained from http://www.ohara-inc.co.jp)See also OHARA glass data sheets,,,2017.0,optical glass,OHARA-optical/S-BAH11,1.666718,48.325247,667483,,-0.0024,6.9e-06,243 343,,Recommended
175,OHARA S-BAH27,,,,,,,,,,,,3.67,literature (manufacturer datasheet),,,,,,,specs,OHARA-optical,360.0,2400.0,S-BAH27,,1.6980244534123539,3.03147e-08,,,,,density 3.67 g/cm3 stated by the manufacturer's datasheet (S-BAH27); formula NULL: a catalog optical glass (composition proprietary); no x-ray / neutron SLD,,,,,,OHARA Zemax catalog 2017-11-30 (obtained from http://www.ohara-inc.co.jp)See also OHARA glass data sheets,,,2017.0,optical glass,OHARA-optical/S-BAH27,1.701536,41.23944,702412,,0.0018,6.4e-06,243 343,,Recommended
176,OHARA S-BAH28,,,,,,,,,,,,3.67,literature (manufacturer datasheet),,,,,,,specs,OHARA-optical,360.0,2400.0,S-BAH28,,1.7195063606847723,2.52497e-08,,,,,density 3.67 g/cm3 stated by the manufacturer's datasheet (S-BAH28); formula NULL: a catalog optical glass (composition proprietary); no x-ray / neutron SLD,,,,,,OHARA Zemax catalog 2017-11-30 (obtained from http://www.ohara-inc.co.jp)See also OHARA glass data sheets,,,2017.0,optical glass,OHARA-optical/S-BAH28,1.72342,37.955602,723380,,0.0035,6.6e-06,243 343,,Recommended
177,OHARA S-BAH32,,,,,,,,,,,,3.26,literature (manufacturer datasheet),,,,,,,specs,OHARA-optical,360.0,2400.0,S-BAH32,,1.6664683795058226,3.03147e-08,,,,,density 3.26 g/cm3 stated by the manufacturer's datasheet (S-BAH32); formula NULL: a catalog optical glass (composition proprietary); no x-ray / neutron SLD,,,,,,OHARA Zemax catalog 2017-11-30 (obtained from http://www.ohara-inc.co.jp)See also OHARA glass data sheets,,,2017.0,optical glass,OHARA-optical/S-BAH32,1.669979,39.271035,670393,,0.0035,6.9e-06,243 343,,Recommended
178,OHARA S-BAH54,,,,,,,,,,,,3.3,literature (manufacturer datasheet),,,,,,,specs,OHARA-optical,300.0,2400.0,S-BAH54,,1.6915847182040022,1.513436e-08,,,,,density 3.3 g/cm3 stated by the manufacturer's datasheet (S-BAH54); formula NULL: a catalog optical glass (composition proprietary); no x-ray / neutron SLD,,,,,,OHARA Zemax catalog 2017-11-30 (obtained from http://www.ohara-inc.co.jp)See also OHARA glass data sheets,,,2017.0,optical glass,OHARA-optical/S-BAH54,1.695,42.167111,695422,,-0.0039,6.6e-06,243 343,preferred,
179,OHARA BAL2,,,,,,,,,,,,3.1,literature (manufacturer datasheet),,,,,,,specs,OHARA-optical,365.0,900.0,BAL2,,1.5686425972655098,1.6933146e-08,,,,,density 3.1 g/cm3 stated by the manufacturer's datasheet (BAL2); formula NULL: a catalog optical glass (composition proprietary); no x-ray / neutron SLD,,,,,,OHARA Zemax catalog 2017-11-30 (obtained from http://www.ohara-inc.co.jp)See also OHARA glass data sheets,,,2017.0,optical glass,OHARA-optical/BAL2,1.570989,50.797474,571508,,-0.0007,1e-05,243 343,preferred,
180,OHARA BAL3,,,,,,,,,,,,3.14,literature (manufacturer datasheet),,,,,,,specs,OHARA-optical,365.0,900.0,BAL3,,1.5690944966215603,2.361906e-08,,,,,density 3.14 g/cm3 stated by the manufacturer's datasheet (BAL3); formula NULL: a catalog optical glass (composition proprietary); no x-ray / neutron SLD,,,,,,OHARA Zemax catalog 2017-11-30 (obtained from http://www.ohara-inc.co.jp)See also OHARA glass data sheets,,,2017.0,optical glass,OHARA-optical/BAL3,1.571351,52.968158,571530,,-0.0007,9.7e-06,243 343,preferred,
181,OHARA BAL5,,,,,,,,,,,,2.82,literature (manufacturer datasheet),,,,,,,specs,OHARA-optical,300.0,2400.0,BAL5,,1.5452486564390064,2.361906e-08,,,,,density 2.82 g/cm3 stated by the manufacturer's datasheet (BAL5); formula NULL: a catalog optical glass (composition proprietary); no x-ray / neutron SLD,,,,,,OHARA Zemax catalog 2017-11-30 (obtained from http://www.ohara-inc.co.jp)See also OHARA glass data sheets,,,2017.0,optical glass,OHARA-optical/BAL5,1.547393,53.550738,547536,,-0.0006,9.2e-06,243 343,preferred,
182,OHARA BAL7,,,,,,,,,,,,3.18,literature (manufacturer datasheet),,,,,,,specs,OHARA-optical,300.0,2400.0,BAL7,,1.5863487936629133,1.513436e-08,,,,,density 3.18 g/cm3 stated by the manufacturer's datasheet (BAL7); formula NULL: a catalog optical glass (composition proprietary); no x-ray / neutron SLD,,,,,,OHARA Zemax catalog 2017-11-30 (obtained from http://www.ohara-inc.co.jp)See also OHARA glass data sheets,,,2017.0,optical glass,OHARA-optical/BAL7,1.58875,51.179278,589512,,-0.0012,7.5e-06,243 343,preferred,
183,OHARA BAL11,,,,,,,,,,,,3.09,literature (manufacturer datasheet),,,,,,,specs,OHARA-optical,365.0,900.0,BAL11,,1.5704093511159856,1.856042e-08,,,,,density 3.09 g/cm3 stated by the manufacturer's datasheet (BAL11); formula NULL: a catalog optical glass (composition proprietary); no x-ray / neutron SLD,,,,,,OHARA Zemax catalog 2017-11-30 (obtained from http://www.ohara-inc.co.jp)See also OHARA glass data sheets,,,2017.0,optical glass,OHARA-optical/BAL11,1.572501,57.760854,573578,,-0.0018,7.2e-06,243 343,preferred,
184,OHARA BAL12,,,,,,,,,,,,2.75,literature (manufacturer datasheet),,,,,,,specs,OHARA-optical,365.0,900.0,BAL12,,1.5380405123202578,1.3507085999999999e-08,,,,,density 2.75 g/cm3 stated by the manufacturer's datasheet (BAL12); formula NULL: a catalog optical glass (composition proprietary); no x-ray / neutron SLD,,,,,,OHARA Zemax catalog 2017-11-30 (obtained from http://www.ohara-inc.co.jp)See also OHARA glass data sheets,,,2017.0,optical glass,OHARA-optical/BAL12,1.539955,59.454008,540595,,-0.001,8.3e-06,243 343,preferred,
185,OHARA BAL14,,,,,,,,,,,,3.08,literature (manufacturer datasheet),,,,,,,specs,OHARA-optical,365.0,900.0,BAL14,,1.5667051443858935,2.0189699999999998e-08,,,,,density 3.08 g/cm3 stated by the manufacturer's datasheet (BAL14); formula NULL: a catalog optical glass (composition proprietary); no x-ray / neutron SLD,,,,,,OHARA Zemax catalog 2017-11-30 (obtained from http://www.ohara-inc.co.jp)See also OHARA glass data sheets,,,2017.0,optical glass,OHARA-optical/BAL14,1.568832,56.339266,569563,,-0.0025,7.3e-06,243 343,preferred,
186,OHARA BAL15,,,,,,,,,,,,2.92,literature (manufacturer datasheet),,,,,,,specs,OHARA-optical,300.0,2400.0,BAL15,,1.5547069175287906,1.3507085999999999e-08,,,,,density 2.92 g/cm3 stated by the manufacturer's datasheet (BAL15); formula NULL: a catalog optical glass (composition proprietary); no x-ray / neutron SLD,,,,,,OHARA Zemax catalog 2017-11-30 (obtained from http://www.ohara-inc.co.jp)See also OHARA glass data sheets,,,2017.0,optical glass,OHARA-optical/BAL15,1.556711,58.689461,557587,,-0.0023,7.4e-06,243 343,preferred,
187,OHARA BAL15Y,,,,,,,,,,,,2.9,literature (manufacturer datasheet),,,,,,,specs,OHARA-optical,300.0,2400.0,BAL15Y,,1.5547065565874896,8.458480000000001e-09,,,,,density 2.9 g/cm3 stated by the manufacturer's datasheet (BAL15Y); formula NULL: a catalog optical glass (composition proprietary); no x-ray / neutron SLD,,,,,,OHARA Zemax catalog 2017-11-30 (obtained from http://www.ohara-inc.co.jp)See also OHARA glass data sheets,,,2017.0,optical glass,OHARA-optical/BAL15Y,1.556711,58.679177,557587,,-0.0021,7.6e-06,243 343,,Improved XMT at 365
188,OHARA BAL22,,,,,,,,,,,,3.06,literature (manufacturer datasheet),,,,,,,specs,OHARA-optical,365.0,900.0,BAL22,,1.5668146960076004,2.868236e-08,,,,,density 3.06 g/cm3 stated by the manufacturer's datasheet (BAL22); formula NULL: a catalog optical glass (composition proprietary); no x-ray / neutron SLD,,,,,,OHARA Zemax catalog 2017-11-30 (obtained from http://www.ohara-inc.co.jp)See also OHARA glass data sheets,,,2017.0,optical glass,OHARA-optical/BAL22,1.568729,63.162358,569632,,-0.0029,6.6e-06,243 343,preferred,
189,OHARA BAL35,,,,,,,,,,,,3.31,literature (manufacturer datasheet),,,,,,,specs,OHARA-optical,365.0,900.0,BAL35,,1.5870881070310954,1.856042e-08,,,,,density 3.31 g/cm3 stated by the manufacturer's datasheet (BAL35); formula NULL: a catalog optical glass (composition proprietary); no x-ray / neutron SLD,,,,,,OHARA Zemax catalog 2017-11-30 (obtained from http://www.ohara-inc.co.jp)See also OHARA glass data sheets,,,2017.0,optical glass,OHARA-optical/BAL35,1.58913,61.182174,589612,,-0.0021,5.8e-06,243 343,preferred,
190,OHARA BAL35Y,,,,,,,,,,,,3.23,literature (manufacturer datasheet),,,,,,,specs,OHARA-optical,290.0,2400.0,BAL35Y,,1.5870891236094102,5.039746e-09,,,,,density 3.23 g/cm3 stated by the manufacturer's datasheet (BAL35Y); formula NULL: a catalog optical glass (composition proprietary); no x-ray / neutron SLD,,,,,,OHARA Zemax catalog 2017-11-30 (obtained from http://www.ohara-inc.co.jp)See also OHARA glass data sheets,,,2017.0,optical glass,OHARA-optical/BAL35Y,1.58913,61.233033,589612,,-0.0026,5.7e-06,243 343,,Improved XMT at 365
191,OHARA BAL41,,,,,,,,,,,,2.78,literature (manufacturer datasheet),,,,,,,specs,OHARA-optical,365.0,900.0,BAL41,,1.5618700269972585,1.513436e-08,,,,,density 2.78 g/cm3 stated by the manufacturer's datasheet (BAL41); formula NULL: a catalog optical glass (composition proprietary); no x-ray / neutron SLD,,,,,,OHARA Zemax catalog 2017-11-30 (obtained from http://www.ohara-inc.co.jp)See also OHARA glass data sheets,,,2017.0,optical glass,OHARA-optical/BAL41,1.563839,60.695914,564607,,-0.0029,7.8e-06,243 343,preferred,
192,OHARA BAL42,,,,,,,,,,,,,,,,,,,,specs,OHARA-optical,334.0,2325.0,BAL42,,1.5810513271562319,0.0,,,,,density/SLD left NULL: the catalog page states no density; formula NULL: a catalog optical glass (composition proprietary); no x-ray / neutron SLD,,,,,,,,,,optical glass,OHARA-optical/BAL42,1.583126,59.373789,583594,,,,,preferred,
193,OHARA BAL50,,,,,,,,,,,,,,,,,,,,specs,OHARA-optical,334.0,2325.0,BAL50,,1.5576849171022493,0.0,,,,,density/SLD left NULL: the catalog page states no density; formula NULL: a catalog optical glass (composition proprietary); no x-ray / neutron SLD,,,,,,,,,,optical glass,OHARA-optical/BAL50,1.559625,61.172671,560612,,,,,preferred,
194,OHARA L-BAL35,,,,,,,,,,,,2.82,literature (manufacturer datasheet),,,,,,,specs,OHARA-optical,300.0,2400.0,L-BAL35,,1.5870816685884532,1.0084326000000001e-08,,,,,density 2.82 g/cm3 stated by the manufacturer's datasheet (L-BAL35); formula NULL: a catalog optical glass (composition proprietary); no x-ray / neutron SLD,,,,,,OHARA Zemax catalog 2017-11-30 (obtained from http://www.ohara-inc.co.jp)See also OHARA glass data sheets,,,2017.0,optical glass,OHARA-optical/L-BAL35,1.58913,61.152601,589612,,-0.0043,6.6e-06,243 343,,Low Softening Temperature
195,OHARA L-BAL35P,,,,,,,,,,,,2.82,literature (manufacturer datasheet),,,,,,,specs,OHARA-optical,365.015,2325.4199999999996,L-BAL35P,,1.5900167672916545,8.458480000000001e-09,,,,,density 2.82 g/cm3 stated by the manufacturer's datasheet (L-BAL35P); formula NULL: a catalog optical glass (composition proprietary); no x-ray / neutron SLD,,,,,,OHARA Zemax catalog 2017-11-30 (obtained from http://www.ohara-inc.co.jp)See also OHARA glass data sheets,,,2017.0,optical glass,OHARA-optical/L-BAL35P,1.59208,60.993997,592610,,-0.0046,6.6e-06,243 343,,Low Softening Temperature
196,OHARA L-BAL42,,,,,,,,,,,,3.05,literature (manufacturer datasheet),,,,,,,specs,OHARA-optical,290.0,900.0,L-BAL42,,1.581047821595181,1.0084326e-08,,,,,density 3.05 g/cm3 stated by the manufacturer's datasheet (L-BAL42); formula NULL: a catalog optical glass (composition proprietary); no x-ray / neutron SLD,,,,,,OHARA Zemax catalog 2017-11-30 (obtained from http://www.ohara-inc.co.jp)See also OHARA glass data sheets,,,2017.0,optical glass,OHARA-optical/L-BAL42,1.583126,59.385694,583594,,-0.0031,7.2e-06,243 343,,Low Softening Temperature
197,OHARA L-BAL42P,,,,,,,,,,,,3.05,literature (manufacturer datasheet),,,,,,,specs,OHARA-optical,365.015,2325.4199999999996,L-BAL42P,,1.583837050942499,8.458480000000001e-09,,,,,density 3.05 g/cm3 stated by the manufacturer's datasheet (L-BAL42P); formula NULL: a catalog optical glass (composition proprietary); no x-ray / neutron SLD,,,,,,OHARA Zemax catalog 2017-11-30 (obtained from http://www.ohara-inc.co.jp)See also OHARA glass data sheets,,,2017.0,optical glass,OHARA-optical/L-BAL42P,1.58593,59.248294,583594,586592,-0.0031,7.2e-06,243 343,,Low Softening Temperature
198,OHARA L-BAL43,,,,,,,,,,,,3.05,literature (manufacturer datasheet),,,,,,,specs,OHARA-optical,300.0,2400.0,L-BAL43,,1.5836511182382047,5.039746e-09,,,,,density 3.05 g/cm3 stated by the manufacturer's datasheet (L-BAL43); formula NULL: a catalog optical glass (composition proprietary); no x-ray / neutron SLD,,,,,,OHARA Zemax catalog 2017-11-30 (obtained from http://www.ohara-inc.co.jp)See also OHARA glass data sheets,,,2017.0,optical glass,OHARA-optical/L-BAL43,1.585729,59.69698,586597,,0.5415,7.2e-06,243 343,,Low Softening Temperature
199,OHARA S-BAL2,,,,,,,,,,,,2.89,literature (manufacturer datasheet),,,,,,,specs,OHARA-optical,340.0,2400.0,S-BAL2,,1.5686402131320418,1.0084326000000001e-08,,,,,density 2.89 g/cm3 stated by the manufacturer's datasheet (S-BAL2); formula NULL: a catalog optical glass (composition proprietary); no x-ray / neutron SLD,,,,,,OHARA Zemax catalog 2017-11-30 (obtained from http://www.ohara-inc.co.jp)See also OHARA glass data sheets,,,2017.0,optical glass,OHARA-optical/S-BAL2,1.570989,50.799858,571508,,-0.0005,9.1e-06,243 343,,Recommended
200,OHARA S-BAL3,,,,,,,,,,,,2.98,literature (manufacturer datasheet),,,,,,,specs,OHARA-optical,330.0,2400.0,S-BAL3,,1.5690912505273664,1.0084326000000001e-08,,,,,density 2.98 g/cm3 stated by the manufacturer's datasheet (S-BAL3); formula NULL: a catalog optical glass (composition proprietary); no x-ray / neutron SLD,,,,,,OHARA Zemax catalog 2017-11-30 (obtained from http://www.ohara-inc.co.jp)See also OHARA glass data sheets,,,2017.0,optical glass,OHARA-optical/S-BAL3,1.571351,52.952106,571530,,-0.0005,9.5e-06,243 343,,Recommended
201,OHARA S-BAL11,,,,,,,,,,,,3.02,literature (manufacturer datasheet),,,,,,,specs,OHARA-optical,320.0,2400.0,S-BAL11,,1.5704080770321875,8.458480000000001e-09,,,,,density 3.02 g/cm3 stated by the manufacturer's datasheet (S-BAL11); formula NULL: a catalog optical glass (composition proprietary); no x-ray / neutron SLD,,,,,,OHARA Zemax catalog 2017-11-30 (obtained from http://www.ohara-inc.co.jp)See also OHARA glass data sheets,,,2017.0,optical glass,OHARA-optical/S-BAL11,1.572501,57.74298,573578,573577,-0.0024,6.6e-06,243 343,special,Recommended
202,OHARA S-BAL12,,,,,,,,,,,,2.75,literature (manufacturer datasheet),,,,,,,specs,OHARA-optical,300.0,2400.0,S-BAL12,,1.5380369281831319,8.458480000000001e-09,,,,,density 2.75 g/cm3 stated by the manufacturer's datasheet (S-BAL12); formula NULL: a catalog optical glass (composition proprietary); no x-ray / neutron SLD,,,,,,OHARA Zemax catalog 2017-11-30 (obtained from http://www.ohara-inc.co.jp)See also OHARA glass data sheets,,,2017.0,optical glass,OHARA-optical/S-BAL12,1.539956,59.462478,540595,,-0.0012,8.6e-06,243 343,,Recommended
203,OHARA S-BAL14,,,,,,,,,,,,2.89,literature (manufacturer datasheet),,,,,,,specs,OHARA-optical,330.0,2400.0,S-BAL14,,1.5667064906725785,1.3507085999999999e-08,,,,,density 2.89 g/cm3 stated by the manufacturer's datasheet (S-BAL14); formula NULL: a catalog optical glass (composition proprietary); no x-ray / neutron SLD,,,,,,OHARA Zemax catalog 2017-11-30 (obtained from http://www.ohara-inc.co.jp)See also OHARA glass data sheets,,,2017.0,optical glass,OHARA-optical/S-BAL14,1.568832,56.363897,569563,569564,-0.0014,8e-06,243 343,,Recommended
204,OHARA S-BAL22,,,,,,,,,,,,3.05,literature (manufacturer datasheet),,,,,,,specs,OHARA-optical,300.0,2400.0,S-BAL22,,1.566811898833721,1.0084326000000001e-08,,,,,density 3.05 g/cm3 stated by the manufacturer's datasheet (S-BAL22); formula NULL: a catalog optical glass (composition proprietary); no x-ray / neutron SLD,,,,,,OHARA Zemax catalog 2017-11-30 (obtained from http://www.ohara-inc.co.jp)See also OHARA glass data sheets,,,2017.0,optical glass,OHARA-optical/S-BAL22,1.568729,63.10486,569631,,-0.0023,6.5e-06,243 343,special,
205,OHARA S-BAL35,,,,,,,,,,,,3.31,literature (manufacturer datasheet),,,,,,,specs,OHARA-optical,300.0,2400.0,S-BAL35,,1.58708698086932,1.0084326000000001e-08,,,,,density 3.31 g/cm3 stated by the manufacturer's datasheet (S-BAL35); formula NULL: a catalog optical glass (composition proprietary); no x-ray / neutron SLD,,,,,,OHARA Zemax catalog 2017-11-30 (obtained from http://www.ohara-inc.co.jp)See also OHARA glass data sheets,,,2017.0,optical glass,OHARA-optical/S-BAL35,1.58913,61.135024,589612,589611,-0.0018,5.7e-06,243 343,,Recommended
206,OHARA S-BAL41,,,,,,,,,,,,2.78,literature (manufacturer datasheet),,,,,,,specs,OHARA-optical,300.0,2400.0,S-BAL41,,1.5618682678367581,1.3507085999999999e-08,,,,,density 2.78 g/cm3 stated by the manufacturer's datasheet (S-BAL41); formula NULL: a catalog optical glass (composition proprietary); no x-ray / neutron SLD,,,,,,OHARA Zemax catalog 2017-11-30 (obtained from http://www.ohara-inc.co.jp)See also OHARA glass data sheets,,,2017.0,optical glass,OHARA-optical/S-BAL41,1.563839,60.666575,564607,,-0.0031,7.5e-06,243 343,,Recommended
207,OHARA S-BAL42,,,,,,,,,,,,3.19,literature (manufacturer datasheet),,,,,,,specs,OHARA-optical,290.0,2400.0,S-BAL42,,1.5810502119368355,1.0084326000000001e-08,,,,,density 3.19 g/cm3 stated by the manufacturer's datasheet (S-BAL42); formula NULL: a catalog optical glass (composition proprietary); no x-ray / neutron SLD,,,,,,OHARA Zemax catalog 2017-11-30 (obtained from http://www.ohara-inc.co.jp)See also OHARA glass data sheets,,,2017.0,optical glass,OHARA-optical/S-BAL42,1.583126,59.374673,583594,,-0.002,6.6e-06,243 343,,Recommended
208,OHARA S-BAL50,,,,,,,,,,,,2.74,literature (manufacturer datasheet),,,,,,,specs,OHARA-optical,300.0,2400.0,S-BAL50,,1.5576849171022493,2.361906e-08,,,,,density 2.74 g/cm3 stated by the manufacturer's datasheet (S-BAL50); formula NULL: a catalog optical glass (composition proprietary); no x-ray / neutron SLD,,,,,,OHARA Zemax catalog 2017-11-30 (obtained from http://www.ohara-inc.co.jp)See also OHARA glass data sheets,,,2017.0,optical glass,OHARA-optical/S-BAL50,1.559625,61.172671,560612,,-0.0033,7.5e-06,243 343,special,
209,OHARA BAM3,,,,,,,,,,,,3.18,literature (manufacturer datasheet),,,,,,,specs,OHARA-optical,300.0,2400.0,BAM3,,1.5800654056444132,1.0084326000000001e-08,,,,,density 3.18 g/cm3 stated by the manufacturer's datasheet (BAM3); formula NULL: a catalog optical glass (composition proprietary); no x-ray / neutron SLD,,,,,,OHARA Zemax catalog 2017-11-30 (obtained from http://www.ohara-inc.co.jp)See also OHARA glass data sheets,,,2017.0,optical glass,OHARA-optical/BAM3,1.582673,46.423092,583464,,-0.0003,8.1e-06,243 343,preferred,
210,OHARA BAM4,,,,,,,,,,,,3.5,literature (manufacturer datasheet),,,,,,,specs,OHARA-optical,365.0,900.0,BAM4,,1.6027541733753283,1.3507085999999999e-08,,,,,density 3.5 g/cm3 stated by the manufacturer's datasheet (BAM4); formula NULL: a catalog optical glass (composition proprietary); no x-ray / neutron SLD,,,,,,OHARA Zemax catalog 2017-11-30 (obtained from http://www.ohara-inc.co.jp)See also OHARA glass data sheets,,,2017.0,optical glass,OHARA-optical/BAM4,1.60562,43.723021,606437,,0.0004,8e-06,243 343,preferred,
211,OHARA BAM5,,,,,,,,,,,,3.39,literature (manufacturer datasheet),,,,,,,specs,OHARA-optical,300.0,2400.0,BAM5,,1.6047155975237695,2.868236e-08,,,,,density 3.39 g/cm3 stated by the manufacturer's datasheet (BAM5); formula NULL: a catalog optical glass (composition proprietary); no x-ray / neutron SLD,,,,,,OHARA Zemax catalog 2017-11-30 (obtained from http://www.ohara-inc.co.jp)See also OHARA glass data sheets,,,2017.0,optical glass,OHARA-optical/BAM5,1.607289,49.188575,607492,,-0.001,8.1e-06,243 343,preferred,
212,OHARA BAM8,,,,,,,,,,,,3.62,literature (manufacturer datasheet),,,,,,,specs,OHARA-optical,300.0,2400.0,BAM8,,1.62098388686364,1.856042e-08,,,,,density 3.62 g/cm3 stated by the manufacturer's datasheet (BAM8); formula NULL: a catalog optical glass (composition proprietary); no x-ray / neutron SLD,,,,,,OHARA Zemax catalog 2017-11-30 (obtained from http://www.ohara-inc.co.jp)See also OHARA glass data sheets,,,2017.0,optical glass,OHARA-optical/BAM8,1.62374,47.09722,624471,,-0.0019,6.3e-06,243 343,preferred,
213,OHARA BAM9,,,,,,,,,,,,3.85,literature (manufacturer datasheet),,,,,,,specs,OHARA-optical,300.0,2400.0,BAM9,,1.6404834750882882,2.01897e-08,,,,,density 3.85 g/cm3 stated by the manufacturer's datasheet (BAM9); formula NULL: a catalog optical glass (composition proprietary); no x-ray / neutron SLD,,,,,,OHARA Zemax catalog 2017-11-30 (obtained from http://www.ohara-inc.co.jp)See also OHARA glass data sheets,,,2017.0,optical glass,OHARA-optical/BAM9,1.643279,47.850606,643479,,,6.9e-06,243 343,preferred,
214,OHARA BAM12,,,,,,,,,,,,3.8,literature (manufacturer datasheet),,,,,,,specs,OHARA-optical,365.0,900.0,BAM12,,1.6363488561447552,1.856042e-08,,,,,density 3.8 g/cm3 stated by the manufacturer's datasheet (BAM12); formula NULL: a catalog optical glass (composition proprietary); no x-ray / neutron SLD,,,,,,OHARA Zemax catalog 2017-11-30 (obtained from http://www.ohara-inc.co.jp)See also OHARA glass data sheets,,,2017.0,optical glass,OHARA-optical/BAM12,1.6393,44.878032,639449,,-0.0001,7.6e-06,243 343,preferred,
215,OHARA BAM21,,,,,,,,,,,,3.63,literature (manufacturer datasheet),,,,,,,specs,OHARA-optical,300.0,2400.0,BAM21,,1.6227720118860522,1.856042e-08,,,,,density 3.63 g/cm3 stated by the manufacturer's datasheet (BAM21); formula NULL: a catalog optical glass (composition proprietary); no x-ray / neutron SLD,,,,,,OHARA Zemax catalog 2017-11-30 (obtained from http://www.ohara-inc.co.jp)See also OHARA glass data sheets,,,2017.0,optical glass,OHARA-optical/BAM21,1.626059,39.215631,626392,,0.0001,8.2e-06,243 343,preferred,
216,OHARA BAM23,,,,,,,,,,,,3.48,literature (manufacturer datasheet),,,,,,,specs,OHARA-optical,300.0,2400.0,BAM23,,1.6040605522080014,1.856042e-08,,,,,density 3.48 g/cm3 stated by the manufacturer's datasheet (BAM23); formula NULL: a catalog optical glass (composition proprietary); no x-ray / neutron SLD,,,,,,OHARA Zemax catalog 2017-11-30 (obtained from http://www.ohara-inc.co.jp)See also OHARA glass data sheets,,,2017.0,optical glass,OHARA-optical/BAM23,1.607167,40.26316,607403,,0.0008,8.9e-06,243 343,preferred,
217,OHARA BAM25,,,,,,,,,,,,3.46,literature (manufacturer datasheet),,,,,,,specs,OHARA-optical,365.0,900.0,BAM25,,1.600286210297358,1.3507085999999999e-08,,,,,density 3.46 g/cm3 stated by the manufacturer's datasheet (BAM25); formula NULL: a catalog optical glass (composition proprietary); no x-ray / neutron SLD,,,,,,OHARA Zemax catalog 2017-11-30 (obtained from http://www.ohara-inc.co.jp)See also OHARA glass data sheets,,,2017.0,optical glass,OHARA-optical/BAM25,1.60323,42.320943,603423,,,8.4e-06,243 343,preferred,
218,OHARA S-BAM3,,,,,,,,,,,,2.75,literature (manufacturer datasheet),,,,,,,specs,OHARA-optical,350.0,2400.0,S-BAM3,,1.5800644399212165,1.856042e-08,,,,,density 2.75 g/cm3 stated by the manufacturer's datasheet (S-BAM3); formula NULL: a catalog optical glass (composition proprietary); no x-ray / neutron SLD,,,,,,OHARA Zemax catalog 2017-11-30 (obtained from http://www.ohara-inc.co.jp)See also OHARA glass data sheets,,,2017.0,optical glass,OHARA-optical/S-BAM3,1.582673,46.423175,583464,,0.0007,8.5e-06,243 343,special,Recommended
219,OHARA S-BAM4,,,,,,,,,,,,2.91,literature (manufacturer datasheet),,,,,,,specs,OHARA-optical,350.0,2400.0,S-BAM4,,1.602751639913497,1.856042e-08,,,,,density 2.91 g/cm3 stated by the manufacturer's datasheet (S-BAM4); formula NULL: a catalog optical glass (composition proprietary); no x-ray / neutron SLD,,,,,,OHARA Zemax catalog 2017-11-30 (obtained from http://www.ohara-inc.co.jp)See also OHARA glass data sheets,,,2017.0,optical glass,OHARA-optical/S-BAM4,1.60562,43.706978,606437,,0.0013,8.4e-06,243 343,,Recommended
220,OHARA S-BAM12,,,,,,,,,,,,3.18,literature (manufacturer datasheet),,,,,,,specs,OHARA-optical,350.0,2400.0,S-BAM12,,1.6363423096398144,2.01897e-08,,,,,density 3.18 g/cm3 stated by the manufacturer's datasheet (S-BAM12); formula NULL: a catalog optical glass (composition proprietary); no x-ray / neutron SLD,,,,,,OHARA Zemax catalog 2017-11-30 (obtained from http://www.ohara-inc.co.jp)See also OHARA glass data sheets,,,2017.0,optical glass,OHARA-optical/S-BAM12,1.6393,44.872804,639449,,-0.0006,7.6e-06,243 343,,Recommended
221,OHARA L-BBH1,,,,,,,,,,,,6.57,literature (manufacturer datasheet),,,,,,,specs,OHARA-optical,300.0,2400.0,L-BBH1,,2.089181071941494,1.1223434e-07,,,,,density 6.57 g/cm3 stated by the manufacturer's datasheet (L-BBH1); formula NULL: a catalog optical glass (composition proprietary); no x-ray / neutron SLD,,,,,,OHARA Zemax catalog 2017-11-30 (obtained from http://www.ohara-inc.co.jp)See also OHARA glass data sheets,,,2017.0,optical glass,OHARA-optical/L-BBH1,2.101949,16.785097,102168,,0.0578,1.07e-05,243 343,preferred,Low Softening Temperature
222,OHARA L-BBH2,,,,,,,,,,,,6.74,literature (manufacturer datasheet),,,,,,,specs,OHARA-optical,300.0,2400.0,L-BBH2,,2.091019388824457,7.10196e-08,,,,,density 6.74 g/cm3 stated by the manufacturer's datasheet (L-BBH2); formula NULL: a catalog optical glass (composition proprietary); no x-ray / neutron SLD,,,,,,OHARA Zemax catalog 2017-11-30 (obtained from http://www.ohara-inc.co.jp)See also OHARA glass data sheets,,,2017.0,optical glass,OHARA-optical/L-BBH2,2.102999,18.051064,103181,,0.0439,8.4e-06,243 343,preferred,Low Softening Temperature
223,OHARA BPH5,,,,,,,,,,,,3.49,literature (manufacturer datasheet),,,,,,,specs,OHARA-optical,300.0,2400.0,BPH5,,1.6506974492082669,6.665592e-09,,,,,density 3.49 g/cm3 stated by the manufacturer's datasheet (BPH5); formula NULL: a catalog optical glass (composition proprietary); no x-ray / neutron SLD,,,,,,OHARA Zemax catalog 2017-11-30 (obtained from http://www.ohara-inc.co.jp)See also OHARA glass data sheets,,,2017.0,optical glass,OHARA-optical/BPH5,1.654115,39.687638,654397,,-0.0065,4.6e-06,243 343,preferred,
224,OHARA BPH8,,,,,,,,,,,,4.2,literature (manufacturer datasheet),,,,,,,specs,OHARA-optical,300.0,2400.0,BPH8,,1.7162034991704438,1.513436e-08,,,,,density 4.2 g/cm3 stated by the manufacturer's datasheet (BPH8); formula NULL: a catalog optical glass (composition proprietary); no x-ray / neutron SLD,,,,,,OHARA Zemax catalog 2017-11-30 (obtained from http://www.ohara-inc.co.jp)See also OHARA glass data sheets,,,2017.0,optical glass,OHARA-optical/BPH8,1.720467,34.716156,720347,,-0.0027,5.4e-06,243 343,preferred,
225,OHARA BPH35,,,,,,,,,,,,3.46,literature (manufacturer datasheet),,,,,,,specs,OHARA-optical,300.0,2400.0,BPH35,,1.6412186926450159,1.17116e-08,,,,,density 3.46 g/cm3 stated by the manufacturer's datasheet (BPH35); formula NULL: a catalog optical glass (composition proprietary); no x-ray / neutron SLD,,,,,,OHARA Zemax catalog 2017-11-30 (obtained from http://www.ohara-inc.co.jp)See also OHARA glass data sheets,,,2017.0,optical glass,OHARA-optical/BPH35,1.644496,40.817749,645408,644408,-0.0067,4.8e-06,243 343,preferred,
226,OHARA BPH40,,,,,,,,,,,,3.76,literature (manufacturer datasheet),,,,,,,specs,OHARA-optical,300.0,2400.0,BPH40,,1.672780893210466,1.0084326000000001e-08,,,,,density 3.76 g/cm3 stated by the manufacturer's datasheet (BPH40); formula NULL: a catalog optical glass (composition proprietary); no x-ray / neutron SLD,,,,,,OHARA Zemax catalog 2017-11-30 (obtained from http://www.ohara-inc.co.jp)See also OHARA glass data sheets,,,2017.0,optical glass,OHARA-optical/BPH40,1.676498,37.537388,677375,676375,-0.0045,5.3e-06,243 343,preferred,
227,OHARA BPH45,,,,,,,,,,,,4.16,literature (manufacturer datasheet),,,,,,,specs,OHARA-optical,300.0,2400.0,BPH45,,1.7141118512757896,1.17116e-08,,,,,density 4.16 g/cm3 stated by the manufacturer's datasheet (BPH45); formula NULL: a catalog optical glass (composition proprietary); no x-ray / neutron SLD,,,,,,OHARA Zemax catalog 2017-11-30 (obtained from http://www.ohara-inc.co.jp)See also OHARA glass data sheets,,,2017.0,optical glass,OHARA-optical/BPH45,1.718502,33.515702,719335,,-0.0009,5.7e-06,243 343,preferred,
228,OHARA BPH50,,,,,,,,,,,,4.48,literature (manufacturer datasheet),,,,,,,specs,OHARA-optical,300.0,2400.0,BPH50,,1.7352333977719145,1.17116e-08,,,,,density 4.48 g/cm3 stated by the manufacturer's datasheet (BPH50); formula NULL: a catalog optical glass (composition proprietary); no x-ray / neutron SLD,,,,,,OHARA Zemax catalog 2017-11-30 (obtained from http://www.ohara-inc.co.jp)See also OHARA glass data sheets,,,2017.0,optical glass,OHARA-optical/BPH50,1.739997,31.710001,740317,,,5.6e-06,243 343,preferred,
229,OHARA BPM4,,,,,,,,,,,,3.22,literature (manufacturer datasheet),,,,,,,specs,OHARA-optical,300.0,2400.0,BPM4,,1.6104811110482782,1.513436e-08,,,,,density 3.22 g/cm3 stated by the manufacturer's datasheet (BPM4); formula NULL: a catalog optical glass (composition proprietary); no x-ray / neutron SLD,,,,,,OHARA Zemax catalog 2017-11-30 (obtained from http://www.ohara-inc.co.jp)See also OHARA glass data sheets,,,2017.0,optical glass,OHARA-optical/BPM4,1.6134,43.841533,613438,,-0.008,5.3e-06,243 343,preferred,
230,OHARA BPM51,,,,,,,,,,,,3.24,literature (manufacturer datasheet),,,,,,,specs,OHARA-optical,300.0,2400.0,BPM51,,1.610502359311336,1.0084326000000001e-08,,,,,density 3.24 g/cm3 stated by the manufacturer's datasheet (BPM51); formula NULL: a catalog optical glass (composition proprietary); no x-ray / neutron SLD,,,,,,OHARA Zemax catalog 2017-11-30 (obtained from http://www.ohara-inc.co.jp)See also OHARA glass data sheets,,,2017.0,optical glass,OHARA-optical/BPM51,1.613397,44.266767,613443,,-0.0084,5.2e-06,243 343,preferred,
231,OHARA BSL1,,,,,,,,,,,,2.48,literature (manufacturer datasheet),,,,,,,specs,OHARA-optical,300.0,2400.0,BSL1,,1.5083877924321942,2.361906e-08,,,,,density 2.48 g/cm3 stated by the manufacturer's datasheet (BSL1); formula NULL: a catalog optical glass (composition proprietary); no x-ray / neutron SLD,,,,,,OHARA Zemax catalog 2017-11-30 (obtained from http://www.ohara-inc.co.jp)See also OHARA glass data sheets,,,2017.0,optical glass,OHARA-optical/BSL1,1.510091,63.635037,510636,,-0.0001,8e-06,243 343,preferred,
232,OHARA BSL3,,,,,,,,,,,,2.36,literature (manufacturer datasheet),,,,,,,specs,OHARA-optical,300.0,2400.0,BSL3,,1.4966705496513633,1.0084326000000001e-08,,,,,density 2.36 g/cm3 stated by the manufacturer's datasheet (BSL3); formula NULL: a catalog optical glass (composition proprietary); no x-ray / neutron SLD,,,,,,OHARA Zemax catalog 2017-11-30 (obtained from http://www.ohara-inc.co.jp)See also OHARA glass data sheets,,,2017.0,optical glass,OHARA-optical/BSL3,1.498308,65.026785,498650,,-0.004,5.8e-06,243 343,preferred,
233,OHARA BSL7,,,,,,,,,,,,,,,,,,,,specs,OHARA-optical,334.0,2325.0,BSL7,,1.5146139665577156,0.0,,,,,density/SLD left NULL: the catalog page states no density; formula NULL: a catalog optical glass (composition proprietary); no x-ray / neutron SLD,,,,,,,,,,optical glass,OHARA-optical/BSL7,1.51633,64.150145,516642,,,7.4e-06,243 343,preferred,
234,OHARA BSL7Y,,,,,,,,,,,,2.5,literature (manufacturer datasheet),,,,,,,specs,OHARA-optical,290.0,2400.0,BSL7Y,,1.5146148081813775,5.039746e-09,,,,,density 2.5 g/cm3 stated by the manufacturer's datasheet (BSL7Y); formula NULL: a catalog optical glass (composition proprietary); no x-ray / neutron SLD,,,,,,OHARA Zemax catalog 2017-11-30 (obtained from http://www.ohara-inc.co.jp)See also OHARA glass data sheets,,,2017.0,optical glass,OHARA-optical/BSL7Y,1.51633,64.243778,516643,516642,-0.0031,6.8e-06,243 343,,Improved XMT at 365
235,OHARA BSL21,,,,,,,,,,,,2.46,literature (manufacturer datasheet),,,,,,,specs,OHARA-optical,300.0,2400.0,BSL21,,1.502166126690113,1.0084326000000001e-08,,,,,density 2.46 g/cm3 stated by the manufacturer's datasheet (BSL21); formula NULL: a catalog optical glass (composition proprietary); no x-ray / neutron SLD,,,,,,OHARA Zemax catalog 2017-11-30 (obtained from http://www.ohara-inc.co.jp)See also OHARA glass data sheets,,,2017.0,optical glass,OHARA-optical/BSL21,1.503779,66.814545,504668,,-0.003,6.2e-06,243 343,preferred,
236,OHARA BSL22,,,,,,,,,,,,2.52,literature (manufacturer datasheet),,,,,,,specs,OHARA-optical,300.0,2400.0,BSL22,,1.5164996529869912,2.01897e-08,,,,,density 2.52 g/cm3 stated by the manufacturer's datasheet (BSL22); formula NULL: a catalog optical glass (composition proprietary); no x-ray / neutron SLD,,,,,,OHARA Zemax catalog 2017-11-30 (obtained from http://www.ohara-inc.co.jp)See also OHARA glass data sheets,,,2017.0,optical glass,OHARA-optical/BSL22,1.518206,65.039654,518650,,-0.0036,7.1e-06,243 343,preferred,
237,OHARA L-BSL7,,,,,,,,,,,,2.38,literature (manufacturer datasheet),,,,,,,specs,OHARA-optical,300.0,2400.0,L-BSL7,,1.5146083290309995,5.039746e-09,,,,,density 2.38 g/cm3 stated by the manufacturer's datasheet (L-BSL7); formula NULL: a catalog optical glass (composition proprietary); no x-ray / neutron SLD,,,,,,OHARA Zemax catalog 2017-11-30 (obtained from http://www.ohara-inc.co.jp)See also OHARA glass data sheets,,,2017.0,optical glass,OHARA-optical/L-BSL7,1.51633,64.065129,516641,,-0.0045,5.8e-06,243 343,,Low Softening Temperature
238,OHARA S-BSL7,,,,,,,,,,,,2.52,literature (manufacturer datasheet),,,,,,,specs,OHARA-optical,290.0,2400.0,S-BSL7,,1.5146140505693018,1.513436e-08,,,,,density 2.52 g/cm3 stated by the manufacturer's datasheet (S-BSL7); formula NULL: a catalog optical glass (composition proprietary); no x-ray / neutron SLD,,,,,,OHARA Zemax catalog 2017-11-30 (obtained from http://www.ohara-inc.co.jp)See also OHARA glass data sheets,,,2017.0,optical glass,OHARA-optical/S-BSL7,1.51633,64.142022,516641,,-0.0024,7.2e-06,243 343,,Recommended
239,OHARA BSM2,,,,,,,,,,,,3.54,literature (manufacturer datasheet),,,,,,,specs,OHARA-optical,365.0,900.0,BSM2,,1.6051313663412103,1.513436e-08,,,,,density 3.54 g/cm3 stated by the manufacturer's datasheet (BSM2); formula NULL: a catalog optical glass (composition proprietary); no x-ray / neutron SLD,,,,,,OHARA Zemax catalog 2017-11-30 (obtained from http://www.ohara-inc.co.jp)See also OHARA glass data sheets,,,2017.0,optical glass,OHARA-optical/BSM2,1.607379,56.815789,607568,,-0.001,6.3e-06,243 343,preferred,
240,OHARA BSM4,,,,,,,,,,,,3.55,literature (manufacturer datasheet),,,,,,,specs,OHARA-optical,365.0,900.0,BSM4,,1.6105163244635465,1.513436e-08,,,,,density 3.55 g/cm3 stated by the manufacturer's datasheet (BSM4); formula NULL: a catalog optical glass (composition proprietary); no x-ray / neutron SLD,,,,,,OHARA Zemax catalog 2017-11-30 (obtained from http://www.ohara-inc.co.jp)See also OHARA glass data sheets,,,2017.0,optical glass,OHARA-optical/BSM4,1.612716,58.749129,613588,613587,-0.0014,6.6e-06,243 343,preferred,
241,OHARA BSM6,,,,,,,,,,,,3.6,literature (manufacturer datasheet),,,,,,,specs,OHARA-optical,300.0,2400.0,BSM6,,1.6114583014162986,1.513436e-08,,,,,density 3.6 g/cm3 stated by the manufacturer's datasheet (BSM6); formula NULL: a catalog optical glass (composition proprietary); no x-ray / neutron SLD,,,,,,OHARA Zemax catalog 2017-11-30 (obtained from http://www.ohara-inc.co.jp)See also OHARA glass data sheets,,,2017.0,optical glass,OHARA-optical/BSM6,1.613749,56.365919,614564,,-0.0021,6.6e-06,243 343,preferred,
242,OHARA BSM7,,,,,,,,,,,,3.51,literature (manufacturer datasheet),,,,,,,specs,OHARA-optical,300.0,2400.0,BSM7,,1.605131559162221,1.513436e-08,,,,,density 3.51 g/cm3 stated by the manufacturer's datasheet (BSM7); formula NULL: a catalog optical glass (composition proprietary); no x-ray / neutron SLD,,,,,,OHARA Zemax catalog 2017-11-30 (obtained from http://www.ohara-inc.co.jp)See also OHARA glass data sheets,,,2017.0,optical glass,OHARA-optical/BSM7,1.607291,59.375631,607594,,-0.0017,6.5e-06,243 343,preferred,
243,OHARA BSM9,,,,,,,,,,,,3.6,literature (manufacturer datasheet),,,,,,,specs,OHARA-optical,300.0,2400.0,BSM9,,1.6117010487650207,1.513436e-08,,,,,density 3.6 g/cm3 stated by the manufacturer's datasheet (BSM9); formula NULL: a catalog optical glass (composition proprietary); no x-ray / neutron SLD,,,,,,OHARA Zemax catalog 2017-11-30 (obtained from http://www.ohara-inc.co.jp)See also OHARA glass data sheets,,,2017.0,optical glass,OHARA-optical/BSM9,1.614047,54.971106,614550,,-0.0015,6.1e-06,243 343,preferred,
244,OHARA BSM10,,,,,,,,,,,,3.65,literature (manufacturer datasheet),,,,,,,specs,OHARA-optical,365.0,900.0,BSM10,,1.6204988044463808,1.856042e-08,,,,,density 3.65 g/cm3 stated by the manufacturer's datasheet (BSM10); formula NULL: a catalog optical glass (composition proprietary); no x-ray / neutron SLD,,,,,,OHARA Zemax catalog 2017-11-30 (obtained from http://www.ohara-inc.co.jp)See also OHARA glass data sheets,,,2017.0,optical glass,OHARA-optical/BSM10,1.622799,57.063643,623571,,-0.0025,6.8e-06,243 343,preferred,
245,OHARA BSM14,,,,,,,,,,,,3.44,literature (manufacturer datasheet),,,,,,,specs,OHARA-optical,365.0,900.0,BSM14,,1.601007900302309,1.856042e-08,,,,,density 3.44 g/cm3 stated by the manufacturer's datasheet (BSM14); formula NULL: a catalog optical glass (composition proprietary); no x-ray / neutron SLD,,,,,,OHARA Zemax catalog 2017-11-30 (obtained from http://www.ohara-inc.co.jp)See also OHARA glass data sheets,,,2017.0,optical glass,OHARA-optical/BSM14,1.603112,60.704896,603607,,-0.0024,6e-06,243 343,preferred,
246,OHARA BSM15,,,,,,,,,,,,3.65,literature (manufacturer datasheet),,,,,,,specs,OHARA-optical,365.0,900.0,BSM15,,1.6207311914322093,1.513436e-08,,,,,density 3.65 g/cm3 stated by the manufacturer's datasheet (BSM15); formula NULL: a catalog optical glass (composition proprietary); no x-ray / neutron SLD,,,,,,OHARA Zemax catalog 2017-11-30 (obtained from http://www.ohara-inc.co.jp)See also OHARA glass data sheets,,,2017.0,optical glass,OHARA-optical/BSM15,1.622992,58.143312,623582,623581,-0.0017,7e-06,243 343,preferred,
247,OHARA BSM16,,,,,,,,,,,,3.57,literature (manufacturer datasheet),,,,,,,specs,OHARA-optical,365.0,900.0,BSM16,,1.6182338661380842,1.856042e-08,,,,,density 3.57 g/cm3 stated by the manufacturer's datasheet (BSM16); formula NULL: a catalog optical glass (composition proprietary); no x-ray / neutron SLD,,,,,,OHARA Zemax catalog 2017-11-30 (obtained from http://www.ohara-inc.co.jp)See also OHARA glass data sheets,,,2017.0,optical glass,OHARA-optical/BSM16,1.62041,60.271913,620603,,-0.0012,6.6e-06,243 343,preferred,
248,OHARA BSM16C,,,,,,,,,,,,3.57,literature (manufacturer datasheet),,,,,,,specs,OHARA-optical,300.0,2400.0,BSM16C,,1.6182324461124116,1.0084326000000001e-08,,,,,density 3.57 g/cm3 stated by the manufacturer's datasheet (BSM16C); formula NULL: a catalog optical glass (composition proprietary); no x-ray / neutron SLD,,,,,,OHARA Zemax catalog 2017-11-30 (obtained from http://www.ohara-inc.co.jp)See also OHARA glass data sheets,,,2017.0,optical glass,OHARA-optical/BSM16C,1.62041,60.254106,620603,,-0.0014,6.3e-06,243 343,preferred,
249,OHARA BSM18,,,,,,,,,,,,,,,,,,,,specs,OHARA-optical,334.0,2325.0,BSM18,,1.636114484529872,0.0,,,,,density/SLD left NULL: the catalog page states no density; formula NULL: a catalog optical glass (composition proprietary); no x-ray / neutron SLD,,,,,,,,,,optical glass,OHARA-optical/BSM18,1.638539,55.384768,639554,,,,,preferred,
250,OHARA BSM21,,,,,,,,,,,,3.63,literature (manufacturer datasheet),,,,,,,specs,OHARA-optical,365.0,900.0,BSM21,,1.6147979498971805,1.856042e-08,,,,,density 3.63 g/cm3 stated by the manufacturer's datasheet (BSM21); formula NULL: a catalog optical glass (composition proprietary); no x-ray / neutron SLD,,,,,,OHARA Zemax catalog 2017-11-30 (obtained from http://www.ohara-inc.co.jp)See also OHARA glass data sheets,,,2017.0,optical glass,OHARA-optical/BSM21,1.617196,54.040511,617540,,-0.0026,6.3e-06,243 343,preferred,
251,OHARA BSM22,,,,,,,,,,,,3.68,literature (manufacturer datasheet),,,,,,,specs,OHARA-optical,300.0,2400.0,BSM22,,1.6198442012281231,1.0084326000000001e-08,,,,,density 3.68 g/cm3 stated by the manufacturer's datasheet (BSM22); formula NULL: a catalog optical glass (composition proprietary); no x-ray / neutron SLD,,,,,,OHARA Zemax catalog 2017-11-30 (obtained from http://www.ohara-inc.co.jp)See also OHARA glass data sheets,,,2017.0,optical glass,OHARA-optical/BSM22,1.622296,53.186644,622532,,-0.0015,6.4e-06,243 343,preferred,
252,OHARA BSM23,,,,,,,,,,,,3.45,literature (manufacturer datasheet),,,,,,,specs,OHARA-optical,300.0,2400.0,BSM23,,1.6123296886140752,2.868236e-08,,,,,density 3.45 g/cm3 stated by the manufacturer's datasheet (BSM23); formula NULL: a catalog optical glass (composition proprietary); no x-ray / neutron SLD,,,,,,OHARA Zemax catalog 2017-11-30 (obtained from http://www.ohara-inc.co.jp)See also OHARA glass data sheets,,,2017.0,optical glass,OHARA-optical/BSM23,1.614839,51.172377,615512,,-0.0012,7.1e-06,243 343,preferred,
253,OHARA BSM24,,,,,,,,,,,,3.63,literature (manufacturer datasheet),,,,,,,specs,OHARA-optical,300.0,2400.0,BSM24,,1.6152872313949171,2.361906e-08,,,,,density 3.63 g/cm3 stated by the manufacturer's datasheet (BSM24); formula NULL: a catalog optical glass (composition proprietary); no x-ray / neutron SLD,,,,,,OHARA Zemax catalog 2017-11-30 (obtained from http://www.ohara-inc.co.jp)See also OHARA glass data sheets,,,2017.0,optical glass,OHARA-optical/BSM24,1.617646,55.049782,618551,618550,-0.0021,6.5e-06,243 343,preferred,
254,OHARA BSM25,,,,,,,,,,,,3.49,literature (manufacturer datasheet),,,,,,,specs,OHARA-optical,365.0,900.0,BSM25,,1.6557300605992962,2.868236e-08,,,,,density 3.49 g/cm3 stated by the manufacturer's datasheet (BSM25); formula NULL: a catalog optical glass (composition proprietary); no x-ray / neutron SLD,,,,,,OHARA Zemax catalog 2017-11-30 (obtained from http://www.ohara-inc.co.jp)See also OHARA glass data sheets,,,2017.0,optical glass,OHARA-optical/BSM25,1.658441,50.861723,658509,,-0.0038,6.6e-06,243 343,preferred,
255,OHARA BSM36,,,,,,,,,,,,,,,,,,,,specs,OHARA-optical,334.0,2325.0,BSM36,,1.640164063788368,0.0,,,,,density/SLD left NULL: the catalog page states no density; formula NULL: a catalog optical glass (composition proprietary); no x-ray / neutron SLD,,,,,,,,,,optical glass,OHARA-optical/BSM36,1.642495,58.369399,643584,642584,,,,preferred,
256,OHARA BSM28,,,,,,,,,,,,3.25,literature (manufacturer datasheet),,,,,,,specs,OHARA-optical,365.0,900.0,BSM28,,1.6151365625529714,3.375066e-08,,,,,density 3.25 g/cm3 stated by the manufacturer's datasheet (BSM28); formula NULL: a catalog optical glass (composition proprietary); no x-ray / neutron SLD,,,,,,OHARA Zemax catalog 2017-11-30 (obtained from http://www.ohara-inc.co.jp)See also OHARA glass data sheets,,,2017.0,optical glass,OHARA-optical/BSM28,1.617722,49.83232,618498,,0.0005,8.4e-06,243 343,preferred,
257,OHARA BSM51Y,,,,,,,,,,,,3.36,literature (manufacturer datasheet),,,,,,,specs,OHARA-optical,290.0,2400.0,BSM51Y,,1.6010013787224255,5.039746e-09,,,,,density 3.36 g/cm3 stated by the manufacturer's datasheet (BSM51Y); formula NULL: a catalog optical glass (composition proprietary); no x-ray / neutron SLD,,,,,,OHARA Zemax catalog 2017-11-30 (obtained from http://www.ohara-inc.co.jp)See also OHARA glass data sheets,,,2017.0,optical glass,OHARA-optical/BSM51Y,1.603109,60.651225,603606,603607,-0.0026,6.3e-06,243 343,,Improved XMT at 365
258,OHARA BSM71,,,,,,,,,,,,,,,,,,,,specs,OHARA-optical,334.0,2325.0,BSM71,,1.6459331320624366,0.0,,,,,density/SLD left NULL: the catalog page states no density; formula NULL: a catalog optical glass (composition proprietary); no x-ray / neutron SLD,,,,,,,,,,optical glass,OHARA-optical/BSM71,1.648497,53.035185,649530,648530,,,,preferred,
259,OHARA BSM81,,,,,,,,,,,,,,,,,,,,specs,OHARA-optical,334.0,2325.0,BSM81,,1.63773231266624,0.0,,,,,density/SLD left NULL: the catalog page states no density; formula NULL: a catalog optical glass (composition proprietary); no x-ray / neutron SLD,,,,,,,,,,optical glass,OHARA-optical/BSM81,1.639999,60.091709,640601,,,,,preferred,
260,OHARA BSM93,,,,,,,,,,,,,,,,,,,,specs,OHARA-optical,334.0,2325.0,BSM93,,1.6386253853278159,0.0,,,,,density/SLD left NULL: the catalog page states no density; formula NULL: a catalog optical glass (composition proprietary); no x-ray / neutron SLD,,,,,,,,,,optical glass,OHARA-optical/BSM93,1.640998,56.927542,641569,,,,,preferred,
261,OHARA S-BSM2,,,,,,,,,,,,3.53,literature (manufacturer datasheet),,,,,,,specs,OHARA-optical,310.0,2400.0,S-BSM2,,1.6051292029820432,1.856042e-08,,,,,density 3.53 g/cm3 stated by the manufacturer's datasheet (S-BSM2); formula NULL: a catalog optical glass (composition proprietary); no x-ray / neutron SLD,,,,,,OHARA Zemax catalog 2017-11-30 (obtained from http://www.ohara-inc.co.jp)See also OHARA glass data sheets,,,2017.0,optical glass,OHARA-optical/S-BSM2,1.607379,56.816076,607568,,-0.0013,6.5e-06,243 343,,Recommended
262,OHARA S-BSM4,,,,,,,,,,,,3.57,literature (manufacturer datasheet),,,,,,,specs,OHARA-optical,310.0,2400.0,S-BSM4,,1.6105131220658337,1.0084326000000001e-08,,,,,density 3.57 g/cm3 stated by the manufacturer's datasheet (S-BSM4); formula NULL: a catalog optical glass (composition proprietary); no x-ray / neutron SLD,,,,,,OHARA Zemax catalog 2017-11-30 (obtained from http://www.ohara-inc.co.jp)See also OHARA glass data sheets,,,2017.0,optical glass,OHARA-optical/S-BSM4,1.612716,58.716945,613587,,-0.0016,6.7e-06,243 343,,Recommended
263,OHARA S-BSM9,,,,,,,,,,,,3.22,literature (manufacturer datasheet),,,,,,,specs,OHARA-optical,330.0,2400.0,S-BSM9,,1.6116998678272054,2.361906e-08,,,,,density 3.22 g/cm3 stated by the manufacturer's datasheet (S-BSM9); formula NULL: a catalog optical glass (composition proprietary); no x-ray / neutron SLD,,,,,,OHARA Zemax catalog 2017-11-30 (obtained from http://www.ohara-inc.co.jp)See also OHARA glass data sheets,,,2017.0,optical glass,OHARA-optical/S-BSM9,1.614047,54.990097,614550,,-0.0017,6.4e-06,243 343,special,Recommended
264,OHARA S-BSM10,,,,,,,,,,,,3.6,literature (manufacturer datasheet),,,,,,,specs,OHARA-optical,310.0,2400.0,S-BSM10,,1.6204976887708982,1.3507085999999999e-08,,,,,density 3.6 g/cm3 stated by the manufacturer's datasheet (S-BSM10); formula NULL: a catalog optical glass (composition proprietary); no x-ray / neutron SLD,,,,,,OHARA Zemax catalog 2017-11-30 (obtained from http://www.ohara-inc.co.jp)See also OHARA glass data sheets,,,2017.0,optical glass,OHARA-optical/S-BSM10,1.622799,57.052723,623570,623571,-0.0028,6.5e-06,243 343,,Recommended
265,OHARA S-BSM14,,,,,,,,,,,,3.43,literature (manufacturer datasheet),,,,,,,specs,OHARA-optical,310.0,2400.0,S-BSM14,,1.6010053336675545,1.0084326000000001e-08,,,,,density 3.43 g/cm3 stated by the manufacturer's datasheet (S-BSM14); formula NULL: a catalog optical glass (composition proprietary); no x-ray / neutron SLD,,,,,,OHARA Zemax catalog 2017-11-30 (obtained from http://www.ohara-inc.co.jp)See also OHARA glass data sheets,,,2017.0,optical glass,OHARA-optical/S-BSM14,1.603112,60.64108,603607,603606,-0.0019,6.2e-06,243 343,,Recommended
266,OHARA S-BSM15,,,,,,,,,,,,3.6,literature (manufacturer datasheet),,,,,,,specs,OHARA-optical,330.0,2400.0,S-BSM15,,1.6207314835173938,1.513436e-08,,,,,density 3.6 g/cm3 stated by the manufacturer's datasheet (S-BSM15); formula NULL: a catalog optical glass (composition proprietary); no x-ray / neutron SLD,,,,,,OHARA Zemax catalog 2017-11-30 (obtained from http://www.ohara-inc.co.jp)See also OHARA glass data sheets,,,2017.0,optical glass,OHARA-optical/S-BSM15,1.622992,58.165763,623582,,-0.0016,6.5e-06,243 343,,Recommended
267,OHARA S-BSM16,,,,,,,,,,,,3.59,literature (manufacturer datasheet),,,,,,,specs,OHARA-optical,310.0,2400.0,S-BSM16,,1.6182331712703113,1.3507085999999999e-08,,,,,density 3.59 g/cm3 stated by the manufacturer's datasheet (S-BSM16); formula NULL: a catalog optical glass (composition proprietary); no x-ray / neutron SLD,,,,,,OHARA Zemax catalog 2017-11-30 (obtained from http://www.ohara-inc.co.jp)See also OHARA glass data sheets,,,2017.0,optical glass,OHARA-optical/S-BSM16,1.620411,60.289582,620603,,-0.0012,6.7e-06,243 343,,Recommended
268,OHARA S-BSM18,,,,,,,,,,,,3.69,literature (manufacturer datasheet),,,,,,,specs,OHARA-optical,310.0,2400.0,S-BSM18,,1.6361132742244289,1.0084326000000001e-08,,,,,density 3.69 g/cm3 stated by the manufacturer's datasheet (S-BSM18); formula NULL: a catalog optical glass (composition proprietary); no x-ray / neutron SLD,,,,,,OHARA Zemax catalog 2017-11-30 (obtained from http://www.ohara-inc.co.jp)See also OHARA glass data sheets,,,2017.0,optical glass,OHARA-optical/S-BSM18,1.638539,55.380028,639554,,-0.0035,7e-06,243 343,,Recommended
269,OHARA S-BSM21,,,,,,,,,,,,3.49,literature (manufacturer datasheet),,,,,,,specs,OHARA-optical,300.0,2400.0,S-BSM21,,1.6147989394599,1.513436e-08,,,,,density 3.49 g/cm3 stated by the manufacturer's datasheet (S-BSM21); formula NULL: a catalog optical glass (composition proprietary); no x-ray / neutron SLD,,,,,,OHARA Zemax catalog 2017-11-30 (obtained from http://www.ohara-inc.co.jp)See also OHARA glass data sheets,,,2017.0,optical glass,OHARA-optical/S-BSM21,1.617195,54.062144,617540,617541,-0.0013,6.5e-06,243 343,preferred,
270,OHARA S-BSM22,,,,,,,,,,,,3.24,literature (manufacturer datasheet),,,,,,,specs,OHARA-optical,340.0,2400.0,S-BSM22,,1.6198423220055498,2.868236e-08,,,,,density 3.24 g/cm3 stated by the manufacturer's datasheet (S-BSM22); formula NULL: a catalog optical glass (composition proprietary); no x-ray / neutron SLD,,,,,,OHARA Zemax catalog 2017-11-30 (obtained from http://www.ohara-inc.co.jp)See also OHARA glass data sheets,,,2017.0,optical glass,OHARA-optical/S-BSM22,1.622296,53.169067,622532,,-0.0012,6.6e-06,243 343,,Recommended
271,OHARA S-BSM25,,,,,,,,,,,,3.5,literature (manufacturer datasheet),,,,,,,specs,OHARA-optical,330.0,2400.0,S-BSM25,,1.6557336726974,2.5249699999999998e-08,,,,,density 3.5 g/cm3 stated by the manufacturer's datasheet (S-BSM25); formula NULL: a catalog optical glass (composition proprietary); no x-ray / neutron SLD,,,,,,OHARA Zemax catalog 2017-11-30 (obtained from http://www.ohara-inc.co.jp)See also OHARA glass data sheets,,,2017.0,optical glass,OHARA-optical/S-BSM25,1.658441,50.877554,658509,,-0.0031,6.8e-06,243 343,,Recommended
272,OHARA S-BSM28,,,,,,,,,,,,3.23,literature (manufacturer datasheet),,,,,,,specs,OHARA-optical,340.0,2400.0,S-BSM28,,1.6151335549965211,2.01897e-08,,,,,density 3.23 g/cm3 stated by the manufacturer's datasheet (S-BSM28); formula NULL: a catalog optical glass (composition proprietary); no x-ray / neutron SLD,,,,,,OHARA Zemax catalog 2017-11-30 (obtained from http://www.ohara-inc.co.jp)See also OHARA glass data sheets,,,2017.0,optical glass,OHARA-optical/S-BSM28,1.617722,49.815052,618498,,-0.0006,8.4e-06,243 343,,Recommended
273,OHARA S-BSM36,,,,,,,,,,,,3.64,literature (manufacturer datasheet),,,,,,,specs,OHARA-optical,300.0,700.0,S-BSM36,,1.640164063788368,6.665592e-09,,,,,density 3.64 g/cm3 stated by the manufacturer's datasheet (S-BSM36); formula NULL: a catalog optical glass (composition proprietary); no x-ray / neutron SLD,,,,,,OHARA Zemax catalog 2017-11-30 (obtained from http://www.ohara-inc.co.jp)See also OHARA glass data sheets,,,2017.0,optical glass,OHARA-optical/S-BSM36,1.642495,58.369399,643584,642584,-0.0055,6.4e-06,243 343,special,Recommended
274,OHARA S-BSM71,,,,,,,,,,,,3.74,literature (manufacturer datasheet),,,,,,,specs,OHARA-optical,340.0,2400.0,S-BSM71,,1.6459349897176734,1.856042e-08,,,,,density 3.74 g/cm3 stated by the manufacturer's datasheet (S-BSM71); formula NULL: a catalog optical glass (composition proprietary); no x-ray / neutron SLD,,,,,,OHARA Zemax catalog 2017-11-30 (obtained from http://www.ohara-inc.co.jp)See also OHARA glass data sheets,,,2017.0,optical glass,OHARA-optical/S-BSM71,1.648498,53.023881,649530,648530,-0.001,7.1e-06,243 343,,Recommended
275,OHARA S-BSM81,,,,,,,,,,,,3.06,literature (manufacturer datasheet),,,,,,,specs,OHARA-optical,290.0,2400.0,S-BSM81,,1.6377307350650039,3.7020440000000005e-08,,,,,density 3.06 g/cm3 stated by the manufacturer's datasheet (S-BSM81); formula NULL: a catalog optical glass (composition proprietary); no x-ray / neutron SLD,,,,,,OHARA Zemax catalog 2017-11-30 (obtained from http://www.ohara-inc.co.jp)See also OHARA glass data sheets,,,2017.0,optical glass,OHARA-optical/S-BSM81,1.639999,60.078127,640601,,-0.0073,5.8e-06,243 343,,Recommended
276,OHARA S-BSM93,,,,,,,,,,,,3.7,literature (manufacturer datasheet),,,,,,,specs,OHARA-optical,300.0,2400.0,S-BSM93,,1.6386253853278159,2.01897e-08,,,,,density 3.7 g/cm3 stated by the manufacturer's datasheet (S-BSM93); formula NULL: a catalog optical glass (composition proprietary); no x-ray / neutron SLD,,,,,,OHARA Zemax catalog 2017-11-30 (obtained from http://www.ohara-inc.co.jp)See also OHARA glass data sheets,,,2017.0,optical glass,OHARA-optical/S-BSM93,1.640998,56.927542,641569,,-0.0024,6.7e-06,243 343,preferred,
277,OHARA FPL51,,,,,,,,,,,,,,,,,,,,specs,OHARA-optical,334.0,2325.0,FPL51,,1.495706674847195,0.0,,,,,density/SLD left NULL: the catalog page states no density; formula NULL: a catalog optical glass (composition proprietary); no x-ray / neutron SLD,,,,,,,,,,optical glass,OHARA-optical/FPL51,1.496999,81.61466,497816,,,,,preferred,
278,OHARA FPL52,,,,,,,,,,,,,,,,,,,,specs,OHARA-optical,334.0,2325.0,FPL52,,1.4549255718211942,0.0,,,,,density/SLD left NULL: the catalog page states no density; formula NULL: a catalog optical glass (composition proprietary); no x-ray / neutron SLD,,,,,,,,,,optical glass,OHARA-optical/FPL52,1.455999,90.31888,456903,,,,,preferred,
279,OHARA FPL53,,,,,,,,,,,,,,,,,,,,specs,OHARA-optical,334.0,2325.0,FPL53,,1.4377675168521342,0.0,,,,,density/SLD left NULL: the catalog page states no density; formula NULL: a catalog optical glass (composition proprietary); no x-ray / neutron SLD,,,,,,,,,,optical glass,OHARA-optical/FPL53,1.43875,94.960437,439950,,,,,preferred,
280,OHARA S-FPL51,,,,,,,,,,,,3.62,literature (manufacturer datasheet),,,,,,,specs,OHARA-optical,280.0,2400.0,S-FPL51,,1.4957056412044216,1.0084326000000001e-08,,,,,density 3.62 g/cm3 stated by the manufacturer's datasheet (S-FPL51); formula NULL: a catalog optical glass (composition proprietary); no x-ray / neutron SLD,,,,,,OHARA Zemax catalog 2017-11-30 (obtained from http://www.ohara-inc.co.jp)See also OHARA glass data sheets,,,2017.0,optical glass,OHARA-optical/S-FPL51,1.496999,81.545888,497816,497815,0.028,1.31e-05,243 343,,Recommended - The unique relative partial dispersion.
281,OHARA S-FPL51Y,,,,,,,,,,,,3.66,literature (manufacturer datasheet),,,,,,,specs,OHARA-optical,240.0,2400.0,S-FPL51Y,,1.4957040956364056,5.039745999999999e-09,,,,,density 3.66 g/cm3 stated by the manufacturer's datasheet (S-FPL51Y); formula NULL: a catalog optical glass (composition proprietary); no x-ray / neutron SLD,,,,,,OHARA Zemax catalog 2017-11-30 (obtained from http://www.ohara-inc.co.jp)See also OHARA glass data sheets,,,2017.0,optical glass,OHARA-optical/S-FPL51Y,1.497003,81.138165,497811,,0.0279,1.36e-05,243 343,,Improved XMT at 365
282,OHARA S-FPL52,,,,,,,,,,,,3.53,literature (manufacturer datasheet),,,,,,,specs,OHARA-optical,290.0,2400.0,S-FPL52,,1.454923476911222,1.3507085999999999e-08,,,,,density 3.53 g/cm3 stated by the manufacturer's datasheet (S-FPL52); formula NULL: a catalog optical glass (composition proprietary); no x-ray / neutron SLD,,,,,,OHARA Zemax catalog 2017-11-30 (obtained from http://www.ohara-inc.co.jp)See also OHARA glass data sheets,,,2017.0,optical glass,OHARA-optical/S-FPL52,1.455999,90.288026,456903,,0.0386,1.33e-05,243 343,preferred,The unique relative partial dispersion.
283,OHARA S-FPL53,,,,,,,,,,,,3.62,literature (manufacturer datasheet),,,,,,,specs,OHARA-optical,280.0,2400.0,S-FPL53,,1.4377669254063694,1.3507085999999999e-08,,,,,density 3.62 g/cm3 stated by the manufacturer's datasheet (S-FPL53); formula NULL: a catalog optical glass (composition proprietary); no x-ray / neutron SLD,,,,,,OHARA Zemax catalog 2017-11-30 (obtained from http://www.ohara-inc.co.jp)See also OHARA glass data sheets,,,2017.0,optical glass,OHARA-optical/S-FPL53,1.43875,94.946025,439950,439949,0.0461,1.45e-05,243 343,,Recommended -The unique relative partial dispersion.
284,OHARA S-FPL55,,,,,,,,,,,,3.59,literature (manufacturer datasheet),,,,,,,specs,OHARA-optical,365.0,2325.0,S-FPL55,,1.4377627520927823,1.3507085999999999e-08,,,,,density 3.59 g/cm3 stated by the manufacturer's datasheet (S-FPL55); formula NULL: a catalog optical glass (composition proprietary); no x-ray / neutron SLD,,,,,,OHARA Zemax catalog 2017-11-30 (obtained from http://www.ohara-inc.co.jp)See also OHARA glass data sheets,,,2017.0,optical glass,OHARA-optical/S-FPL55,1.43875,94.661059,439947,,0.0457,1.36e-05,243 343,,Recommended -The unique relative partial dispersion.
285,OHARA S-FPM2,,,,,,,,,,,,4.17,literature (manufacturer datasheet),,,,,,,specs,OHARA-optical,300.0,2400.0,S-FPM2,,1.5933662951134024,1.856042e-08,,,,,density 4.17 g/cm3 stated by the manufacturer's datasheet (S-FPM2); formula NULL: a catalog optical glass (composition proprietary); no x-ray / neutron SLD,,,,,,OHARA Zemax catalog 2017-11-30 (obtained from http://www.ohara-inc.co.jp)See also OHARA glass data sheets,,,2017.0,optical glass,OHARA-optical/S-FPM2,1.59522,67.735723,595677,,0.0123,1.17e-05,243 343,,Recommended - The unique relative partial dispersion
286,OHARA S-FPM3,,,,,,,,,,,,3.64,literature (manufacturer datasheet),,,,,,,specs,OHARA-optical,300.0,2400.0,S-FPM3,,1.5362248798424958,1.856042e-08,,,,,density 3.64 g/cm3 stated by the manufacturer's datasheet (S-FPM3); formula NULL: a catalog optical glass (composition proprietary); no x-ray / neutron SLD,,,,,,OHARA Zemax catalog 2017-11-30 (obtained from http://www.ohara-inc.co.jp)See also OHARA glass data sheets,,,2017.0,optical glass,OHARA-optical/S-FPM3,1.53775,74.703119,538747,,0.0186,1.15e-05,243 343,,Recommended - The unique relative partial dispersion.
287,OHARA FSL3,,,,,,,,,,,,2.25,literature (manufacturer datasheet),,,,,,,specs,OHARA-optical,300.0,2400.0,FSL3,,1.4629936802933559,1.513436e-08,,,,,density 2.25 g/cm3 stated by the manufacturer's datasheet (FSL3); formula NULL: a catalog optical glass (composition proprietary); no x-ray / neutron SLD,,,,,,OHARA Zemax catalog 2017-11-30 (obtained from http://www.ohara-inc.co.jp)See also OHARA glass data sheets,,,2017.0,optical glass,OHARA-optical/FSL3,1.464499,65.938855,465659,464659,-0.002,7.9e-06,243 343,preferred,
288,OHARA FSL5,,,,,,,,,,,,,,,,,,,,specs,OHARA-optical,334.0,2325.0,FSL5,,1.4860040269210721,0.0,,,,,density/SLD left NULL: the catalog page states no density; formula NULL: a catalog optical glass (composition proprietary); no x-ray / neutron SLD,,,,,,,,,,optical glass,OHARA-optical/FSL5,1.48749,70.21026,487702,,,,,preferred,
289,OHARA S-FSL5,,,,,,,,,,,,2.46,literature (manufacturer datasheet),,,,,,,specs,OHARA-optical,280.0,2400.0,S-FSL5,,1.4860035941065952,5.039746e-09,,,,,density 2.46 g/cm3 stated by the manufacturer's datasheet (S-FSL5); formula NULL: a catalog optical glass (composition proprietary); no x-ray / neutron SLD,,,,,,OHARA Zemax catalog 2017-11-30 (obtained from http://www.ohara-inc.co.jp)See also OHARA glass data sheets,,,2017.0,optical glass,OHARA-optical/S-FSL5,1.48749,70.236252,487702,,0.0022,9e-06,243 343,,Recommended
290,OHARA S-FSL5Y,,,,,,,,,,,,2.46,literature (manufacturer datasheet),,,,,,,specs,OHARA-optical,280.0,2400.0,S-FSL5Y,,1.4860054226973891,5.039746e-09,,,,,density 2.46 g/cm3 stated by the manufacturer's datasheet (S-FSL5Y); formula NULL: a catalog optical glass (composition proprietary); no x-ray / neutron SLD,,,,,,OHARA Zemax catalog 2017-11-30 (obtained from http://www.ohara-inc.co.jp)See also OHARA glass data sheets,,,2017.0,optical glass,OHARA-optical/S-FSL5Y,1.48749,70.354425,487703,487704,0.0021,8.9e-06,243 343,,Improved XMT at 365
291,OHARA FTL8,,,,,,,,,,,,2.5,literature (manufacturer datasheet),,,,,,,specs,OHARA-optical,300.0,2400.0,FTL8,,1.5090918430887708,1.513436e-08,,,,,density 2.5 g/cm3 stated by the manufacturer's datasheet (FTL8); formula NULL: a catalog optical glass (composition proprietary); no x-ray / neutron SLD,,,,,,OHARA Zemax catalog 2017-11-30 (obtained from http://www.ohara-inc.co.jp)See also OHARA glass data sheets,,,2017.0,optical glass,OHARA-optical/FTL8,1.511179,51.020607,511510,,0.0058,9e-06,243 343,preferred,
292,OHARA FTL10,,,,,,,,,,,,2.53,literature (manufacturer datasheet),,,,,,,specs,OHARA-optical,365.0,900.0,FTL10,,1.4995049046763702,1.513436e-08,,,,,density 2.53 g/cm3 stated by the manufacturer's datasheet (FTL10); formula NULL: a catalog optical glass (composition proprietary); no x-ray / neutron SLD,,,,,,OHARA Zemax catalog 2017-11-30 (obtained from http://www.ohara-inc.co.jp)See also OHARA glass data sheets,,,2017.0,optical glass,OHARA-optical/FTL10,1.501372,56.399833,501564,,0.0035,9.2e-06,243 343,preferred,
293,OHARA S-FTL10,,,,,,,,,,,,2.46,literature (manufacturer datasheet),,,,,,,specs,OHARA-optical,330.0,2400.0,S-FTL10,,1.4995036918673204,2.361906e-08,,,,,density 2.46 g/cm3 stated by the manufacturer's datasheet (S-FTL10); formula NULL: a catalog optical glass (composition proprietary); no x-ray / neutron SLD,,,,,,OHARA Zemax catalog 2017-11-30 (obtained from http://www.ohara-inc.co.jp)See also OHARA glass data sheets,,,2017.0,optical glass,OHARA-optical/S-FTL10,1.501372,56.421009,501564,,0.0031,8.8e-06,243 343,special,Recommended
294,OHARA FTM8,,,,,,,,,,,,2.53,literature (manufacturer datasheet),,,,,,,specs,OHARA-optical,300.0,2400.0,FTM8,,1.5301633539541226,2.01897e-08,,,,,density 2.53 g/cm3 stated by the manufacturer's datasheet (FTM8); formula NULL: a catalog optical glass (composition proprietary); no x-ray / neutron SLD,,,,,,OHARA Zemax catalog 2017-11-30 (obtained from http://www.ohara-inc.co.jp)See also OHARA glass data sheets,,,2017.0,optical glass,OHARA-optical/FTM8,1.532565,45.914102,533459,,0.0077,8.5e-06,243 343,preferred,
295,OHARA FTM16,,,,,,,,,,,,,,,,,,,,specs,OHARA-optical,334.0,2325.0,FTM16,,1.5892732080678367,0.0,,,,,density/SLD left NULL: the catalog page states no density; formula NULL: a catalog optical glass (composition proprietary); no x-ray / neutron SLD,,,,,,,,,,optical glass,OHARA-optical/FTM16,1.592701,35.296315,593353,,,,,preferred,
296,OHARA S-FTM16,,,,,,,,,,,,2.64,literature (manufacturer datasheet),,,,,,,specs,OHARA-optical,350.0,2400.0,S-FTM16,,1.5892725975031463,1.856042e-08,,,,,density 2.64 g/cm3 stated by the manufacturer's datasheet (S-FTM16); formula NULL: a catalog optical glass (composition proprietary); no x-ray / neutron SLD,,,,,,OHARA Zemax catalog 2017-11-30 (obtained from http://www.ohara-inc.co.jp)See also OHARA glass data sheets,,,2017.0,optical glass,OHARA-optical/S-FTM16,1.592701,35.310075,593353,,0.009,9e-06,243 343,,Recommended
297,OHARA LAH51,,,,,,,,,,,,,,,,,,,,specs,OHARA-optical,334.0,2325.0,LAH51,,1.782195658044695,0.0,,,,,density/SLD left NULL: the catalog page states no density; formula NULL: a catalog optical glass (composition proprietary); no x-ray / neutron SLD,,,,,,,,,,optical glass,OHARA-optical/LAH51,1.785896,44.186159,786442,,,,,preferred,
298,OHARA LAH52,,,,,,,,,,,,,,,,,,,,specs,OHARA-optical,334.0,2325.0,LAH52,,1.795581657077499,0.0,,,,,density/SLD left NULL: the catalog page states no density; formula NULL: a catalog optical glass (composition proprietary); no x-ray / neutron SLD,,,,,,,,,,optical glass,OHARA-optical/LAH52,1.799516,42.241337,800422,,,,,preferred,
299,OHARA LAH53,,,,,,,,,,,,,,,,,,,,specs,OHARA-optical,334.0,2325.0,LAH53,,1.802019752398016,0.0,,,,,density/SLD left NULL: the catalog page states no density; formula NULL: a catalog optical glass (composition proprietary); no x-ray / neutron SLD,,,,,,,,,,optical glass,OHARA-optical/LAH53,1.806098,40.948508,806410,806409,,,,preferred,
300,OHARA LAH54,,,,,,,,,,,,,,,,,,,,specs,OHARA-optical,334.0,2325.0,LAH54,,1.8117107811371882,0.0,,,,,density/SLD left NULL: the catalog page states no density; formula NULL: a catalog optical glass (composition proprietary); no x-ray / neutron SLD,,,,,,,,,,optical glass,OHARA-optical/LAH54,1.815543,44.361146,816444,,,,,preferred,
301,OHARA LAH55,,,,,,,,,,,,,,,,,,,,specs,OHARA-optical,334.0,2325.0,LAH55,,1.8307433184121875,0.0,,,,,density/SLD left NULL: the catalog page states no density; formula NULL: a catalog optical glass (composition proprietary); no x-ray / neutron SLD,,,,,,,,,,optical glass,OHARA-optical/LAH55,1.834807,42.72372,835427,,,,,preferred,
302,OHARA LAH58,,,,,,,,,,,,,,,,,,,,specs,OHARA-optical,334.0,2325.0,LAH58,,1.8785089633513719,0.0,,,,,density/SLD left NULL: the catalog page states no density; formula NULL: a catalog optical glass (composition proprietary); no x-ray / neutron SLD,,,,,,,,,,optical glass,OHARA-optical/LAH58,1.882997,40.778667,883408,,,,,preferred,
303,OHARA LAH59,,,,,,,,,,,,,,,,,,,,specs,OHARA-optical,334.0,2325.0,LAH59,,1.8123451028788045,0.0,,,,,density/SLD left NULL: the catalog page states no density; formula NULL: a catalog optical glass (composition proprietary); no x-ray / neutron SLD,,,,,,,,,,optical glass,OHARA-optical/LAH59,1.816,46.626446,816466,,,,,preferred,
304,OHARA LAH60,,,,,,,,,,,,,,,,,,,,specs,OHARA-optical,334.0,2325.0,LAH60,,1.8293782332064632,0.0,,,,,density/SLD left NULL: the catalog page states no density; formula NULL: a catalog optical glass (composition proprietary); no x-ray / neutron SLD,,,,,,,,,,optical glass,OHARA-optical/LAH60,1.834,37.166863,834372,,,,,preferred,
305,OHARA LAH63,,,,,,,,,,,,,,,,,,,,specs,OHARA-optical,334.0,2325.0,LAH63,,1.8001968110222795,0.0,,,,,density/SLD left NULL: the catalog page states no density; formula NULL: a catalog optical glass (composition proprietary); no x-ray / neutron SLD,,,,,,,,,,optical glass,OHARA-optical/LAH63,1.804398,39.581254,804396,,,,,preferred,
306,OHARA LAH64,,,,,,,,,,,,,,,,,,,,specs,OHARA-optical,334.0,2325.0,LAH64,,1.784521325696656,0.0,,,,,density/SLD left NULL: the catalog page states no density; formula NULL: a catalog optical glass (composition proprietary); no x-ray / neutron SLD,,,,,,,,,,optical glass,OHARA-optical/LAH64,1.788001,47.385275,788474,,,,,preferred,
307,OHARA LAH65,,,,,,,,,,,,,,,,,,,,specs,OHARA-optical,334.0,2325.0,LAH65,,1.8003910410891981,0.0,,,,,density/SLD left NULL: the catalog page states no density; formula NULL: a catalog optical glass (composition proprietary); no x-ray / neutron SLD,,,,,,,,,,optical glass,OHARA-optical/LAH65,1.804,46.575911,804466,,,,,preferred,
308,OHARA LAH66,,,,,,,,,,,,,,,,,,,,specs,OHARA-optical,334.0,2325.0,LAH66,,1.769228582611906,0.0,,,,,density/SLD left NULL: the catalog page states no density; formula NULL: a catalog optical glass (composition proprietary); no x-ray / neutron SLD,,,,,,,,,,optical glass,OHARA-optical/LAH66,1.772499,49.60134,773496,772496,,,,preferred,
309,OHARA LAH67,,,,,,,,,,,,,,,,,,,,specs,OHARA-optical,334.0,2325.0,LAH67,,1.7913344603450492,0.0,,,,,density/SLD left NULL: the catalog page states no density; formula NULL: a catalog optical glass (composition proprietary); no x-ray / neutron SLD,,,,,,,,,,optical glass,OHARA-optical/LAH67,1.794997,45.293967,795453,,,,,preferred,
310,OHARA LAH71,,,,,,,,,,,,4.81,literature (manufacturer datasheet),,,,,,,specs,OHARA-optical,300.0,2400.0,LAH71,,1.844889170190628,3.03147e-08,,,,,density 4.81 g/cm3 stated by the manufacturer's datasheet (LAH71); formula NULL: a catalog optical glass (composition proprietary); no x-ray / neutron SLD,,,,,,OHARA Zemax catalog 2017-11-30 (obtained from http://www.ohara-inc.co.jp)See also OHARA glass data sheets,,,2017.0,optical glass,OHARA-optical/LAH71,1.850259,32.28594,850323,,0.0027,7.4e-06,243 343,preferred,
311,OHARA LAH75,,,,,,,,,,,,,,,,,,,,specs,OHARA-optical,334.0,2325.0,LAH75,,1.8689091026318168,0.0,,,,,density/SLD left NULL: the catalog page states no density; formula NULL: a catalog optical glass (composition proprietary); no x-ray / neutron SLD,,,,,,,,,,optical glass,OHARA-optical/LAH75,1.873996,35.258591,874353,,,,,preferred,
312,OHARA LAH78,,,,,,,,,,,,4.48,literature (manufacturer datasheet),,,,,,,specs,OHARA-optical,300.0,2400.0,LAH78,,1.8955358176373873,1.676364e-08,,,,,density 4.48 g/cm3 stated by the manufacturer's datasheet (LAH78); formula NULL: a catalog optical glass (composition proprietary); no x-ray / neutron SLD,,,,,,OHARA Zemax catalog 2017-11-30 (obtained from http://www.ohara-inc.co.jp)See also OHARA glass data sheets,,,2017.0,optical glass,OHARA-optical/LAH78,1.901355,31.550244,901315,901316,0.0042,6e-06,243 343,preferred,
313,OHARA LAH80,,,,,,,,,,,,3.99,literature (manufacturer datasheet),,,,,,,specs,OHARA-optical,300.0,2400.0,LAH80,,1.8790360923408331,2.182034e-08,,,,,density 3.99 g/cm3 stated by the manufacturer's datasheet (LAH80); formula NULL: a catalog optical glass (composition proprietary); no x-ray / neutron SLD,,,,,,OHARA Zemax catalog 2017-11-30 (obtained from http://www.ohara-inc.co.jp)See also OHARA glass data sheets,,,2017.0,optical glass,OHARA-optical/LAH80,1.885,30.163795,885302,,0.0052,6.6e-06,243 343,special,
314,OHARA L-LAH53,,,,,,,,,,,,4.49,literature (manufacturer datasheet),,,,,,,specs,OHARA-optical,340.0,700.0,L-LAH53,,1.8021653953856136,6.665592e-09,,,,,density 4.49 g/cm3 stated by the manufacturer's datasheet (L-LAH53); formula NULL: a catalog optical glass (composition proprietary); no x-ray / neutron SLD,,,,,,OHARA Zemax catalog 2017-11-30 (obtained from http://www.ohara-inc.co.jp)See also OHARA glass data sheets,,,2017.0,optical glass,OHARA-optical/L-LAH53,1.806249,40.907302,806409,,-0.0065,5.9e-06,243 343,,Low Softening Temperature
315,OHARA L-LAH81,,,,,,,,,,,,4.53,literature (manufacturer datasheet),,,,,,,specs,OHARA-optical,340.0,2400.0,L-LAH81,,1.801969718477538,1.17116e-08,,,,,density 4.53 g/cm3 stated by the manufacturer's datasheet (L-LAH81); formula NULL: a catalog optical glass (composition proprietary); no x-ray / neutron SLD,,,,,,OHARA Zemax catalog 2017-11-30 (obtained from http://www.ohara-inc.co.jp)See also OHARA glass data sheets,,,2017.0,optical glass,OHARA-optical/L-LAH81,1.8061,40.400738,806404,,-0.0057,5.8e-06,243 343,special,Low Softening Temperature
316,OHARA L-LAH83,,,,,,,,,,,,5.29,literature (manufacturer datasheet),,,,,,,specs,OHARA-optical,310.0,2400.0,L-LAH83,,1.8595855533806513,1.513436e-08,,,,,density 5.29 g/cm3 stated by the manufacturer's datasheet (L-LAH83); formula NULL: a catalog optical glass (composition proprietary); no x-ray / neutron SLD,,,,,,OHARA Zemax catalog 2017-11-30 (obtained from http://www.ohara-inc.co.jp)See also OHARA glass data sheets,,,2017.0,optical glass,OHARA-optical/L-LAH83,1.864,40.577742,864406,,-0.0089,6.8e-06,243 343,special,Low Softening Temperature
317,OHARA L-LAH84,,,,,,,,,,,,4.62,literature (manufacturer datasheet),,,,,,,specs,OHARA-optical,340.0,2400.0,L-LAH84,,1.8042217094835142,1.0084326000000001e-08,,,,,density 4.62 g/cm3 stated by the manufacturer's datasheet (L-LAH84); formula NULL: a catalog optical glass (composition proprietary); no x-ray / neutron SLD,,,,,,OHARA Zemax catalog 2017-11-30 (obtained from http://www.ohara-inc.co.jp)See also OHARA glass data sheets,,,2017.0,optical glass,OHARA-optical/L-LAH84,1.80835,40.548503,808405,,-0.007,6e-06,243 343,,Low Softening Temperature
318,OHARA L-LAH84P,,,,,,,,,,,,4.62,literature (manufacturer datasheet),,,,,,,specs,OHARA-optical,365.015,2325.4199999999996,L-LAH84P,,1.8080775829877895,1.0084326000000001e-08,,,,,density 4.62 g/cm3 stated by the manufacturer's datasheet (L-LAH84P); formula NULL: a catalog optical glass (composition proprietary); no x-ray / neutron SLD,,,,,,OHARA Zemax catalog 2017-11-30 (obtained from http://www.ohara-inc.co.jp)See also OHARA glass data sheets,,,2017.0,optical glass,OHARA-optical/L-LAH84P,1.81225,40.294279,812403,,-0.0066,6.4e-06,243 343,,Low Softening Temperature
319,OHARA L-LAH85,,,,,,,,,,,,5.09,literature (manufacturer datasheet),,,,,,,specs,OHARA-optical,330.0,2400.0,L-LAH85,,1.8496175096572192,5.039746e-09,,,,,density 5.09 g/cm3 stated by the manufacturer's datasheet (L-LAH85); formula NULL: a catalog optical glass (composition proprietary); no x-ray / neutron SLD,,,,,,OHARA Zemax catalog 2017-11-30 (obtained from http://www.ohara-inc.co.jp)See also OHARA glass data sheets,,,2017.0,optical glass,OHARA-optical/L-LAH85,1.854,40.393284,854404,,-0.0084,7e-06,243 343,special,Low Softening Temperature
320,OHARA L-LAH85V,,,,,,,,,,,,5.25,literature (manufacturer datasheet),,,,,,,specs,OHARA-optical,365.0,2325.0,L-LAH85V,,1.8496198589297537,5.039746e-09,,,,,density 5.25 g/cm3 stated by the manufacturer's datasheet (L-LAH85V); formula NULL: a catalog optical glass (composition proprietary); no x-ray / neutron SLD,,,,,,OHARA Zemax catalog 2017-11-30 (obtained from http://www.ohara-inc.co.jp)See also OHARA glass data sheets,,,2017.0,optical glass,OHARA-optical/L-LAH85V,1.854,40.378368,854404,,-0.0073,6.3e-06,243 343,,Low Softening Temperature
321,OHARA L-LAH86,,,,,,,,,,,,4.9,literature (manufacturer datasheet),,,,,,,specs,OHARA-optical,365.0,2325.0,L-LAH86,,1.8967697121725815,1.676364e-08,,,,,density 4.9 g/cm3 stated by the manufacturer's datasheet (L-LAH86); formula NULL: a catalog optical glass (composition proprietary); no x-ray / neutron SLD,,,,,,OHARA Zemax catalog 2017-11-30 (obtained from http://www.ohara-inc.co.jp)See also OHARA glass data sheets,,,2017.0,optical glass,OHARA-optical/L-LAH86,1.902699,31.00532,903310,,0.003,6.1e-06,243 343,,Low Softening Temperature
322,OHARA L-LAH87,,,,,,,,,,,,4.34,literature (manufacturer datasheet),,,,,,,specs,OHARA-optical,365.0,2325.0,L-LAH87,,1.766904444490043,5.039746e-09,,,,,density 4.34 g/cm3 stated by the manufacturer's datasheet (L-LAH87); formula NULL: a catalog optical glass (composition proprietary); no x-ray / neutron SLD,,,,,,OHARA Zemax catalog 2017-11-30 (obtained from http://www.ohara-inc.co.jp)See also OHARA glass data sheets,,,2017.0,optical glass,OHARA-optical/L-LAH87,1.7703,47.401904,770474,,-0.0086,7.1e-06,243 343,preferred,Low Softening Temperature
323,OHARA L-LAH90,,,,,,,,,,,,4.65,literature (manufacturer datasheet),,,,,,,specs,OHARA-optical,280.0,2400.0,L-LAH90,,1.8279068688577682,1.0084326000000001e-08,,,,,density 4.65 g/cm3 stated by the manufacturer's datasheet (L-LAH90); formula NULL: a catalog optical glass (composition proprietary); no x-ray / neutron SLD,,,,,,OHARA Zemax catalog 2017-11-30 (obtained from http://www.ohara-inc.co.jp)See also OHARA glass data sheets,,,2017.0,optical glass,OHARA-optical/L-LAH90,1.8322,40.097595,832401,,-0.0052,6.3e-06,243 343,,Low Softening Temperature
324,OHARA L-LAH91,,,,,,,,,,,,4.29,literature (manufacturer datasheet),,,,,,,specs,OHARA-optical,280.0,2400.0,L-LAH91,,1.7612343589891801,5.039746e-09,,,,,density 4.29 g/cm3 stated by the manufacturer's datasheet (L-LAH91); formula NULL: a catalog optical glass (composition proprietary); no x-ray / neutron SLD,,,,,,OHARA Zemax catalog 2017-11-30 (obtained from http://www.ohara-inc.co.jp)See also OHARA glass data sheets,,,2017.0,optical glass,OHARA-optical/L-LAH91,1.7645,49.096913,764491,,-0.0092,5.7e-06,243 343,,Low Softening Temperature
325,OHARA L-LAH94,,,,,,,,,,,,4.89,literature (manufacturer datasheet),,,,,,,specs,OHARA-optical,365.0,2325.0,L-LAH94,,1.8562238186100077,6.665592e-09,,,,,density 4.89 g/cm3 stated by the manufacturer's datasheet (L-LAH94); formula NULL: a catalog optical glass (composition proprietary); no x-ray / neutron SLD,,,,,,OHARA Zemax catalog 2017-11-30 (obtained from http://www.ohara-inc.co.jp)See also OHARA glass data sheets,,,2017.0,optical glass,OHARA-optical/L-LAH94,1.860999,37.097767,861371,,-0.0029,6.2e-06,243 343,,Low Softening Temperature
326,OHARA S-LAH51,,,,,,,,,,,,4.4,literature (manufacturer datasheet),,,,,,,specs,OHARA-optical,330.0,2400.0,S-LAH51,,1.7821945806718713,1.513436e-08,,,,,density 4.4 g/cm3 stated by the manufacturer's datasheet (S-LAH51); formula NULL: a catalog optical glass (composition proprietary); no x-ray / neutron SLD,,,,,,OHARA Zemax catalog 2017-11-30 (obtained from http://www.ohara-inc.co.jp)See also OHARA glass data sheets,,,2017.0,optical glass,OHARA-optical/S-LAH51,1.785896,44.202637,786442,,-0.0069,5.9e-06,243 343,,Recommended
327,OHARA S-LAH52,,,,,,,,,,,,4.41,literature (manufacturer datasheet),,,,,,,specs,OHARA-optical,330.0,2400.0,S-LAH52,,1.7955860909577521,1.17116e-08,,,,,density 4.41 g/cm3 stated by the manufacturer's datasheet (S-LAH52); formula NULL: a catalog optical glass (composition proprietary); no x-ray / neutron SLD,,,,,,OHARA Zemax catalog 2017-11-30 (obtained from http://www.ohara-inc.co.jp)See also OHARA glass data sheets,,,2017.0,optical glass,OHARA-optical/S-LAH52,1.799516,42.225007,800422,,-0.006,6e-06,243 343,,Recommended
328,OHARA S-LAH52Q,,,,,,,,,,,,4.47,literature (manufacturer datasheet),,,,,,,specs,OHARA-optical,365.015,2325.4199999999996,S-LAH52Q,,1.7955952034544964,6.665592e-09,,,,,density 4.47 g/cm3 stated by the manufacturer's datasheet (S-LAH52Q); formula NULL: a catalog optical glass (composition proprietary); no x-ray / neutron SLD,,,,,,OHARA Zemax catalog 2017-11-30 (obtained from http://www.ohara-inc.co.jp)See also OHARA glass data sheets,,,2017.0,optical glass,OHARA-optical/S-LAH52Q,1.79952,42.239506,800422,,-0.0056,6e-06,243 343,,Recommended
329,OHARA S-LAH53,,,,,,,,,,,,4.43,literature (manufacturer datasheet),,,,,,,specs,OHARA-optical,340.0,2400.0,S-LAH53,,1.8020179642254104,1.676364e-08,,,,,density 4.43 g/cm3 stated by the manufacturer's datasheet (S-LAH53); formula NULL: a catalog optical glass (composition proprietary); no x-ray / neutron SLD,,,,,,OHARA Zemax catalog 2017-11-30 (obtained from http://www.ohara-inc.co.jp)See also OHARA glass data sheets,,,2017.0,optical glass,OHARA-optical/S-LAH53,1.806098,40.925996,806409,,-0.0052,5.9e-06,243 343,,Recommended
330,OHARA S-LAH53V,,,,,,,,,,,,4.41,literature (manufacturer datasheet),,,,,,,specs,OHARA-optical,365.015,2325.4199999999996,S-LAH53V,,1.8020245570698026,1.0084326000000001e-08,,,,,density 4.41 g/cm3 stated by the manufacturer's datasheet (S-LAH53V); formula NULL: a catalog optical glass (composition proprietary); no x-ray / neutron SLD,,,,,,OHARA Zemax catalog 2017-11-30 (obtained from http://www.ohara-inc.co.jp)See also OHARA glass data sheets,,,2017.0,optical glass,OHARA-optical/S-LAH53V,1.806099,40.929791,806409,,-0.0039,5.8e-06,243 343,,Recommended
331,OHARA S-LAH54,,,,,,,,,,,,4.54,literature (manufacturer datasheet),,,,,,,specs,OHARA-optical,300.0,2400.0,S-LAH54,,1.8117107811371882,2.52497e-08,,,,,density 4.54 g/cm3 stated by the manufacturer's datasheet (S-LAH54); formula NULL: a catalog optical glass (composition proprietary); no x-ray / neutron SLD,,,,,,OHARA Zemax catalog 2017-11-30 (obtained from http://www.ohara-inc.co.jp)See also OHARA glass data sheets,,,2017.0,optical glass,OHARA-optical/S-LAH54,1.815543,44.361146,816444,,-0.0084,5.9e-06,243 343,preferred,
332,OHARA S-LAH55,,,,,,,,,,,,4.73,literature (manufacturer datasheet),,,,,,,specs,OHARA-optical,330.0,2400.0,S-LAH55,,1.8307425415720824,1.0084326000000001e-08,,,,,density 4.73 g/cm3 stated by the manufacturer's datasheet (S-LAH55); formula NULL: a catalog optical glass (composition proprietary); no x-ray / neutron SLD,,,,,,OHARA Zemax catalog 2017-11-30 (obtained from http://www.ohara-inc.co.jp)See also OHARA glass data sheets,,,2017.0,optical glass,OHARA-optical/S-LAH55,1.834807,42.713673,835427,,-0.0082,6.2e-06,243 343,preferred,
333,OHARA S-LAH55V,,,,,,,,,,,,4.73,literature (manufacturer datasheet),,,,,,,specs,OHARA-optical,365.0,2325.0,S-LAH55V,,1.8307459486932935,1.0084326000000001e-08,,,,,density 4.73 g/cm3 stated by the manufacturer's datasheet (S-LAH55V); formula NULL: a catalog optical glass (composition proprietary); no x-ray / neutron SLD,,,,,,OHARA Zemax catalog 2017-11-30 (obtained from http://www.ohara-inc.co.jp)See also OHARA glass data sheets,,,2017.0,optical glass,OHARA-optical/S-LAH55V,1.834807,42.725324,835427,,-0.0075,6.2e-06,243 343,,Recommended
334,OHARA S-LAH55VS,,,,,,,,,,,,4.58,literature (manufacturer datasheet),,,,,,,specs,OHARA-optical,365.015,2325.4199999999996,S-LAH55VS,,1.8307511187338714,5.039745999999999e-09,,,,,density 4.58 g/cm3 stated by the manufacturer's datasheet (S-LAH55VS); formula NULL: a catalog optical glass (composition proprietary); no x-ray / neutron SLD,,,,,,OHARA Zemax catalog 2017-11-30 (obtained from http://www.ohara-inc.co.jp)See also OHARA glass data sheets,,,2017.0,optical glass,OHARA-optical/S-LAH55VS,1.834809,42.74368,835427,,-0.0075,6.3e-06,243 343,,Recommended
335,OHARA S-LAH58,,,,,,,,,,,,5.52,literature (manufacturer datasheet),,,,,,,specs,OHARA-optical,320.0,2400.0,S-LAH58,,1.8785065668501857,2.5249699999999998e-08,,,,,density 5.52 g/cm3 stated by the manufacturer's datasheet (S-LAH58); formula NULL: a catalog optical glass (composition proprietary); no x-ray / neutron SLD,,,,,,OHARA Zemax catalog 2017-11-30 (obtained from http://www.ohara-inc.co.jp)See also OHARA glass data sheets,,,2017.0,optical glass,OHARA-optical/S-LAH58,1.882997,40.765107,883408,,-0.0088,6.6e-06,243 343,,Recommended
336,OHARA S-LAH59,,,,,,,,,,,,5.07,literature (manufacturer datasheet),,,,,,,specs,OHARA-optical,290.0,2400.0,S-LAH59,,1.8123424414048712,2.01897e-08,,,,,density 5.07 g/cm3 stated by the manufacturer's datasheet (S-LAH59); formula NULL: a catalog optical glass (composition proprietary); no x-ray / neutron SLD,,,,,,OHARA Zemax catalog 2017-11-30 (obtained from http://www.ohara-inc.co.jp)See also OHARA glass data sheets,,,2017.0,optical glass,OHARA-optical/S-LAH59,1.816,46.620561,816466,,-0.0092,6.3e-06,243 343,,Recommended
337,OHARA S-LAH60,,,,,,,,,,,,4.43,literature (manufacturer datasheet),,,,,,,specs,OHARA-optical,340.0,2400.0,S-LAH60,,1.8293758037669916,1.513436e-08,,,,,density 4.43 g/cm3 stated by the manufacturer's datasheet (S-LAH60); formula NULL: a catalog optical glass (composition proprietary); no x-ray / neutron SLD,,,,,,OHARA Zemax catalog 2017-11-30 (obtained from http://www.ohara-inc.co.jp)See also OHARA glass data sheets,,,2017.0,optical glass,OHARA-optical/S-LAH60,1.834,37.160487,834372,,-0.0037,5.6e-06,243 343,,Recommended
338,OHARA S-LAH60V,,,,,,,,,,,,4.43,literature (manufacturer datasheet),,,,,,,specs,OHARA-optical,365.015,2325.4199999999996,S-LAH60V,,1.829390543687161,2.01897e-08,,,,,density 4.43 g/cm3 stated by the manufacturer's datasheet (S-LAH60V); formula NULL: a catalog optical glass (composition proprietary); no x-ray / neutron SLD,,,,,,OHARA Zemax catalog 2017-11-30 (obtained from http://www.ohara-inc.co.jp)See also OHARA glass data sheets,,,2017.0,optical glass,OHARA-optical/S-LAH60V,1.833999,37.206855,834372,,-0.0006,5.8e-06,243 343,,Recommended
339,OHARA S-LAH63,,,,,,,,,,,,4.34,literature (manufacturer datasheet),,,,,,,specs,OHARA-optical,340.0,2400.0,S-LAH63,,1.800196543413028,1.0084326000000001e-08,,,,,density 4.34 g/cm3 stated by the manufacturer's datasheet (S-LAH63); formula NULL: a catalog optical glass (composition proprietary); no x-ray / neutron SLD,,,,,,OHARA Zemax catalog 2017-11-30 (obtained from http://www.ohara-inc.co.jp)See also OHARA glass data sheets,,,2017.0,optical glass,OHARA-optical/S-LAH63,1.804398,39.58615,804396,,-0.0045,5.8e-06,243 343,,Recommended
340,OHARA S-LAH63Q,,,,,,,,,,,,4.45,literature (manufacturer datasheet),,,,,,,specs,OHARA-optical,365.015,2325.4199999999996,S-LAH63Q,,1.8002096774849787,2.01897e-08,,,,,density 4.45 g/cm3 stated by the manufacturer's datasheet (S-LAH63Q); formula NULL: a catalog optical glass (composition proprietary); no x-ray / neutron SLD,,,,,,OHARA Zemax catalog 2017-11-30 (obtained from http://www.ohara-inc.co.jp)See also OHARA glass data sheets,,,2017.0,optical glass,OHARA-optical/S-LAH63Q,1.8044,39.580489,804396,,-0.0012,7.9e-06,243 343,,
341,OHARA S-LAH64,,,,,,,,,,,,4.3,literature (manufacturer datasheet),,,,,,,specs,OHARA-optical,320.0,2400.0,S-LAH64,,1.7845184487471484,1.0084326000000001e-08,,,,,density 4.3 g/cm3 stated by the manufacturer's datasheet (S-LAH64); formula NULL: a catalog optical glass (composition proprietary); no x-ray / neutron SLD,,,,,,OHARA Zemax catalog 2017-11-30 (obtained from http://www.ohara-inc.co.jp)See also OHARA glass data sheets,,,2017.0,optical glass,OHARA-optical/S-LAH64,1.788001,47.368522,788474,,-0.0089,6.1e-06,243 343,,Recommended
342,OHARA S-LAH65,,,,,,,,,,,,4.76,literature (manufacturer datasheet),,,,,,,specs,OHARA-optical,320.0,2400.0,S-LAH65,,1.8003900460637574,1.0084326000000001e-08,,,,,density 4.76 g/cm3 stated by the manufacturer's datasheet (S-LAH65); formula NULL: a catalog optical glass (composition proprietary); no x-ray / neutron SLD,,,,,,OHARA Zemax catalog 2017-11-30 (obtained from http://www.ohara-inc.co.jp)See also OHARA glass data sheets,,,2017.0,optical glass,OHARA-optical/S-LAH65,1.804,46.570373,804466,,-0.009,6e-06,243 343,preferred,
343,OHARA S-LAH65V,,,,,,,,,,,,4.72,literature (manufacturer datasheet),,,,,,,specs,OHARA-optical,365.0,2325.0,S-LAH65V,,1.800390773787835,1.0084326000000001e-08,,,,,density 4.72 g/cm3 stated by the manufacturer's datasheet (S-LAH65V); formula NULL: a catalog optical glass (composition proprietary); no x-ray / neutron SLD,,,,,,OHARA Zemax catalog 2017-11-30 (obtained from http://www.ohara-inc.co.jp)See also OHARA glass data sheets,,,2017.0,optical glass,OHARA-optical/S-LAH65V,1.803999,46.583432,804466,,-0.0088,6e-06,243 343,,Recommended
344,OHARA S-LAH65VS,,,,,,,,,,,,4.46,literature (manufacturer datasheet),,,,,,,specs,OHARA-optical,365.015,2325.4199999999996,S-LAH65VS,,1.8003895536710905,5.039745999999999e-09,,,,,density 4.46 g/cm3 stated by the manufacturer's datasheet (S-LAH65VS); formula NULL: a catalog optical glass (composition proprietary); no x-ray / neutron SLD,,,,,,OHARA Zemax catalog 2017-11-30 (obtained from http://www.ohara-inc.co.jp)See also OHARA glass data sheets,,,2017.0,optical glass,OHARA-optical/S-LAH65VS,1.804,46.527532,804465,,-0.0085,6.1e-06,243 343,,Recommended
345,OHARA S-LAH66,,,,,,,,,,,,4.23,literature (manufacturer datasheet),,,,,,,specs,OHARA-optical,310.0,2400.0,S-LAH66,,1.7692287631063999,1.0084326000000001e-08,,,,,density 4.23 g/cm3 stated by the manufacturer's datasheet (S-LAH66); formula NULL: a catalog optical glass (composition proprietary); no x-ray / neutron SLD,,,,,,OHARA Zemax catalog 2017-11-30 (obtained from http://www.ohara-inc.co.jp)See also OHARA glass data sheets,,,2017.0,optical glass,OHARA-optical/S-LAH66,1.772499,49.598371,773496,772496,-0.0092,6.2e-06,243 343,,Recommended
346,OHARA S-LAH67,,,,,,,,,,,,4.29,literature (manufacturer datasheet),,,,,,,specs,OHARA-optical,300.0,2400.0,S-LAH67,,1.7913344603450492,1.676364e-08,,,,,density 4.29 g/cm3 stated by the manufacturer's datasheet (S-LAH67); formula NULL: a catalog optical glass (composition proprietary); no x-ray / neutron SLD,,,,,,OHARA Zemax catalog 2017-11-30 (obtained from http://www.ohara-inc.co.jp)See also OHARA glass data sheets,,,2017.0,optical glass,OHARA-optical/S-LAH67,1.794997,45.293967,795453,,-0.0083,6e-06,243 343,preferred,
347,OHARA S-LAH71,,,,,,,,,,,,4.36,literature (manufacturer datasheet),,,,,,,specs,OHARA-optical,360.0,2400.0,S-LAH71,,1.8448916931321775,2.52497e-08,,,,,density 4.36 g/cm3 stated by the manufacturer's datasheet (S-LAH71); formula NULL: a catalog optical glass (composition proprietary); no x-ray / neutron SLD,,,,,,OHARA Zemax catalog 2017-11-30 (obtained from http://www.ohara-inc.co.jp)See also OHARA glass data sheets,,,2017.0,optical glass,OHARA-optical/S-LAH71,1.850259,32.27012,850323,,0.0036,7.7e-06,243 343,,Recommended
348,OHARA S-LAH75,,,,,,,,,,,,4.57,literature (manufacturer datasheet),,,,,,,specs,OHARA-optical,365.0,900.0,S-LAH75,,1.8689092400544318,2.5249699999999998e-08,,,,,density 4.57 g/cm3 stated by the manufacturer's datasheet (S-LAH75); formula NULL: a catalog optical glass (composition proprietary); no x-ray / neutron SLD,,,,,,OHARA Zemax catalog 2017-11-30 (obtained from http://www.ohara-inc.co.jp)See also OHARA glass data sheets,,,2017.0,optical glass,OHARA-optical/S-LAH75,1.873996,35.258594,874353,,-0.0017,6.2e-06,243 343,preferred,
349,OHARA S-LAH79,,,,,,,,,,,,5.23,literature (manufacturer datasheet),,,,,,,specs,OHARA-optical,370.0,2400.0,S-LAH79,,1.9960980953660568,5.046252e-08,,,,,density 5.23 g/cm3 stated by the manufacturer's datasheet (S-LAH79); formula NULL: a catalog optical glass (composition proprietary); no x-ray / neutron SLD,,,,,,OHARA Zemax catalog 2017-11-30 (obtained from http://www.ohara-inc.co.jp)See also OHARA glass data sheets,,,2017.0,optical glass,OHARA-optical/S-LAH79,2.0033,28.27328,003283,,0.0023,6e-06,243 343,,Recommended - High Index
350,OHARA S-LAH88,,,,,,,,,,,,4.74,literature (manufacturer datasheet),,,,,,,specs,OHARA-optical,370.0,2400.0,S-LAH88,,1.9105811167409323,1.6763639999999998e-08,,,,,density 4.74 g/cm3 stated by the manufacturer's datasheet (S-LAH88); formula NULL: a catalog optical glass (composition proprietary); no x-ray / neutron SLD,,,,,,OHARA Zemax catalog 2017-11-30 (obtained from http://www.ohara-inc.co.jp)See also OHARA glass data sheets,,,2017.0,optical glass,OHARA-optical/S-LAH88,1.916499,31.604148,916316,,0.0008,5.7e-06,243 343,,Recommended
351,OHARA S-LAH89,,,,,,,,,,,,4.7,literature (manufacturer datasheet),,,,,,,specs,OHARA-optical,400.0,2300.0,S-LAH89,,1.847177282655187,8.458480000000001e-09,,,,,density 4.7 g/cm3 stated by the manufacturer's datasheet (S-LAH89); formula NULL: a catalog optical glass (composition proprietary); no x-ray / neutron SLD,,,,,,OHARA Zemax catalog 2017-11-30 (obtained from http://www.ohara-inc.co.jp)See also OHARA glass data sheets,,,2017.0,optical glass,OHARA-optical/S-LAH89,1.8515,40.782269,851408,,-0.006,6.8e-06,243 343,,Recommended
352,OHARA S-LAH92,,,,,,,,,,,,4.87,literature (manufacturer datasheet),,,,,,,specs,OHARA-optical,365.0,2325.0,S-LAH92,,1.8869576182432746,6.665592e-09,,,,,density 4.87 g/cm3 stated by the manufacturer's datasheet (S-LAH92); formula NULL: a catalog optical glass (composition proprietary); no x-ray / neutron SLD,,,,,,OHARA Zemax catalog 2017-11-30 (obtained from http://www.ohara-inc.co.jp)See also OHARA glass data sheets,,,2017.0,optical glass,OHARA-optical/S-LAH92,1.891899,37.134024,892371,,-0.0034,7.5e-06,243 343,,Recommended
353,OHARA S-LAH93,,,,,,,,,,,,4.83,literature (manufacturer datasheet),,,,,,,specs,OHARA-optical,365.0,2325.0,S-LAH93,,1.899957329496537,6.665592e-09,,,,,density 4.83 g/cm3 stated by the manufacturer's datasheet (S-LAH93); formula NULL: a catalog optical glass (composition proprietary); no x-ray / neutron SLD,,,,,,OHARA Zemax catalog 2017-11-30 (obtained from http://www.ohara-inc.co.jp)See also OHARA glass data sheets,,,2017.0,optical glass,OHARA-optical/S-LAH93,1.90525,35.036826,905350,,,7e-06,243 343,,Recommended
354,OHARA S-LAH95,,,,,,,,,,,,4.64,literature (manufacturer datasheet),,,,,,,specs,OHARA-optical,365.015,2325.4199999999996,S-LAH95,,1.8977954630576217,2.182034e-08,,,,,density 4.64 g/cm3 stated by the manufacturer's datasheet (S-LAH95); formula NULL: a catalog optical glass (composition proprietary); no x-ray / neutron SLD,,,,,,OHARA Zemax catalog 2017-11-30 (obtained from http://www.ohara-inc.co.jp)See also OHARA glass data sheets,,,2017.0,optical glass,OHARA-optical/S-LAH95,1.903659,31.343065,904313,,0.0055,7.3e-06,243 343,,Recommended
355,OHARA S-LAH96,,,,,,,,,,,,4.54,literature (manufacturer datasheet),,,,,,,specs,OHARA-optical,365.015,2325.4199999999996,S-LAH96,,1.760561564932632,2.01897e-08,,,,,density 4.54 g/cm3 stated by the manufacturer's datasheet (S-LAH96); formula NULL: a catalog optical glass (composition proprietary); no x-ray / neutron SLD,,,,,,OHARA Zemax catalog 2017-11-30 (obtained from http://www.ohara-inc.co.jp)See also OHARA glass data sheets,,,2017.0,optical glass,OHARA-optical/S-LAH96,1.76385,48.488692,764485,,-0.0041,7e-06,243 343,,Recommended
356,OHARA S-LAH97,,,,,,,,,,,,4.17,literature (manufacturer datasheet),,,,,,,specs,OHARA-optical,365.015,2325.4199999999996,S-LAH97,,1.7519595654423472,5.039745999999999e-09,,,,,density 4.17 g/cm3 stated by the manufacturer's datasheet (S-LAH97); formula NULL: a catalog optical glass (composition proprietary); no x-ray / neutron SLD,,,,,,OHARA Zemax catalog 2017-11-30 (obtained from http://www.ohara-inc.co.jp)See also OHARA glass data sheets,,,2017.0,optical glass,OHARA-optical/S-LAH97,1.755,52.318818,755523,,-0.0094,5.8e-06,243 343,,Recommended
357,OHARA LAL7,,,,,,,,,,,,,,,,,,,,specs,OHARA-optical,334.0,2325.0,LAL7,,1.6492421248471776,0.0,,,,,density/SLD left NULL: the catalog page states no density; formula NULL: a catalog optical glass (composition proprietary); no x-ray / neutron SLD,,,,,,,,,,optical glass,OHARA-optical/LAL7,1.651597,58.519433,652585,,,,,preferred,
358,OHARA LAL8,,,,,,,,,,,,,,,,,,,,specs,OHARA-optical,334.0,2325.0,LAL8,,1.71020131944843,0.0,,,,,density/SLD left NULL: the catalog page states no density; formula NULL: a catalog optical glass (composition proprietary); no x-ray / neutron SLD,,,,,,,,,,optical glass,OHARA-optical/LAL8,1.712995,53.845848,713538,,,,,preferred,
359,OHARA LAL9,,,,,,,,,,,,,,,,,,,,specs,OHARA-optical,334.0,2325.0,LAL9,,1.6883388638585108,0.0,,,,,density/SLD left NULL: the catalog page states no density; formula NULL: a catalog optical glass (composition proprietary); no x-ray / neutron SLD,,,,,,,,,,optical glass,OHARA-optical/LAL9,1.691002,54.84322,691548,,,,,preferred,
360,OHARA LAL10,,,,,,,,,,,,,,,,,,,,specs,OHARA-optical,334.0,2325.0,LAL10,,1.7169932892485495,0.0,,,,,density/SLD left NULL: the catalog page states no density; formula NULL: a catalog optical glass (composition proprietary); no x-ray / neutron SLD,,,,,,,,,,optical glass,OHARA-optical/LAL10,1.719995,50.254429,720503,,,,,preferred,
361,OHARA LAL11,,,,,,,,,,,,,,,,,,,,specs,OHARA-optical,334.0,2325.0,LAL11,,1.655874071650971,0.0,,,,,density/SLD left NULL: the catalog page states no density; formula NULL: a catalog optical glass (composition proprietary); no x-ray / neutron SLD,,,,,,,,,,optical glass,OHARA-optical/LAL11,1.658296,57.332589,658573,,,,,preferred,
362,OHARA LAL12,,,,,,,,,,,,,,,,,,,,specs,OHARA-optical,334.0,2325.0,LAL12,,1.675313227740253,0.0,,,,,density/SLD left NULL: the catalog page states no density; formula NULL: a catalog optical glass (composition proprietary); no x-ray / neutron SLD,,,,,,,,,,optical glass,OHARA-optical/LAL12,1.6779,55.337587,678553,,,,,preferred,
363,OHARA LAL13,,,,,,,,,,,,,,,,,,,,specs,OHARA-optical,334.0,2325.0,LAL13,,1.6907558135996648,0.0,,,,,density/SLD left NULL: the catalog page states no density; formula NULL: a catalog optical glass (composition proprietary); no x-ray / neutron SLD,,,,,,,,,,optical glass,OHARA-optical/LAL13,1.693501,53.231566,694532,,,,,preferred,
364,OHARA LAL14,,,,,,,,,,,,,,,,,,,,specs,OHARA-optical,334.0,2325.0,LAL14,,1.694140946373914,0.0,,,,,density/SLD left NULL: the catalog page states no density; formula NULL: a catalog optical glass (composition proprietary); no x-ray / neutron SLD,,,,,,,,,,optical glass,OHARA-optical/LAL14,1.696796,55.528037,697555,,,,,preferred,
365,OHARA LAL18,,,,,,,,,,,,,,,,,,,,specs,OHARA-optical,334.0,2325.0,LAL18,,1.726340743421177,0.0,,,,,density/SLD left NULL: the catalog page states no density; formula NULL: a catalog optical glass (composition proprietary); no x-ray / neutron SLD,,,,,,,,,,optical glass,OHARA-optical/LAL18,1.729157,54.683134,729547,,,,,preferred,
366,OHARA LAL52,,,,,,,,,,,,,,,,,,,,specs,OHARA-optical,334.0,2325.0,LAL52,,1.6675306383443302,0.0,,,,,density/SLD left NULL: the catalog page states no density; formula NULL: a catalog optical glass (composition proprietary); no x-ray / neutron SLD,,,,,,,,,,optical glass,OHARA-optical/LAL52,1.669999,57.327972,670573,,,,,preferred,
367,OHARA LAL54,,,,,,,,,,,,,,,,,,,,specs,OHARA-optical,334.0,2325.0,LAL54,,1.6485559847100875,0.0,,,,,density/SLD left NULL: the catalog page states no density; formula NULL: a catalog optical glass (composition proprietary); no x-ray / neutron SLD,,,,,,,,,,optical glass,OHARA-optical/LAL54,1.650996,56.154774,651562,,,,,preferred,
368,OHARA LAL56,,,,,,,,,,,,,,,,,,,,specs,OHARA-optical,334.0,2325.0,LAL56,,1.675105186138099,0.0,,,,,density/SLD left NULL: the catalog page states no density; formula NULL: a catalog optical glass (composition proprietary); no x-ray / neutron SLD,,,,,,,,,,optical glass,OHARA-optical/LAL56,1.677898,50.723364,678507,,,,,preferred,
369,OHARA LAL58,,,,,,,,,,,,4.11,literature (manufacturer datasheet),,,,,,,specs,OHARA-optical,300.0,2400.0,LAL58,,1.690639762258894,1.0084326000000001e-08,,,,,density 4.11 g/cm3 stated by the manufacturer's datasheet (LAL58); formula NULL: a catalog optical glass (composition proprietary); no x-ray / neutron SLD,,,,,,OHARA Zemax catalog 2017-11-30 (obtained from http://www.ohara-inc.co.jp)See also OHARA glass data sheets,,,2017.0,optical glass,OHARA-optical/LAL58,1.693495,50.807634,694508,693508,-0.0036,7.8e-06,243 343,preferred,
370,OHARA LAL59,,,,,,,,,,,,,,,,,,,,specs,OHARA-optical,334.0,2325.0,LAL59,,1.73099693002244,0.0,,,,,density/SLD left NULL: the catalog page states no density; formula NULL: a catalog optical glass (composition proprietary); no x-ray / neutron SLD,,,,,,,,,,optical glass,OHARA-optical/LAL59,1.733997,51.488026,734515,,,,,preferred,
371,OHARA LAL60,,,,,,,,,,,,,,,,,,,,specs,OHARA-optical,334.0,2325.0,LAL60,,1.7231379528259825,0.0,,,,,density/SLD left NULL: the catalog page states no density; formula NULL: a catalog optical glass (composition proprietary); no x-ray / neutron SLD,,,,,,,,,,optical glass,OHARA-optical/LAL60,1.725999,53.565698,726536,,,,,preferred,
372,OHARA LAL61,,,,,,,,,,,,,,,,,,,,specs,OHARA-optical,334.0,2325.0,LAL61,,1.7380308908985367,0.0,,,,,density/SLD left NULL: the catalog page states no density; formula NULL: a catalog optical glass (composition proprietary); no x-ray / neutron SLD,,,,,,,,,,optical glass,OHARA-optical/LAL61,1.740999,52.648747,741527,741526,,,,preferred,
373,OHARA L-LAL12,,,,,,,,,,,,3.48,literature (manufacturer datasheet),,,,,,,specs,OHARA-optical,300.0,2400.0,L-LAL12,,1.6752936578400242,1.676364e-08,,,,,density 3.48 g/cm3 stated by the manufacturer's datasheet (L-LAL12); formula NULL: a catalog optical glass (composition proprietary); no x-ray / neutron SLD,,,,,,OHARA Zemax catalog 2017-11-30 (obtained from http://www.ohara-inc.co.jp)See also OHARA glass data sheets,,,2017.0,optical glass,OHARA-optical/L-LAL12,1.6779,54.88744,678549,,-0.0069,7.6e-06,243 343,special,Low Softening Temperature
374,OHARA L-LAL13,,,,,,,,,,,,3.69,literature (manufacturer datasheet),,,,,,,specs,OHARA-optical,280.0,2400.0,L-LAL13,,1.690754097407507,1.513436e-08,,,,,density 3.69 g/cm3 stated by the manufacturer's datasheet (L-LAL13); formula NULL: a catalog optical glass (composition proprietary); no x-ray / neutron SLD,,,,,,OHARA Zemax catalog 2017-11-30 (obtained from http://www.ohara-inc.co.jp)See also OHARA glass data sheets,,,2017.0,optical glass,OHARA-optical/L-LAL13,1.6935,53.185799,694532,,-0.0072,7.6e-06,243 343,,Low Softening Temperature
375,OHARA L-LAL15,,,,,,,,,,,,3.66,literature (manufacturer datasheet),,,,,,,specs,OHARA-optical,365.015,2325.4199999999996,L-LAL15,,1.690277197785295,5.039745999999999e-09,,,,,density 3.66 g/cm3 stated by the manufacturer's datasheet (L-LAL15); formula NULL: a catalog optical glass (composition proprietary); no x-ray / neutron SLD,,,,,,OHARA Zemax catalog 2017-11-30 (obtained from http://www.ohara-inc.co.jp)See also OHARA glass data sheets,,,2017.0,optical glass,OHARA-optical/L-LAL15,1.69304,52.9306,693529,,-0.0091,5.4e-06,243 343,,Low Softening Temperature
376,OHARA S-LAL7,,,,,,,,,,,,3.73,literature (manufacturer datasheet),,,,,,,specs,OHARA-optical,280.0,2400.0,S-LAL7,,1.6492419623529198,1.0084326000000001e-08,,,,,density 3.73 g/cm3 stated by the manufacturer's datasheet (S-LAL7); formula NULL: a catalog optical glass (composition proprietary); no x-ray / neutron SLD,,,,,,OHARA Zemax catalog 2017-11-30 (obtained from http://www.ohara-inc.co.jp)See also OHARA glass data sheets,,,2017.0,optical glass,OHARA-optical/S-LAL7,1.651597,58.550655,652585,652586,-0.0042,6.7e-06,243 343,,Recommended
377,OHARA S-LAL8,,,,,,,,,,,,3.79,literature (manufacturer datasheet),,,,,,,specs,OHARA-optical,290.0,2400.0,S-LAL8,,1.710200726727456,1.676364e-08,,,,,density 3.79 g/cm3 stated by the manufacturer's datasheet (S-LAL8); formula NULL: a catalog optical glass (composition proprietary); no x-ray / neutron SLD,,,,,,OHARA Zemax catalog 2017-11-30 (obtained from http://www.ohara-inc.co.jp)See also OHARA glass data sheets,,,2017.0,optical glass,OHARA-optical/S-LAL8,1.712995,53.867058,713539,,-0.0084,6.1e-06,243 343,,Recommended
378,OHARA S-LAL9,,,,,,,,,,,,3.63,literature (manufacturer datasheet),,,,,,,specs,OHARA-optical,290.0,2400.0,S-LAL9,,1.6883391146843811,1.676364e-08,,,,,density 3.63 g/cm3 stated by the manufacturer's datasheet (S-LAL9); formula NULL: a catalog optical glass (composition proprietary); no x-ray / neutron SLD,,,,,,OHARA Zemax catalog 2017-11-30 (obtained from http://www.ohara-inc.co.jp)See also OHARA glass data sheets,,,2017.0,optical glass,OHARA-optical/S-LAL9,1.691002,54.822578,691548,,-0.0079,6.1e-06,243 343,,Recommended
379,OHARA S-LAL10,,,,,,,,,,,,3.86,literature (manufacturer datasheet),,,,,,,specs,OHARA-optical,310.0,2400.0,S-LAL10,,1.7169862281205999,1.17116e-08,,,,,density 3.86 g/cm3 stated by the manufacturer's datasheet (S-LAL10); formula NULL: a catalog optical glass (composition proprietary); no x-ray / neutron SLD,,,,,,OHARA Zemax catalog 2017-11-30 (obtained from http://www.ohara-inc.co.jp)See also OHARA glass data sheets,,,2017.0,optical glass,OHARA-optical/S-LAL10,1.719995,50.230564,720502,,-0.0081,6.1e-06,243 343,,Recommended
380,OHARA S-LAL11,,,,,,,,,,,,3.9,literature (manufacturer datasheet),,,,,,,specs,OHARA-optical,280.0,2400.0,S-LAL11,,1.655874071650971,1.513436e-08,,,,,density 3.9 g/cm3 stated by the manufacturer's datasheet (S-LAL11); formula NULL: a catalog optical glass (composition proprietary); no x-ray / neutron SLD,,,,,,OHARA Zemax catalog 2017-11-30 (obtained from http://www.ohara-inc.co.jp)See also OHARA glass data sheets,,,2017.0,optical glass,OHARA-optical/S-LAL11,1.658296,57.332589,658573,,-0.0037,7.3e-06,243 343,special,
381,OHARA S-LAL12,,,,,,,,,,,,4.01,literature (manufacturer datasheet),,,,,,,specs,OHARA-optical,280.0,2400.0,S-LAL12,,1.6753192113275936,1.0084326000000001e-08,,,,,density 4.01 g/cm3 stated by the manufacturer's datasheet (S-LAL12); formula NULL: a catalog optical glass (composition proprietary); no x-ray / neutron SLD,,,,,,OHARA Zemax catalog 2017-11-30 (obtained from http://www.ohara-inc.co.jp)See also OHARA glass data sheets,,,2017.0,optical glass,OHARA-optical/S-LAL12,1.6779,55.341195,678553,,-0.0047,7.2e-06,243 343,,Recommended
382,OHARA S-LAL13,,,,,,,,,,,,3.6,literature (manufacturer datasheet),,,,,,,specs,OHARA-optical,290.0,2400.0,S-LAL13,,1.6907529675605877,2.52497e-08,,,,,density 3.6 g/cm3 stated by the manufacturer's datasheet (S-LAL13); formula NULL: a catalog optical glass (composition proprietary); no x-ray / neutron SLD,,,,,,OHARA Zemax catalog 2017-11-30 (obtained from http://www.ohara-inc.co.jp)See also OHARA glass data sheets,,,2017.0,optical glass,OHARA-optical/S-LAL13,1.693501,53.205327,694532,,-0.0081,5.7e-06,243 343,,Recommended
383,OHARA S-LAL14,,,,,,,,,,,,3.7,literature (manufacturer datasheet),,,,,,,specs,OHARA-optical,280.0,2400.0,S-LAL14,,1.694141847942476,1.513436e-08,,,,,density 3.7 g/cm3 stated by the manufacturer's datasheet (S-LAL14); formula NULL: a catalog optical glass (composition proprietary); no x-ray / neutron SLD,,,,,,OHARA Zemax catalog 2017-11-30 (obtained from http://www.ohara-inc.co.jp)See also OHARA glass data sheets,,,2017.0,optical glass,OHARA-optical/S-LAL14,1.696797,55.532241,697555,,-0.0082,5.7e-06,243 343,,Recommended
384,OHARA S-LAL18,,,,,,,,,,,,4.18,literature (manufacturer datasheet),,,,,,,specs,OHARA-optical,280.0,2400.0,S-LAL18,,1.7263389632140533,6.665592e-09,,,,,density 4.18 g/cm3 stated by the manufacturer's datasheet (S-LAL18); formula NULL: a catalog optical glass (composition proprietary); no x-ray / neutron SLD,,,,,,OHARA Zemax catalog 2017-11-30 (obtained from http://www.ohara-inc.co.jp)See also OHARA glass data sheets,,,2017.0,optical glass,OHARA-optical/S-LAL18,1.729157,54.680013,729547,,-0.0086,5.9e-06,243 343,,Recommended
385,OHARA S-LAL19,,,,,,,,,,,,3.98,literature (manufacturer datasheet),,,,,,,specs,OHARA-optical,365.0,2325.4199999999996,S-LAL19,,1.7263119655896468,5.039746e-09,,,,,density 3.98 g/cm3 stated by the manufacturer's datasheet (S-LAL19); formula NULL: a catalog optical glass (composition proprietary); no x-ray / neutron SLD,,,,,,OHARA Zemax catalog 2017-11-30 (obtained from http://www.ohara-inc.co.jp)See also OHARA glass data sheets,,,2017.0,optical glass,OHARA-optical/S-LAL19,1.72916,54.095223,729541,,-0.0092,5.4e-06,243 343,,Recommended
386,OHARA S-LAL20,,,,,,,,,,,,4.38,literature (manufacturer datasheet),,,,,,,specs,OHARA-optical,365.015,2325.4199999999996,S-LAL20,,1.696441022870176,2.868236e-08,,,,,density 4.38 g/cm3 stated by the manufacturer's datasheet (S-LAL20); formula NULL: a catalog optical glass (composition proprietary); no x-ray / neutron SLD,,,,,,OHARA Zemax catalog 2017-11-30 (obtained from http://www.ohara-inc.co.jp)See also OHARA glass data sheets,,,2017.0,optical glass,OHARA-optical/S-LAL20,1.6993,51.112184,699511,,-0.0036,9e-06,243 343,,Recommended
387,OHARA S-LAL52,,,,,,,,,,,,3.96,literature (manufacturer datasheet),,,,,,,specs,OHARA-optical,280.0,2400.0,S-LAL52,,1.6675306383443302,1.513436e-08,,,,,density 3.96 g/cm3 stated by the manufacturer's datasheet (S-LAL52); formula NULL: a catalog optical glass (composition proprietary); no x-ray / neutron SLD,,,,,,OHARA Zemax catalog 2017-11-30 (obtained from http://www.ohara-inc.co.jp)See also OHARA glass data sheets,,,2017.0,optical glass,OHARA-optical/S-LAL52,1.669999,57.327972,670573,,-0.0049,7.4e-06,243 343,special,
388,OHARA S-LAL54,,,,,,,,,,,,3.82,literature (manufacturer datasheet),,,,,,,specs,OHARA-optical,330.0,2400.0,S-LAL54,,1.6485547748858105,1.0084326000000001e-08,,,,,density 3.82 g/cm3 stated by the manufacturer's datasheet (S-LAL54); formula NULL: a catalog optical glass (composition proprietary); no x-ray / neutron SLD,,,,,,OHARA Zemax catalog 2017-11-30 (obtained from http://www.ohara-inc.co.jp)See also OHARA glass data sheets,,,2017.0,optical glass,OHARA-optical/S-LAL54,1.650996,56.163717,651562,,-0.0024,7.1e-06,243 343,,Recommended
389,OHARA S-LAL54Q,,,,,,,,,,,,3.36,literature (manufacturer datasheet),,,,,,,specs,OHARA-optical,365.015,2325.4199999999996,S-LAL54Q,,1.64854857399529,1.17116e-08,,,,,density 3.36 g/cm3 stated by the manufacturer's datasheet (S-LAL54Q); formula NULL: a catalog optical glass (composition proprietary); no x-ray / neutron SLD,,,,,,OHARA Zemax catalog 2017-11-30 (obtained from http://www.ohara-inc.co.jp)See also OHARA glass data sheets,,,2017.0,optical glass,OHARA-optical/S-LAL54Q,1.651,56.238379,651562,,-0.0085,4.3e-06,243 343,,Recommended
390,OHARA S-LAL56,,,,,,,,,,,,3.85,literature (manufacturer datasheet),,,,,,,specs,OHARA-optical,330.0,2400.0,S-LAL56,,1.6751005768252971,1.513436e-08,,,,,density 3.85 g/cm3 stated by the manufacturer's datasheet (S-LAL56); formula NULL: a catalog optical glass (composition proprietary); no x-ray / neutron SLD,,,,,,OHARA Zemax catalog 2017-11-30 (obtained from http://www.ohara-inc.co.jp)See also OHARA glass data sheets,,,2017.0,optical glass,OHARA-optical/S-LAL56,1.677898,50.722184,678507,,-0.0037,6.6e-06,243 343,special,Recommended
391,OHARA S-LAL58,,,,,,,,,,,,4.03,literature (manufacturer datasheet),,,,,,,specs,OHARA-optical,320.0,2400.0,S-LAL58,,1.6906387661831999,1.5134359999999997e-08,,,,,density 4.03 g/cm3 stated by the manufacturer's datasheet (S-LAL58); formula NULL: a catalog optical glass (composition proprietary); no x-ray / neutron SLD,,,,,,OHARA Zemax catalog 2017-11-30 (obtained from http://www.ohara-inc.co.jp)See also OHARA glass data sheets,,,2017.0,optical glass,OHARA-optical/S-LAL58,1.693495,50.810652,694508,693508,-0.0047,7.5e-06,243 343,,Recommended
392,OHARA S-LAL59,,,,,,,,,,,,4.04,literature (manufacturer datasheet),,,,,,,specs,OHARA-optical,280.0,2400.0,S-LAL59,,1.7309944905611505,1.0084326000000001e-08,,,,,density 4.04 g/cm3 stated by the manufacturer's datasheet (S-LAL59); formula NULL: a catalog optical glass (composition proprietary); no x-ray / neutron SLD,,,,,,OHARA Zemax catalog 2017-11-30 (obtained from http://www.ohara-inc.co.jp)See also OHARA glass data sheets,,,2017.0,optical glass,OHARA-optical/S-LAL59,1.733997,51.47057,734515,,-0.0096,5.5e-06,243 343,,Recommended
393,OHARA S-LAL60,,,,,,,,,,,,3.91,literature (manufacturer datasheet),,,,,,,specs,OHARA-optical,300.0,2400.0,S-LAL60,,1.7231379528259825,2.182034e-08,,,,,density 3.91 g/cm3 stated by the manufacturer's datasheet (S-LAL60); formula NULL: a catalog optical glass (composition proprietary); no x-ray / neutron SLD,,,,,,OHARA Zemax catalog 2017-11-30 (obtained from http://www.ohara-inc.co.jp)See also OHARA glass data sheets,,,2017.0,optical glass,OHARA-optical/S-LAL60,1.725999,53.565698,726536,,-0.0091,5.6e-06,243 343,preferred,
394,OHARA S-LAL61,,,,,,,,,,,,4.04,literature (manufacturer datasheet),,,,,,,specs,OHARA-optical,290.0,2400.0,S-LAL61,,1.738029612757448,1.513436e-08,,,,,density 4.04 g/cm3 stated by the manufacturer's datasheet (S-LAL61); formula NULL: a catalog optical glass (composition proprietary); no x-ray / neutron SLD,,,,,,OHARA Zemax catalog 2017-11-30 (obtained from http://www.ohara-inc.co.jp)See also OHARA glass data sheets,,,2017.0,optical glass,OHARA-optical/S-LAL61,1.740999,52.636502,741527,741526,-0.0096,5.7e-06,243 343,,Recommended
395,OHARA LAM2,,,,,,,,,,,,,,,,,,,,specs,OHARA-optical,334.0,2325.0,LAM2,,1.7405476747205282,0.0,,,,,density/SLD left NULL: the catalog page states no density; formula NULL: a catalog optical glass (composition proprietary); no x-ray / neutron SLD,,,,,,,,,,optical glass,OHARA-optical/LAM2,1.743997,44.787528,744448,,,,,preferred,
396,OHARA LAM3,,,,,,,,,,,,,,,,,,,,specs,OHARA-optical,334.0,2325.0,LAM3,,1.713887220917769,0.0,,,,,density/SLD left NULL: the catalog page states no density; formula NULL: a catalog optical glass (composition proprietary); no x-ray / neutron SLD,,,,,,,,,,optical glass,OHARA-optical/LAM3,1.717004,47.942632,717479,,,,,preferred,
397,OHARA LAM7,,,,,,,,,,,,4.55,literature (manufacturer datasheet),,,,,,,specs,OHARA-optical,300.0,2400.0,LAM7,,1.7451541574740956,1.0084326000000001e-08,,,,,density 4.55 g/cm3 stated by the manufacturer's datasheet (LAM7); formula NULL: a catalog optical glass (composition proprietary); no x-ray / neutron SLD,,,,,,OHARA Zemax catalog 2017-11-30 (obtained from http://www.ohara-inc.co.jp)See also OHARA glass data sheets,,,2017.0,optical glass,OHARA-optical/LAM7,1.749497,35.278026,750353,749353,0.0035,8.4e-06,243 343,preferred,
398,OHARA LAM51,,,,,,,,,,,,4.09,literature (manufacturer datasheet),,,,,,,specs,OHARA-optical,365.0,900.0,LAM51,,1.6969681965083028,3.53847e-08,,,,,density 4.09 g/cm3 stated by the manufacturer's datasheet (LAM51); formula NULL: a catalog optical glass (composition proprietary); no x-ray / neutron SLD,,,,,,OHARA Zemax catalog 2017-11-30 (obtained from http://www.ohara-inc.co.jp)See also OHARA glass data sheets,,,2017.0,optical glass,OHARA-optical/LAM51,1.699998,48.078869,700481,,-0.0016,7.8e-06,243 343,preferred,
399,OHARA LAM52,,,,,,,,,,,,4.15,literature (manufacturer datasheet),,,,,,,specs,OHARA-optical,365.0,900.0,LAM52,,1.7165896831715728,3.03147e-08,,,,,density 4.15 g/cm3 stated by the manufacturer's datasheet (LAM52); formula NULL: a catalog optical glass (composition proprietary); no x-ray / neutron SLD,,,,,,OHARA Zemax catalog 2017-11-30 (obtained from http://www.ohara-inc.co.jp)See also OHARA glass data sheets,,,2017.0,optical glass,OHARA-optical/LAM52,1.72,43.705625,720437,,-0.0008,8e-06,243 343,preferred,
400,OHARA LAM54,,,,,,,,,,,,,,,,,,,,specs,OHARA-optical,334.0,2325.0,LAM54,,1.753684886864636,0.0,,,,,density/SLD left NULL: the catalog page states no density; formula NULL: a catalog optical glass (composition proprietary); no x-ray / neutron SLD,,,,,,,,,,optical glass,OHARA-optical/LAM54,1.756998,47.815604,757478,,,,,preferred,
401,OHARA LAM55,,,,,,,,,,,,,,,,,,,,specs,OHARA-optical,334.0,2325.0,LAM55,,1.7580816387308857,0.0,,,,,density/SLD left NULL: the catalog page states no density; formula NULL: a catalog optical glass (composition proprietary); no x-ray / neutron SLD,,,,,,,,,,optical glass,OHARA-optical/LAM55,1.762001,40.100947,762401,,,,,preferred,
402,OHARA LAM58,,,,,,,,,,,,4.26,literature (manufacturer datasheet),,,,,,,specs,OHARA-optical,300.0,2400.0,LAM58,,1.7164576627676615,1.0084326000000001e-08,,,,,density 4.26 g/cm3 stated by the manufacturer's datasheet (LAM58); formula NULL: a catalog optical glass (composition proprietary); no x-ray / neutron SLD,,,,,,OHARA Zemax catalog 2017-11-30 (obtained from http://www.ohara-inc.co.jp)See also OHARA glass data sheets,,,2017.0,optical glass,OHARA-optical/LAM58,1.72,41.989859,720420,,-0.0009,6.6e-06,243 343,preferred,
403,OHARA LAM59,,,,,,,,,,,,4.059,literature (manufacturer datasheet),,,,,,,specs,OHARA-optical,300.0,2400.0,LAM59,,1.6940085478896991,2.01897e-08,,,,,density 4.059 g/cm3 stated by the manufacturer's datasheet (LAM59); formula NULL: a catalog optical glass (composition proprietary); no x-ray / neutron SLD,,,,,,OHARA Zemax catalog 2017-11-30 (obtained from http://www.ohara-inc.co.jp)See also OHARA glass data sheets,,,2017.0,optical glass,OHARA-optical/LAM59,1.697002,48.535864,697485,,-0.0019,7.5e-06,243 343,preferred,
404,OHARA LAM60,,,,,,,,,,,,,,,,,,,,specs,OHARA-optical,334.0,2325.0,LAM60,,1.740034152577249,0.0,,,,,density/SLD left NULL: the catalog page states no density; formula NULL: a catalog optical glass (composition proprietary); no x-ray / neutron SLD,,,,,,,,,,optical glass,OHARA-optical/LAM60,1.743198,49.309053,743493,,,,,preferred,
405,OHARA LAM61,,,,,,,,,,,,4.28,literature (manufacturer datasheet),,,,,,,specs,OHARA-optical,300.0,2400.0,LAM61,,1.71675343583625,1.856042e-08,,,,,density 4.28 g/cm3 stated by the manufacturer's datasheet (LAM61); formula NULL: a catalog optical glass (composition proprietary); no x-ray / neutron SLD,,,,,,OHARA Zemax catalog 2017-11-30 (obtained from http://www.ohara-inc.co.jp)See also OHARA glass data sheets,,,2017.0,optical glass,OHARA-optical/LAM61,1.720002,46.035166,720460,,-0.002,8.5e-06,243 343,preferred,
406,OHARA LAM66,,,,,,,,,,,,,,,,,,,,specs,OHARA-optical,334.0,2325.0,LAM66,,1.7963035588094503,0.0,,,,,density/SLD left NULL: the catalog page states no density; formula NULL: a catalog optical glass (composition proprietary); no x-ray / neutron SLD,,,,,,,,,,optical glass,OHARA-optical/LAM66,1.800999,34.965762,801350,,,,,preferred,
407,OHARA L-LAM60,,,,,,,,,,,,4.2,literature (manufacturer datasheet),,,,,,,specs,OHARA-optical,310.0,2400.0,L-LAM60,,1.7400361268862963,1.0084326000000001e-08,,,,,density 4.2 g/cm3 stated by the manufacturer's datasheet (L-LAM60); formula NULL: a catalog optical glass (composition proprietary); no x-ray / neutron SLD,,,,,,OHARA Zemax catalog 2017-11-30 (obtained from http://www.ohara-inc.co.jp)See also OHARA glass data sheets,,,2017.0,optical glass,OHARA-optical/L-LAM60,1.743198,49.295578,743493,,-0.0088,7.4e-06,243 343,,Low Softening Temperature
408,OHARA L-LAM69,,,,,,,,,,,,3.24,literature (manufacturer datasheet),,,,,,,specs,OHARA-optical,340.0,2325.0,L-LAM69,,1.7270360903735766,2.688204e-08,,,,,density 3.24 g/cm3 stated by the manufacturer's datasheet (L-LAM69); formula NULL: a catalog optical glass (composition proprietary); no x-ray / neutron SLD,,,,,,OHARA Zemax catalog 2017-11-30 (obtained from http://www.ohara-inc.co.jp)See also OHARA glass data sheets,,,2017.0,optical glass,OHARA-optical/L-LAM69,1.73077,40.508156,731405,,-0.0031,8.6e-06,243 343,,Low Softening Temperature
409,OHARA L-LAM72,,,,,,,,,,,,3.89,literature (manufacturer datasheet),,,,,,,specs,OHARA-optical,290.0,2400.0,L-LAM72,,1.7299543068574235,2.01897e-08,,,,,density 3.89 g/cm3 stated by the manufacturer's datasheet (L-LAM72); formula NULL: a catalog optical glass (composition proprietary); no x-ray / neutron SLD,,,,,,OHARA Zemax catalog 2017-11-30 (obtained from http://www.ohara-inc.co.jp)See also OHARA glass data sheets,,,2017.0,optical glass,OHARA-optical/L-LAM72,1.733099,48.896607,733489,,-0.0093,6.6e-06,243 343,special,Low Softening Temperature
410,OHARA S-LAM2,,,,,,,,,,,,4.32,literature (manufacturer datasheet),,,,,,,specs,OHARA-optical,340.0,2400.0,S-LAM2,,1.7405465312358697,1.513436e-08,,,,,density 4.32 g/cm3 stated by the manufacturer's datasheet (S-LAM2); formula NULL: a catalog optical glass (composition proprietary); no x-ray / neutron SLD,,,,,,OHARA Zemax catalog 2017-11-30 (obtained from http://www.ohara-inc.co.jp)See also OHARA glass data sheets,,,2017.0,optical glass,OHARA-optical/S-LAM2,1.743997,44.786431,744448,,-0.0035,7.4e-06,243 343,,Recommended
411,OHARA S-LAM3,,,,,,,,,,,,4.25,literature (manufacturer datasheet),,,,,,,specs,OHARA-optical,340.0,2400.0,S-LAM3,,1.7138853650222936,2.01897e-08,,,,,density 4.25 g/cm3 stated by the manufacturer's datasheet (S-LAM3); formula NULL: a catalog optical glass (composition proprietary); no x-ray / neutron SLD,,,,,,OHARA Zemax catalog 2017-11-30 (obtained from http://www.ohara-inc.co.jp)See also OHARA glass data sheets,,,2017.0,optical glass,OHARA-optical/S-LAM3,1.717004,47.927969,717479,,-0.0034,8e-06,243 343,,Recommended
412,OHARA S-LAM7,,,,,,,,,,,,3.81,literature (manufacturer datasheet),,,,,,,specs,OHARA-optical,360.0,2400.0,S-LAM7,,1.7451490506908247,1.17116e-08,,,,,density 3.81 g/cm3 stated by the manufacturer's datasheet (S-LAM7); formula NULL: a catalog optical glass (composition proprietary); no x-ray / neutron SLD,,,,,,OHARA Zemax catalog 2017-11-30 (obtained from http://www.ohara-inc.co.jp)See also OHARA glass data sheets,,,2017.0,optical glass,OHARA-optical/S-LAM7,1.749497,35.283397,750353,749353,0.0025,6.7e-06,243 343,,Recommended
413,OHARA S-LAM51,,,,,,,,,,,,3.79,literature (manufacturer datasheet),,,,,,,specs,OHARA-optical,340.0,2400.0,S-LAM51,,1.696959618607033,2.01897e-08,,,,,density 3.79 g/cm3 stated by the manufacturer's datasheet (S-LAM51); formula NULL: a catalog optical glass (composition proprietary); no x-ray / neutron SLD,,,,,,OHARA Zemax catalog 2017-11-30 (obtained from http://www.ohara-inc.co.jp)See also OHARA glass data sheets,,,2017.0,optical glass,OHARA-optical/S-LAM51,1.699998,48.080479,700481,,-0.0041,7.1e-06,243 343,special,Recommended
414,OHARA S-LAM52,,,,,,,,,,,,3.95,literature (manufacturer datasheet),,,,,,,specs,OHARA-optical,350.0,2400.0,S-LAM52,,1.716586035944186,2.361906e-08,,,,,density 3.95 g/cm3 stated by the manufacturer's datasheet (S-LAM52); formula NULL: a catalog optical glass (composition proprietary); no x-ray / neutron SLD,,,,,,OHARA Zemax catalog 2017-11-30 (obtained from http://www.ohara-inc.co.jp)See also OHARA glass data sheets,,,2017.0,optical glass,OHARA-optical/S-LAM52,1.72,43.689812,720437,,-0.0009,7.7e-06,243 343,,Recommended
415,OHARA S-LAM54,,,,,,,,,,,,4.08,literature (manufacturer datasheet),,,,,,,specs,OHARA-optical,340.0,2400.0,S-LAM54,,1.7536828731943688,1.17116e-08,,,,,density 4.08 g/cm3 stated by the manufacturer's datasheet (S-LAM54); formula NULL: a catalog optical glass (composition proprietary); no x-ray / neutron SLD,,,,,,OHARA Zemax catalog 2017-11-30 (obtained from http://www.ohara-inc.co.jp)See also OHARA glass data sheets,,,2017.0,optical glass,OHARA-optical/S-LAM54,1.756998,47.82317,757478,,-0.0076,5.7e-06,243 343,,Recommended
416,OHARA S-LAM55,,,,,,,,,,,,4.22,literature (manufacturer datasheet),,,,,,,specs,OHARA-optical,350.0,2400.0,S-LAM55,,1.7580815875673754,1.513436e-08,,,,,density 4.22 g/cm3 stated by the manufacturer's datasheet (S-LAM55); formula NULL: a catalog optical glass (composition proprietary); no x-ray / neutron SLD,,,,,,OHARA Zemax catalog 2017-11-30 (obtained from http://www.ohara-inc.co.jp)See also OHARA glass data sheets,,,2017.0,optical glass,OHARA-optical/S-LAM55,1.762001,40.100176,762401,,-0.0001,7.1e-06,243 343,,Recommended
417,OHARA S-LAM58,,,,,,,,,,,,4.0,literature (manufacturer datasheet),,,,,,,specs,OHARA-optical,350.0,2400.0,S-LAM58,,1.7164551075442611,2.361906e-08,,,,,density 4.0 g/cm3 stated by the manufacturer's datasheet (S-LAM58); formula NULL: a catalog optical glass (composition proprietary); no x-ray / neutron SLD,,,,,,OHARA Zemax catalog 2017-11-30 (obtained from http://www.ohara-inc.co.jp)See also OHARA glass data sheets,,,2017.0,optical glass,OHARA-optical/S-LAM58,1.72,41.978463,720420,,-0.0006,6.6e-06,243 343,,Recommended
418,OHARA S-LAM59,,,,,,,,,,,,3.77,literature (manufacturer datasheet),,,,,,,specs,OHARA-optical,340.0,2400.0,S-LAM59,,1.694002599511588,2.361906e-08,,,,,density 3.77 g/cm3 stated by the manufacturer's datasheet (S-LAM59); formula NULL: a catalog optical glass (composition proprietary); no x-ray / neutron SLD,,,,,,OHARA Zemax catalog 2017-11-30 (obtained from http://www.ohara-inc.co.jp)See also OHARA glass data sheets,,,2017.0,optical glass,OHARA-optical/S-LAM59,1.697002,48.516066,697485,,-0.0041,7.1e-06,243 343,,Recommended
419,OHARA S-LAM60,,,,,,,,,,,,4.059,literature (manufacturer datasheet),,,,,,,specs,OHARA-optical,330.0,2400.0,S-LAM60,,1.7400362021337343,1.17116e-08,,,,,density 4.059 g/cm3 stated by the manufacturer's datasheet (S-LAM60); formula NULL: a catalog optical glass (composition proprietary); no x-ray / neutron SLD,,,,,,OHARA Zemax catalog 2017-11-30 (obtained from http://www.ohara-inc.co.jp)See also OHARA glass data sheets,,,2017.0,optical glass,OHARA-optical/S-LAM60,1.743198,49.339444,743493,,-0.0085,5.4e-06,243 343,,Recommended
420,OHARA S-LAM61,,,,,,,,,,,,4.1,literature (manufacturer datasheet),,,,,,,specs,OHARA-optical,340.0,2400.0,S-LAM61,,1.7167456465696898,1.676364e-08,,,,,density 4.1 g/cm3 stated by the manufacturer's datasheet (S-LAM61); formula NULL: a catalog optical glass (composition proprietary); no x-ray / neutron SLD,,,,,,OHARA Zemax catalog 2017-11-30 (obtained from http://www.ohara-inc.co.jp)See also OHARA glass data sheets,,,2017.0,optical glass,OHARA-optical/S-LAM61,1.720002,46.024571,720460,,-0.0035,6.6e-06,243 343,,Recommended
421,OHARA S-LAM66,,,,,,,,,,,,3.55,literature (manufacturer datasheet),,,,,,,specs,OHARA-optical,350.0,2400.0,S-LAM66,,1.7963023750646145,3.03147e-08,,,,,density 3.55 g/cm3 stated by the manufacturer's datasheet (S-LAM66); formula NULL: a catalog optical glass (composition proprietary); no x-ray / neutron SLD,,,,,,OHARA Zemax catalog 2017-11-30 (obtained from http://www.ohara-inc.co.jp)See also OHARA glass data sheets,,,2017.0,optical glass,OHARA-optical/S-LAM66,1.800999,34.967403,801350,,0.0015,7.9e-06,243 343,,Recommended
422,OHARA S-LAM73,,,,,,,,,,,,4.45,literature (manufacturer datasheet),,,,,,,specs,OHARA-optical,365.015,2325.4199999999996,S-LAM73,,1.7892109946318042,3.03147e-08,,,,,density 4.45 g/cm3 stated by the manufacturer's datasheet (S-LAM73); formula NULL: a catalog optical glass (composition proprietary); no x-ray / neutron SLD,,,,,,OHARA Zemax catalog 2017-11-30 (obtained from http://www.ohara-inc.co.jp)See also OHARA glass data sheets,,,2017.0,optical glass,OHARA-optical/S-LAM73,1.7936,37.08945,794371,,0.0013,8.9e-06,243 343,,Recommended
423,OHARA L-NBH54,,,,,,,,,,,,3.64,literature (manufacturer datasheet),,,,,,,specs,OHARA-optical,370.0,2400.0,L-NBH54,,1.8947634363184167,3.194874e-08,,,,,density 3.64 g/cm3 stated by the manufacturer's datasheet (L-NBH54); formula NULL: a catalog optical glass (composition proprietary); no x-ray / neutron SLD,,,,,,OHARA Zemax catalog 2017-11-30 (obtained from http://www.ohara-inc.co.jp)See also OHARA glass data sheets,,,2017.0,optical glass,OHARA-optical/L-NBH54,1.902,25.101413,902251,,0.0108,8.1e-06,243 343,special,Low Softening Temperature
424,OHARA S-NBH5,,,,,,,,,,,,3.02,literature (manufacturer datasheet),,,,,,,specs,OHARA-optical,330.0,2400.0,S-NBH5,,1.6507051341332042,1.513436e-08,,,,,density 3.02 g/cm3 stated by the manufacturer's datasheet (S-NBH5); formula NULL: a catalog optical glass (composition proprietary); no x-ray / neutron SLD,,,,,,OHARA Zemax catalog 2017-11-30 (obtained from http://www.ohara-inc.co.jp)See also OHARA glass data sheets,,,2017.0,optical glass,OHARA-optical/S-NBH5,1.654115,39.682794,654397,,-0.0036,6.6e-06,243 343,,Recommended
425,OHARA S-NBH8,,,,,,,,,,,,3.19,literature (manufacturer datasheet),,,,,,,specs,OHARA-optical,330.0,2400.0,S-NBH8,,1.7162056287811513,1.513436e-08,,,,,density 3.19 g/cm3 stated by the manufacturer's datasheet (S-NBH8); formula NULL: a catalog optical glass (composition proprietary); no x-ray / neutron SLD,,,,,,OHARA Zemax catalog 2017-11-30 (obtained from http://www.ohara-inc.co.jp)See also OHARA glass data sheets,,,2017.0,optical glass,OHARA-optical/S-NBH8,1.720467,34.707984,720347,,-0.0019,8.1e-06,243 343,,Recommended
426,OHARA S-NBH51,,,,,,,,,,,,3.29,literature (manufacturer datasheet),,,,,,,specs,OHARA-optical,330.0,2400.0,S-NBH51,,1.74514405591468,1.17116e-08,,,,,density 3.29 g/cm3 stated by the manufacturer's datasheet (S-NBH51); formula NULL: a catalog optical glass (composition proprietary); no x-ray / neutron SLD,,,,,,OHARA Zemax catalog 2017-11-30 (obtained from http://www.ohara-inc.co.jp)See also OHARA glass data sheets,,,2017.0,optical glass,OHARA-optical/S-NBH51,1.749504,35.33248,750353,,-0.0025,7.3e-06,243 343,,Recommended
427,OHARA S-NBH52,,,,,,,,,,,,3.09,literature (manufacturer datasheet),,,,,,,specs,OHARA-optical,320.0,2400.0,S-NBH52,,1.6693574572876875,8.458480000000001e-09,,,,,density 3.09 g/cm3 stated by the manufacturer's datasheet (S-NBH52); formula NULL: a catalog optical glass (composition proprietary); no x-ray / neutron SLD,,,,,,OHARA Zemax catalog 2017-11-30 (obtained from http://www.ohara-inc.co.jp)See also OHARA glass data sheets,,,2017.0,optical glass,OHARA-optical/S-NBH52,1.672999,38.14817,673381,,-0.0043,8.6e-06,243 343,,Recommended
428,OHARA S-NBH52V,,,,,,,,,,,,3.01,literature (manufacturer datasheet),,,,,,,specs,OHARA-optical,365.015,2325.4199999999996,S-NBH52V,,1.6693664818373752,1.0084326000000001e-08,,,,,density 3.01 g/cm3 stated by the manufacturer's datasheet (S-NBH52V); formula NULL: a catalog optical glass (composition proprietary); no x-ray / neutron SLD,,,,,,OHARA Zemax catalog 2017-11-30 (obtained from http://www.ohara-inc.co.jp)See also OHARA glass data sheets,,,2017.0,optical glass,OHARA-optical/S-NBH52V,1.673,38.256077,673383,,-0.0039,7.7e-06,243 343,,Recommended
429,OHARA S-NBH53,,,,,,,,,,,,3.28,literature (manufacturer datasheet),,,,,,,specs,OHARA-optical,330.0,2400.0,S-NBH53,,1.7333235667605498,1.513436e-08,,,,,density 3.28 g/cm3 stated by the manufacturer's datasheet (S-NBH53); formula NULL: a catalog optical glass (composition proprietary); no x-ray / neutron SLD,,,,,,OHARA Zemax catalog 2017-11-30 (obtained from http://www.ohara-inc.co.jp)See also OHARA glass data sheets,,,2017.0,optical glass,OHARA-optical/S-NBH53,1.737999,32.261312,738323,,0.0006,6.9e-06,243 343,,Recommended
430,OHARA S-NBH53V,,,,,,,,,,,,3.19,literature (manufacturer datasheet),,,,,,,specs,OHARA-optical,365.015,2325.4199999999996,S-NBH53V,,1.7333329505803137,1.0084326000000001e-08,,,,,density 3.19 g/cm3 stated by the manufacturer's datasheet (S-NBH53V); formula NULL: a catalog optical glass (composition proprietary); no x-ray / neutron SLD,,,,,,OHARA Zemax catalog 2017-11-30 (obtained from http://www.ohara-inc.co.jp)See also OHARA glass data sheets,,,2017.0,optical glass,OHARA-optical/S-NBH53V,1.737999,32.32659,738323,,0.0008,7.1e-06,243 343,,Recommended
431,OHARA S-NBH55,,,,,,,,,,,,3.68,literature (manufacturer datasheet),,,,,,,specs,OHARA-optical,360.0,2400.0,S-NBH55,,1.7945664505543852,2.52497e-08,,,,,density 3.68 g/cm3 stated by the manufacturer's datasheet (S-NBH55); formula NULL: a catalog optical glass (composition proprietary); no x-ray / neutron SLD,,,,,,OHARA Zemax catalog 2017-11-30 (obtained from http://www.ohara-inc.co.jp)See also OHARA glass data sheets,,,2017.0,optical glass,OHARA-optical/S-NBH55,1.799999,29.844688,800298,,0.0085,8.2e-06,243 343,,Recommended
432,OHARA S-NBH56,,,,,,,,,,,,3.49,literature (manufacturer datasheet),,,,,,,specs,OHARA-optical,300.0,2400.0,S-NBH56,,1.8478408863094193,2.01897e-08,,,,,density 3.49 g/cm3 stated by the manufacturer's datasheet (S-NBH56); formula NULL: a catalog optical glass (composition proprietary); no x-ray / neutron SLD,,,,,,OHARA Zemax catalog 2017-11-30 (obtained from http://www.ohara-inc.co.jp)See also OHARA glass data sheets,,,2017.0,optical glass,OHARA-optical/S-NBH56,1.854779,24.79898,855248,,0.0109,7.7e-06,243 343,,Recommended
433,OHARA S-NBH57,,,,,,,,,,,,4.0,literature (manufacturer datasheet),,,,,,,specs,OHARA-optical,365.0,2325.0,S-NBH57,,1.8445026461049974,3.03147e-08,,,,,density 4.0 g/cm3 stated by the manufacturer's datasheet (S-NBH57); formula NULL: a catalog optical glass (composition proprietary); no x-ray / neutron SLD,,,,,,OHARA Zemax catalog 2017-11-30 (obtained from http://www.ohara-inc.co.jp)See also OHARA glass data sheets,,,2017.0,optical glass,OHARA-optical/S-NBH57,1.850249,30.046429,850300,,0.0051,7.7e-06,243 343,,Recommended
434,OHARA S-NBM51,,,,,,,,,,,,2.93,literature (manufacturer datasheet),,,,,,,specs,OHARA-optical,320.0,2400.0,S-NBM51,,1.6105082353141331,5.039746e-09,,,,,density 2.93 g/cm3 stated by the manufacturer's datasheet (S-NBM51); formula NULL: a catalog optical glass (composition proprietary); no x-ray / neutron SLD,,,,,,OHARA Zemax catalog 2017-11-30 (obtained from http://www.ohara-inc.co.jp)See also OHARA glass data sheets,,,2017.0,optical glass,OHARA-optical/S-NBM51,1.613397,44.267706,613443,,-0.0065,6.5e-06,243 343,,Recommended
435,OHARA S-NPH1,,,,,,,,,,,,3.29,literature (manufacturer datasheet),,,,,,,specs,OHARA-optical,380.0,2400.0,S-NPH1,,1.801020097828913,2.6882039999999998e-08,,,,,density 3.29 g/cm3 stated by the manufacturer's datasheet (S-NPH1); formula NULL: a catalog optical glass (composition proprietary); no x-ray / neutron SLD,,,,,,OHARA Zemax catalog 2017-11-30 (obtained from http://www.ohara-inc.co.jp)See also OHARA glass data sheets,,,2017.0,optical glass,OHARA-optical/S-NPH1,1.808095,22.760817,808228,,0.0261,8.3e-06,243 343,,Recommended
436,OHARA S-NPH1W,,,,,,,,,,,,3.29,literature (manufacturer datasheet),,,,,,,specs,OHARA-optical,380.0,2400.0,S-NPH1W,,1.801020097828913,1.6763639999999998e-08,,,,,density 3.29 g/cm3 stated by the manufacturer's datasheet (S-NPH1W); formula NULL: a catalog optical glass (composition proprietary); no x-ray / neutron SLD,,,,,,OHARA Zemax catalog 2017-11-30 (obtained from http://www.ohara-inc.co.jp)See also OHARA glass data sheets,,,2017.0,optical glass,OHARA-optical/S-NPH1W,1.808095,22.760817,808228,,0.0261,8.3e-06,243 343,,Recommended
437,OHARA S-NPH2,,,,,,,,,,,,3.58,literature (manufacturer datasheet),,,,,,,specs,OHARA-optical,390.0,2400.0,S-NPH2,,1.9132339183930092,5.3909039999999996e-08,,,,,density 3.58 g/cm3 stated by the manufacturer's datasheet (S-NPH2); formula NULL: a catalog optical glass (composition proprietary); no x-ray / neutron SLD,,,,,,OHARA Zemax catalog 2017-11-30 (obtained from http://www.ohara-inc.co.jp)See also OHARA glass data sheets,,,2017.0,optical glass,OHARA-optical/S-NPH2,1.92286,18.896912,923189,,0.0386,6.7e-06,243 343,,Recommended - High Index
438,OHARA S-NPH3,,,,,,,,,,,,3.59,literature (manufacturer datasheet),,,,,,,specs,OHARA-optical,360.0,2400.0,S-NPH3,,1.9483032819228514,1.676364e-08,,,,,density 3.59 g/cm3 stated by the manufacturer's datasheet (S-NPH3); formula NULL: a catalog optical glass (composition proprietary); no x-ray / neutron SLD,,,,,,OHARA Zemax catalog 2017-11-30 (obtained from http://www.ohara-inc.co.jp)See also OHARA glass data sheets,,,2017.0,optical glass,OHARA-optical/S-NPH3,1.95906,17.471252,959175,,0.0466,5.9e-06,243 343,,Recommended - High Index
439,OHARA S-NPH4,,,,,,,,,,,,3.61,literature (manufacturer datasheet),,,,,,,specs,OHARA-optical,280.0,2400.0,S-NPH4,,1.8841711312759328,1.513436e-08,,,,,density 3.61 g/cm3 stated by the manufacturer's datasheet (S-NPH4); formula NULL: a catalog optical glass (composition proprietary); no x-ray / neutron SLD,,,,,,OHARA Zemax catalog 2017-11-30 (obtained from http://www.ohara-inc.co.jp)See also OHARA glass data sheets,,,2017.0,optical glass,OHARA-optical/S-NPH4,1.89286,20.36181,893204,,0.0308,7.3e-06,243 343,,Recommended - High Index
440,OHARA S-NPH5,,,,,,,,,,,,3.71,literature (manufacturer datasheet),,,,,,,specs,OHARA-optical,365.0,2325.0,S-NPH5,,1.8514173893746464,2.6882039999999998e-08,,,,,density 3.71 g/cm3 stated by the manufacturer's datasheet (S-NPH5); formula NULL: a catalog optical glass (composition proprietary); no x-ray / neutron SLD,,,,,,OHARA Zemax catalog 2017-11-30 (obtained from http://www.ohara-inc.co.jp)See also OHARA glass data sheets,,,2017.0,optical glass,OHARA-optical/S-NPH5,1.858955,22.728736,859227,,0.0237,7.6e-06,243 343,,Recommended - High Index
441,OHARA S-NPH53,,,,,,,,,,,,3.78,literature (manufacturer datasheet),,,,,,,specs,OHARA-optical,360.0,2400.0,S-NPH53,,1.8395625258661128,2.345268e-08,,,,,density 3.78 g/cm3 stated by the manufacturer's datasheet (S-NPH53); formula NULL: a catalog optical glass (composition proprietary); no x-ray / neutron SLD,,,,,,OHARA Zemax catalog 2017-11-30 (obtained from http://www.ohara-inc.co.jp)See also OHARA glass data sheets,,,2017.0,optical glass,OHARA-optical/S-NPH53,1.84666,23.88395,847239,,0.019,7.4e-06,243 343,,Improved XMT at 370-420
442,OHARA NSL2,,,,,,,,,,,,2.59,literature (manufacturer datasheet),,,,,,,specs,OHARA-optical,365.0,900.0,NSL2,,1.5140980776064146,1.856042e-08,,,,,density 2.59 g/cm3 stated by the manufacturer's datasheet (NSL2); formula NULL: a catalog optical glass (composition proprietary); no x-ray / neutron SLD,,,,,,OHARA Zemax catalog 2017-11-30 (obtained from http://www.ohara-inc.co.jp)See also OHARA glass data sheets,,,2017.0,optical glass,OHARA-optical/NSL2,1.516016,56.800755,516568,,-0.0033,7.6e-06,243 343,preferred,
443,OHARA NSL3,,,,,,,,,,,,2.53,literature (manufacturer datasheet),,,,,,,specs,OHARA-optical,365.0,900.0,NSL3,,1.5163710399920496,1.856042e-08,,,,,density 2.53 g/cm3 stated by the manufacturer's datasheet (NSL3); formula NULL: a catalog optical glass (composition proprietary); no x-ray / neutron SLD,,,,,,OHARA Zemax catalog 2017-11-30 (obtained from http://www.ohara-inc.co.jp)See also OHARA glass data sheets,,,2017.0,optical glass,OHARA-optical/NSL3,1.518229,58.966406,518590,,-0.0004,8.8e-06,243 343,preferred,
444,OHARA NSL5,,,,,,,,,,,,2.56,literature (manufacturer datasheet),,,,,,,specs,OHARA-optical,365.0,900.0,NSL5,,1.520646323106695,1.856042e-08,,,,,density 2.56 g/cm3 stated by the manufacturer's datasheet (NSL5); formula NULL: a catalog optical glass (composition proprietary); no x-ray / neutron SLD,,,,,,OHARA Zemax catalog 2017-11-30 (obtained from http://www.ohara-inc.co.jp)See also OHARA glass data sheets,,,2017.0,optical glass,OHARA-optical/NSL5,1.522494,59.790926,522598,,0.0003,8.2e-06,243 343,preferred,
445,OHARA NSL7,,,,,,,,,,,,2.49,literature (manufacturer datasheet),,,,,,,specs,OHARA-optical,300.0,2400.0,NSL7,,1.5093335194858992,1.856042e-08,,,,,density 2.49 g/cm3 stated by the manufacturer's datasheet (NSL7); formula NULL: a catalog optical glass (composition proprietary); no x-ray / neutron SLD,,,,,,OHARA Zemax catalog 2017-11-30 (obtained from http://www.ohara-inc.co.jp)See also OHARA glass data sheets,,,2017.0,optical glass,OHARA-optical/NSL7,1.511121,60.485793,511605,,,9e-06,243 343,preferred,
446,OHARA NSL33,,,,,,,,,,,,2.6,literature (manufacturer datasheet),,,,,,,specs,OHARA-optical,300.0,2400.0,NSL33,,1.512559077040085,2.361906e-08,,,,,density 2.6 g/cm3 stated by the manufacturer's datasheet (NSL33); formula NULL: a catalog optical glass (composition proprietary); no x-ray / neutron SLD,,,,,,OHARA Zemax catalog 2017-11-30 (obtained from http://www.ohara-inc.co.jp)See also OHARA glass data sheets,,,2017.0,optical glass,OHARA-optical/NSL33,1.514536,54.714595,515547,,-0.0021,9.1e-06,243 343,preferred,
447,OHARA NSL36,,,,,,,,,,,,2.66,literature (manufacturer datasheet),,,,,,,specs,OHARA-optical,365.0,900.0,NSL36,,1.5153463597435823,1.3507085999999999e-08,,,,,density 2.66 g/cm3 stated by the manufacturer's datasheet (NSL36); formula NULL: a catalog optical glass (composition proprietary); no x-ray / neutron SLD,,,,,,OHARA Zemax catalog 2017-11-30 (obtained from http://www.ohara-inc.co.jp)See also OHARA glass data sheets,,,2017.0,optical glass,OHARA-optical/NSL36,1.517417,52.412251,517524,,-0.002,7.6e-06,243 343,preferred,
448,OHARA S-NSL2,,,,,,,,,,,,2.47,literature (manufacturer datasheet),,,,,,,specs,OHARA-optical,300.0,2400.0,S-NSL2,,1.5141026154386936,1.0084326000000001e-08,,,,,density 2.47 g/cm3 stated by the manufacturer's datasheet (S-NSL2); formula NULL: a catalog optical glass (composition proprietary); no x-ray / neutron SLD,,,,,,OHARA Zemax catalog 2017-11-30 (obtained from http://www.ohara-inc.co.jp)See also OHARA glass data sheets,,,2017.0,optical glass,OHARA-optical/S-NSL2,1.516016,56.858179,516568,516569,-0.0016,8.8e-06,243 343,preferred,
449,OHARA S-NSL3,,,,,,,,,,,,2.48,literature (manufacturer datasheet),,,,,,,specs,OHARA-optical,320.0,2400.0,S-NSL3,,1.5163714322544755,8.458480000000001e-09,,,,,density 2.48 g/cm3 stated by the manufacturer's datasheet (S-NSL3); formula NULL: a catalog optical glass (composition proprietary); no x-ray / neutron SLD,,,,,,OHARA Zemax catalog 2017-11-30 (obtained from http://www.ohara-inc.co.jp)See also OHARA glass data sheets,,,2017.0,optical glass,OHARA-optical/S-NSL3,1.518229,58.902057,518590,518589,-0.0005,9e-06,243 343,,Recommended
450,OHARA S-NSL5,,,,,,,,,,,,2.49,literature (manufacturer datasheet),,,,,,,specs,OHARA-optical,320.0,2400.0,S-NSL5,,1.5206465432471707,1.3507085999999999e-08,,,,,density 2.49 g/cm3 stated by the manufacturer's datasheet (S-NSL5); formula NULL: a catalog optical glass (composition proprietary); no x-ray / neutron SLD,,,,,,OHARA Zemax catalog 2017-11-30 (obtained from http://www.ohara-inc.co.jp)See also OHARA glass data sheets,,,2017.0,optical glass,OHARA-optical/S-NSL5,1.522494,59.835417,522598,,-0.0007,8.2e-06,243 343,,Recommended
451,OHARA S-NSL36,,,,,,,,,,,,2.46,literature (manufacturer datasheet),,,,,,,specs,OHARA-optical,340.0,2400.0,S-NSL36,,1.5153489407656642,8.458480000000001e-09,,,,,density 2.46 g/cm3 stated by the manufacturer's datasheet (S-NSL36); formula NULL: a catalog optical glass (composition proprietary); no x-ray / neutron SLD,,,,,,OHARA Zemax catalog 2017-11-30 (obtained from http://www.ohara-inc.co.jp)See also OHARA glass data sheets,,,2017.0,optical glass,OHARA-optical/S-NSL36,1.517417,52.430903,517524,,-0.0002,8e-06,243 343,,Recommended
452,OHARA PBH1,,,,,,,,,,,,4.47,literature (manufacturer datasheet),,,,,,,specs,OHARA-optical,300.0,2400.0,PBH1,,1.7124304479657673,5.039746e-09,,,,,density 4.47 g/cm3 stated by the manufacturer's datasheet (PBH1); formula NULL: a catalog optical glass (composition proprietary); no x-ray / neutron SLD,,,,,,OHARA Zemax catalog 2017-11-30 (obtained from http://www.ohara-inc.co.jp)See also OHARA glass data sheets,,,2017.0,optical glass,OHARA-optical/PBH1,1.717362,29.513538,717295,,0.0048,8e-06,243 343,preferred,
453,OHARA PBH3,,,,,,,,,,,,4.66,literature (manufacturer datasheet),,,,,,,specs,OHARA-optical,300.0,2400.0,PBH3,,1.734704886245111,8.458480000000001e-09,,,,,density 4.66 g/cm3 stated by the manufacturer's datasheet (PBH3); formula NULL: a catalog optical glass (composition proprietary); no x-ray / neutron SLD,,,,,,OHARA Zemax catalog 2017-11-30 (obtained from http://www.ohara-inc.co.jp)See also OHARA glass data sheets,,,2017.0,optical glass,OHARA-optical/PBH3,1.739998,28.283809,740283,,0.007,8.3e-06,243 343,preferred,
454,OHARA PBH3W,,,,,,,,,,,,4.66,literature (manufacturer datasheet),,,,,,,specs,OHARA-optical,300.0,2400.0,PBH3W,,1.7347045778250203,1.0084326000000001e-08,,,,,density 4.66 g/cm3 stated by the manufacturer's datasheet (PBH3W); formula NULL: a catalog optical glass (composition proprietary); no x-ray / neutron SLD,,,,,,OHARA Zemax catalog 2017-11-30 (obtained from http://www.ohara-inc.co.jp)See also OHARA glass data sheets,,,2017.0,optical glass,OHARA-optical/PBH3W,1.739998,28.287409,740283,,0.006,8.2e-06,243 343,preferred,Improved Transmittance
455,OHARA PBH4,,,,,,,,,,,,4.78,literature (manufacturer datasheet),,,,,,,specs,OHARA-optical,300.0,2400.0,PBH4,,1.7496524060806669,2.198978e-08,,,,,density 4.78 g/cm3 stated by the manufacturer's datasheet (PBH4); formula NULL: a catalog optical glass (composition proprietary); no x-ray / neutron SLD,,,,,,OHARA Zemax catalog 2017-11-30 (obtained from http://www.ohara-inc.co.jp)See also OHARA glass data sheets,,,2017.0,optical glass,OHARA-optical/PBH4,1.755199,27.512146,755275,,0.0074,7.9e-06,243 343,preferred,
456,OHARA PBH4W,,,,,,,,,,,,4.78,literature (manufacturer datasheet),,,,,,,specs,OHARA-optical,300.0,2400.0,PBH4W,,1.7496524060806669,1.0084326000000001e-08,,,,,density 4.78 g/cm3 stated by the manufacturer's datasheet (PBH4W); formula NULL: a catalog optical glass (composition proprietary); no x-ray / neutron SLD,,,,,,OHARA Zemax catalog 2017-11-30 (obtained from http://www.ohara-inc.co.jp)See also OHARA glass data sheets,,,2017.0,optical glass,OHARA-optical/PBH4W,1.755199,27.512146,755275,,0.0074,7.9e-06,243 343,preferred,Improved Transmittance
457,OHARA PBH6,,,,,,,,,,,,5.19,literature (manufacturer datasheet),,,,,,,specs,OHARA-optical,300.0,2400.0,PBH6,,1.7988078700408046,1.3507085999999999e-08,,,,,density 5.19 g/cm3 stated by the manufacturer's datasheet (PBH6); formula NULL: a catalog optical glass (composition proprietary); no x-ray / neutron SLD,,,,,,OHARA Zemax catalog 2017-11-30 (obtained from http://www.ohara-inc.co.jp)See also OHARA glass data sheets,,,2017.0,optical glass,OHARA-optical/PBH6,1.805177,25.435012,805254,,0.0097,8.1e-06,243 343,preferred,
458,OHARA PBH6W,,,,,,,,,,,,5.19,literature (manufacturer datasheet),,,,,,,specs,OHARA-optical,300.0,2400.0,PBH6W,,1.7988078700408046,1.0084326000000001e-08,,,,,density 5.19 g/cm3 stated by the manufacturer's datasheet (PBH6W); formula NULL: a catalog optical glass (composition proprietary); no x-ray / neutron SLD,,,,,,OHARA Zemax catalog 2017-11-30 (obtained from http://www.ohara-inc.co.jp)See also OHARA glass data sheets,,,2017.0,optical glass,OHARA-optical/PBH6W,1.805177,25.435012,805254,,0.0097,8.1e-06,243 343,preferred,Improved Transmittance
459,OHARA PBH10,,,,,,,,,,,,4.33,literature (manufacturer datasheet),,,,,,,specs,OHARA-optical,300.0,2400.0,PBH10,,1.7230745712909323,2.361906e-08,,,,,density 4.33 g/cm3 stated by the manufacturer's datasheet (PBH10); formula NULL: a catalog optical glass (composition proprietary); no x-ray / neutron SLD,,,,,,OHARA Zemax catalog 2017-11-30 (obtained from http://www.ohara-inc.co.jp)See also OHARA glass data sheets,,,2017.0,optical glass,OHARA-optical/PBH10,1.728249,28.4623,728285,,0.0088,7.1e-06,243 343,preferred,
460,OHARA PBH11,,,,,,,,,,,,4.79,literature (manufacturer datasheet),,,,,,,specs,OHARA-optical,300.0,2400.0,PBH11,,1.7785805878209373,2.705172e-08,,,,,density 4.79 g/cm3 stated by the manufacturer's datasheet (PBH11); formula NULL: a catalog optical glass (composition proprietary); no x-ray / neutron SLD,,,,,,OHARA Zemax catalog 2017-11-30 (obtained from http://www.ohara-inc.co.jp)See also OHARA glass data sheets,,,2017.0,optical glass,OHARA-optical/PBH11,1.784718,25.712726,785257,,0.0129,7.4e-06,243 343,preferred,
461,OHARA PBH11W,,,,,,,,,,,,4.79,literature (manufacturer datasheet),,,,,,,specs,OHARA-optical,300.0,2400.0,PBH11W,,1.7785805878209373,2.198978e-08,,,,,density 4.79 g/cm3 stated by the manufacturer's datasheet (PBH11W); formula NULL: a catalog optical glass (composition proprietary); no x-ray / neutron SLD,,,,,,OHARA Zemax catalog 2017-11-30 (obtained from http://www.ohara-inc.co.jp)See also OHARA glass data sheets,,,2017.0,optical glass,OHARA-optical/PBH11W,1.784718,25.712726,785257,,0.0129,7.4e-06,243 343,preferred,Improved Transmittance
462,OHARA PBH13,,,,,,,,,,,,4.44,literature (manufacturer datasheet),,,,,,,specs,OHARA-optical,300.0,2400.0,PBH13,,1.7353857412494167,2.705172e-08,,,,,density 4.44 g/cm3 stated by the manufacturer's datasheet (PBH13); formula NULL: a catalog optical glass (composition proprietary); no x-ray / neutron SLD,,,,,,OHARA Zemax catalog 2017-11-30 (obtained from http://www.ohara-inc.co.jp)See also OHARA glass data sheets,,,2017.0,optical glass,OHARA-optical/PBH13,1.740769,27.793228,741278,,0.0097,7.3e-06,243 343,preferred,
463,OHARA PBH13W,,,,,,,,,,,,4.44,literature (manufacturer datasheet),,,,,,,specs,OHARA-optical,300.0,2400.0,PBH13W,,1.7353857412494167,1.856042e-08,,,,,density 4.44 g/cm3 stated by the manufacturer's datasheet (PBH13W); formula NULL: a catalog optical glass (composition proprietary); no x-ray / neutron SLD,,,,,,OHARA Zemax catalog 2017-11-30 (obtained from http://www.ohara-inc.co.jp)See also OHARA glass data sheets,,,2017.0,optical glass,OHARA-optical/PBH13W,1.740769,27.793228,741278,,0.0097,7.3e-06,243 343,preferred,Improved Transmittance
464,OHARA PBH14,,,,,,,,,,,,4.55,literature (manufacturer datasheet),,,,,,,specs,OHARA-optical,300.0,2400.0,PBH14,,1.7560434687634152,2.52497e-08,,,,,density 4.55 g/cm3 stated by the manufacturer's datasheet (PBH14); formula NULL: a catalog optical glass (composition proprietary); no x-ray / neutron SLD,,,,,,OHARA Zemax catalog 2017-11-30 (obtained from http://www.ohara-inc.co.jp)See also OHARA glass data sheets,,,2017.0,optical glass,OHARA-optical/PBH14,1.761819,26.553651,762266,,0.0125,7.1e-06,243 343,preferred,
465,OHARA PBH14W,,,,,,,,,,,,4.55,literature (manufacturer datasheet),,,,,,,specs,OHARA-optical,300.0,2400.0,PBH14W,,1.7560434687634152,1.856042e-08,,,,,density 4.55 g/cm3 stated by the manufacturer's datasheet (PBH14W); formula NULL: a catalog optical glass (composition proprietary); no x-ray / neutron SLD,,,,,,OHARA Zemax catalog 2017-11-30 (obtained from http://www.ohara-inc.co.jp)See also OHARA glass data sheets,,,2017.0,optical glass,OHARA-optical/PBH14W,1.761819,26.553651,762266,,0.0125,7.1e-06,243 343,preferred,Improved Transmittance
466,OHARA PBH18,,,,,,,,,,,,4.5,literature (manufacturer datasheet),,,,,,,specs,OHARA-optical,300.0,2400.0,PBH18,,1.7165041403096277,1.856042e-08,,,,,density 4.5 g/cm3 stated by the manufacturer's datasheet (PBH18); formula NULL: a catalog optical glass (composition proprietary); no x-ray / neutron SLD,,,,,,OHARA Zemax catalog 2017-11-30 (obtained from http://www.ohara-inc.co.jp)See also OHARA glass data sheets,,,2017.0,optical glass,OHARA-optical/PBH18,1.721506,29.243262,722292,,0.0046,8.3e-06,243 343,preferred,
467,OHARA PBH21,,,,,,,,,,,,6.03,literature (manufacturer datasheet),,,,,,,specs,OHARA-optical,365.0,900.0,PBH21,,1.914079268144259,6.098702000000001e-08,,,,,density 6.03 g/cm3 stated by the manufacturer's datasheet (PBH21); formula NULL: a catalog optical glass (composition proprietary); no x-ray / neutron SLD,,,,,,OHARA Zemax catalog 2017-11-30 (obtained from http://www.ohara-inc.co.jp)See also OHARA glass data sheets,,,2017.0,optical glass,OHARA-optical/PBH21,1.922861,20.884172,923209,,0.023,8.8e-06,243 343,preferred,Leaded
468,OHARA PBH23,,,,,,,,,,,,4.99,literature (manufacturer datasheet),,,,,,,specs,OHARA-optical,300.0,2400.0,PBH23,,1.7786702738058633,1.3507085999999999e-08,,,,,density 4.99 g/cm3 stated by the manufacturer's datasheet (PBH23); formula NULL: a catalog optical glass (composition proprietary); no x-ray / neutron SLD,,,,,,OHARA Zemax catalog 2017-11-30 (obtained from http://www.ohara-inc.co.jp)See also OHARA glass data sheets,,,2017.0,optical glass,OHARA-optical/PBH23,1.784702,26.216753,785262,,0.0092,7.5e-06,243 343,preferred,
469,OHARA PBH23W,,,,,,,,,,,,4.99,literature (manufacturer datasheet),,,,,,,specs,OHARA-optical,300.0,2400.0,PBH23W,,1.7786702738058633,1.0084326000000001e-08,,,,,density 4.99 g/cm3 stated by the manufacturer's datasheet (PBH23W); formula NULL: a catalog optical glass (composition proprietary); no x-ray / neutron SLD,,,,,,OHARA Zemax catalog 2017-11-30 (obtained from http://www.ohara-inc.co.jp)See also OHARA glass data sheets,,,2017.0,optical glass,OHARA-optical/PBH23W,1.784702,26.216753,785262,,0.0092,7.5e-06,243 343,preferred,Improved Transmittance
470,OHARA PBH25,,,,,,,,,,,,4.79,literature (manufacturer datasheet),,,,,,,specs,OHARA-optical,300.0,2400.0,PBH25,,1.756125300657021,2.361906e-08,,,,,density 4.79 g/cm3 stated by the manufacturer's datasheet (PBH25); formula NULL: a catalog optical glass (composition proprietary); no x-ray / neutron SLD,,,,,,OHARA Zemax catalog 2017-11-30 (obtained from http://www.ohara-inc.co.jp)See also OHARA glass data sheets,,,2017.0,optical glass,OHARA-optical/PBH25,1.761797,27.107724,762271,,0.0085,7.5e-06,243 343,preferred,Leaded
471,OHARA PBH25W,,,,,,,,,,,,4.79,literature (manufacturer datasheet),,,,,,,specs,OHARA-optical,365.0,900.0,PBH25W,,1.7561253891529125,1.0084326000000001e-08,,,,,density 4.79 g/cm3 stated by the manufacturer's datasheet (PBH25W); formula NULL: a catalog optical glass (composition proprietary); no x-ray / neutron SLD,,,,,,OHARA Zemax catalog 2017-11-30 (obtained from http://www.ohara-inc.co.jp)See also OHARA glass data sheets,,,2017.0,optical glass,OHARA-optical/PBH25W,1.761797,27.107726,762271,,0.0085,7.5e-06,243 343,preferred,
472,OHARA PBH53,,,,,,,,,,,,5.53,literature (manufacturer datasheet),,,,,,,specs,OHARA-optical,300.0,2400.0,PBH53,,1.8395529103904438,1.0084326000000001e-08,,,,,density 5.53 g/cm3 stated by the manufacturer's datasheet (PBH53); formula NULL: a catalog optical glass (composition proprietary); no x-ray / neutron SLD,,,,,,OHARA Zemax catalog 2017-11-30 (obtained from http://www.ohara-inc.co.jp)See also OHARA glass data sheets,,,2017.0,optical glass,OHARA-optical/PBH53,1.846658,23.885544,847239,,0.0134,7.8e-06,243 343,preferred,
473,OHARA PBH53W,,,,,,,,,,,,5.53,literature (manufacturer datasheet),,,,,,,specs,OHARA-optical,300.0,2400.0,PBH53W,,1.8395529103904438,8.458480000000001e-09,,,,,density 5.53 g/cm3 stated by the manufacturer's datasheet (PBH53W); formula NULL: a catalog optical glass (composition proprietary); no x-ray / neutron SLD,,,,,,OHARA Zemax catalog 2017-11-30 (obtained from http://www.ohara-inc.co.jp)See also OHARA glass data sheets,,,2017.0,optical glass,OHARA-optical/PBH53W,1.846658,23.885544,847239,,0.0134,7.8e-06,243 343,preferred,Improved Transmittance
474,OHARA PBH55,,,,,,,,,,,,5.51,literature (manufacturer datasheet),,,,,,,specs,OHARA-optical,300.0,2400.0,PBH55,,1.8427710699100788,1.3507085999999999e-08,,,,,density 5.51 g/cm3 stated by the manufacturer's datasheet (PBH55); formula NULL: a catalog optical glass (composition proprietary); no x-ray / neutron SLD,,,,,,OHARA Zemax catalog 2017-11-30 (obtained from http://www.ohara-inc.co.jp)See also OHARA glass data sheets,,,2017.0,optical glass,OHARA-optical/PBH55,1.84986,24.054274,850241,,0.0122,8e-06,243 343,preferred,
475,OHARA PBH56,,,,,,,,,,,,5.35,literature (manufacturer datasheet),,,,,,,specs,OHARA-optical,360.0,2400.0,PBH56,,1.8345068833617024,1.0084326000000001e-08,,,,,density 5.35 g/cm3 stated by the manufacturer's datasheet (PBH56); formula NULL: a catalog optical glass (composition proprietary); no x-ray / neutron SLD,,,,,,OHARA Zemax catalog 2017-11-30 (obtained from http://www.ohara-inc.co.jp)See also OHARA glass data sheets,,,2017.0,optical glass,OHARA-optical/PBH56,1.84139,24.559059,841246,,0.011,8.4e-06,243 343,special,Improved XMT at 365
476,OHARA PBH71,,,,,,,,,,,,6.05,literature (manufacturer datasheet),,,,,,,specs,OHARA-optical,300.0,2400.0,PBH71,,1.9142344117500567,6.665592e-09,,,,,density 6.05 g/cm3 stated by the manufacturer's datasheet (PBH71); formula NULL: a catalog optical glass (composition proprietary); no x-ray / neutron SLD,,,,,,OHARA Zemax catalog 2017-11-30 (obtained from http://www.ohara-inc.co.jp)See also OHARA glass data sheets,,,2017.0,optical glass,OHARA-optical/PBH71,1.922864,21.288699,923213,,0.0204,8.9e-06,243 343,preferred,
477,OHARA PBH72,,,,,,,,,,,,5.97,literature (manufacturer datasheet),,,,,,,specs,OHARA-optical,300.0,2400.0,PBH72,,1.9067546555492874,1.513436e-08,,,,,density 5.97 g/cm3 stated by the manufacturer's datasheet (PBH72); formula NULL: a catalog optical glass (composition proprietary); no x-ray / neutron SLD,,,,,,OHARA Zemax catalog 2017-11-30 (obtained from http://www.ohara-inc.co.jp)See also OHARA glass data sheets,,,2017.0,optical glass,OHARA-optical/PBH72,1.915356,21.171926,915212,,0.022,8.8e-06,243 343,preferred,
478,OHARA PBL1,,,,,,,,,,,,2.93,literature (manufacturer datasheet),,,,,,,specs,OHARA-optical,300.0,2400.0,PBL1,,1.5456498081732177,1.0084326000000001e-08,,,,,density 2.93 g/cm3 stated by the manufacturer's datasheet (PBL1); formula NULL: a catalog optical glass (composition proprietary); no x-ray / neutron SLD,,,,,,OHARA Zemax catalog 2017-11-30 (obtained from http://www.ohara-inc.co.jp)See also OHARA glass data sheets,,,2017.0,optical glass,OHARA-optical/PBL1,1.548141,45.781144,548458,,-0.002,8.4e-06,243 343,preferred,
479,OHARA PBL1Y,,,,,,,,,,,,2.95,literature (manufacturer datasheet),,,,,,,specs,OHARA-optical,310.0,2400.0,PBL1Y,,1.545648660264113,5.039746e-09,,,,,density 2.95 g/cm3 stated by the manufacturer's datasheet (PBL1Y); formula NULL: a catalog optical glass (composition proprietary); no x-ray / neutron SLD,,,,,,OHARA Zemax catalog 2017-11-30 (obtained from http://www.ohara-inc.co.jp)See also OHARA glass data sheets,,,2017.0,optical glass,OHARA-optical/PBL1Y,1.548141,45.733282,548457,,-0.0019,9.3e-06,243 343,,Improved XMT at 365
480,OHARA PBL2,,,,,,,,,,,,2.86,literature (manufacturer datasheet),,,,,,,specs,OHARA-optical,300.0,2400.0,PBL2,,1.5383354169661831,1.0084326000000001e-08,,,,,density 2.86 g/cm3 stated by the manufacturer's datasheet (PBL2); formula NULL: a catalog optical glass (composition proprietary); no x-ray / neutron SLD,,,,,,OHARA Zemax catalog 2017-11-30 (obtained from http://www.ohara-inc.co.jp)See also OHARA glass data sheets,,,2017.0,optical glass,OHARA-optical/PBL2,1.54072,47.23368,541472,,-0.0019,8.8e-06,243 343,preferred,
481,OHARA PBL6,,,,,,,,,,,,2.79,literature (manufacturer datasheet),,,,,,,specs,OHARA-optical,300.0,2400.0,PBL6,,1.5294451897843135,1.513436e-08,,,,,density 2.79 g/cm3 stated by the manufacturer's datasheet (PBL6); formula NULL: a catalog optical glass (composition proprietary); no x-ray / neutron SLD,,,,,,OHARA Zemax catalog 2017-11-30 (obtained from http://www.ohara-inc.co.jp)See also OHARA glass data sheets,,,2017.0,optical glass,OHARA-optical/PBL6,1.531717,48.904553,532489,,-0.0027,8.3e-06,243 343,preferred,
482,OHARA PBL6Y,,,,,,,,,,,,2.79,literature (manufacturer datasheet),,,,,,,specs,OHARA-optical,310.0,2400.0,PBL6Y,,1.5294488694690924,5.039746e-09,,,,,density 2.79 g/cm3 stated by the manufacturer's datasheet (PBL6Y); formula NULL: a catalog optical glass (composition proprietary); no x-ray / neutron SLD,,,,,,OHARA Zemax catalog 2017-11-30 (obtained from http://www.ohara-inc.co.jp)See also OHARA glass data sheets,,,2017.0,optical glass,OHARA-optical/PBL6Y,1.531717,48.956017,532490,,-0.0024,8.3e-06,243 343,,Improved XMT at 365
483,OHARA PBL7,,,,,,,,,,,,,,,,,,,,specs,OHARA-optical,334.0,2325.0,PBL7,,1.546185094379869,0.0,,,,,density/SLD left NULL: the catalog page states no density; formula NULL: a catalog optical glass (composition proprietary); no x-ray / neutron SLD,,,,,,,,,,optical glass,OHARA-optical/PBL7,1.548689,45.555746,549456,,,,,preferred,
484,OHARA PBL21,,,,,,,,,,,,3.17,literature (manufacturer datasheet),,,,,,,specs,OHARA-optical,300.0,2400.0,PBL21,,1.5703102003739708,1.856042e-08,,,,,density 3.17 g/cm3 stated by the manufacturer's datasheet (PBL21); formula NULL: a catalog optical glass (composition proprietary); no x-ray / neutron SLD,,,,,,OHARA Zemax catalog 2017-11-30 (obtained from http://www.ohara-inc.co.jp)See also OHARA glass data sheets,,,2017.0,optical glass,OHARA-optical/PBL21,1.573092,42.576094,573426,,-0.0007,8.5e-06,243 343,preferred,
485,OHARA PBL22,,,,,,,,,,,,3.3,literature (manufacturer datasheet),,,,,,,specs,OHARA-optical,300.0,2400.0,PBL22,,1.5862431928798055,1.513436e-08,,,,,density 3.3 g/cm3 stated by the manufacturer's datasheet (PBL22); formula NULL: a catalog optical glass (composition proprietary); no x-ray / neutron SLD,,,,,,OHARA Zemax catalog 2017-11-30 (obtained from http://www.ohara-inc.co.jp)See also OHARA glass data sheets,,,2017.0,optical glass,OHARA-optical/PBL22,1.589206,41.07921,589411,,-0.0005,9.1e-06,243 343,preferred,
486,OHARA PBL25,,,,,,,,,,,,3.23,literature (manufacturer datasheet),,,,,,,specs,OHARA-optical,300.0,2400.0,PBL25,,1.5784960158387535,1.3507085999999999e-08,,,,,density 3.23 g/cm3 stated by the manufacturer's datasheet (PBL25); formula NULL: a catalog optical glass (composition proprietary); no x-ray / neutron SLD,,,,,,OHARA Zemax catalog 2017-11-30 (obtained from http://www.ohara-inc.co.jp)See also OHARA glass data sheets,,,2017.0,optical glass,OHARA-optical/PBL25,1.581439,40.753351,581408,,-0.0005,8.7e-06,243 343,preferred,
487,OHARA PBL25Y,,,,,,,,,,,,3.23,literature (manufacturer datasheet),,,,,,,specs,OHARA-optical,310.0,2400.0,PBL25Y,,1.5784932946554462,5.039746e-09,,,,,density 3.23 g/cm3 stated by the manufacturer's datasheet (PBL25Y); formula NULL: a catalog optical glass (composition proprietary); no x-ray / neutron SLD,,,,,,OHARA Zemax catalog 2017-11-30 (obtained from http://www.ohara-inc.co.jp)See also OHARA glass data sheets,,,2017.0,optical glass,OHARA-optical/PBL25Y,1.581439,40.768047,581408,,-0.0016,8.7e-06,243 343,,Improved XMT at 365
488,OHARA PBL26,,,,,,,,,,,,3.1,literature (manufacturer datasheet),,,,,,,specs,OHARA-optical,300.0,2400.0,PBL26,,1.5645799095527813,1.0084326000000001e-08,,,,,density 3.1 g/cm3 stated by the manufacturer's datasheet (PBL26); formula NULL: a catalog optical glass (composition proprietary); no x-ray / neutron SLD,,,,,,OHARA Zemax catalog 2017-11-30 (obtained from http://www.ohara-inc.co.jp)See also OHARA glass data sheets,,,2017.0,optical glass,OHARA-optical/PBL26,1.567322,42.831708,567428,,-0.0009,8.9e-06,243 343,preferred,
489,OHARA PBL26Y,,,,,,,,,,,,3.1,literature (manufacturer datasheet),,,,,,,specs,OHARA-optical,310.0,2400.0,PBL26Y,,1.5645805450373453,5.039746e-09,,,,,density 3.1 g/cm3 stated by the manufacturer's datasheet (PBL26Y); formula NULL: a catalog optical glass (composition proprietary); no x-ray / neutron SLD,,,,,,OHARA Zemax catalog 2017-11-30 (obtained from http://www.ohara-inc.co.jp)See also OHARA glass data sheets,,,2017.0,optical glass,OHARA-optical/PBL26Y,1.567322,42.855569,567428,567429,-0.0015,8.9e-06,243 343,,Improved XMT at 365
490,OHARA PBL27,,,,,,,,,,,,3.2,literature (manufacturer datasheet),,,,,,,specs,OHARA-optical,300.0,2400.0,PBL27,,1.572141933637605,1.513436e-08,,,,,density 3.2 g/cm3 stated by the manufacturer's datasheet (PBL27); formula NULL: a catalog optical glass (composition proprietary); no x-ray / neutron SLD,,,,,,OHARA Zemax catalog 2017-11-30 (obtained from http://www.ohara-inc.co.jp)See also OHARA glass data sheets,,,2017.0,optical glass,OHARA-optical/PBL27,1.575006,41.491052,575415,,-0.0015,7.6e-06,243 343,preferred,
491,OHARA PBL35Y,,,,,,,,,,,,3.27,literature (manufacturer datasheet),,,,,,,specs,OHARA-optical,365.0,1129.0,PBL35Y,,1.5786506783862335,5.039745999999999e-09,,,,,density 3.27 g/cm3 stated by the manufacturer's datasheet (PBL35Y); formula NULL: a catalog optical glass (composition proprietary); no x-ray / neutron SLD,,,,,,OHARA Zemax catalog 2017-11-30 (obtained from http://www.ohara-inc.co.jp)See also OHARA glass data sheets,,,2017.0,optical glass,OHARA-optical/PBL35Y,1.581591,40.855991,582409,,-0.0013,9.1e-06,243 343,,Improved XMT at 365
492,OHARA PBM1,,,,,,,,,,,,3.65,literature (manufacturer datasheet),,,,,,,specs,OHARA-optical,300.0,2400.0,PBM1,,1.6222910645288864,1.3507085999999999e-08,,,,,density 3.65 g/cm3 stated by the manufacturer's datasheet (PBM1); formula NULL: a catalog optical glass (composition proprietary); no x-ray / neutron SLD,,,,,,OHARA Zemax catalog 2017-11-30 (obtained from http://www.ohara-inc.co.jp)See also OHARA glass data sheets,,,2017.0,optical glass,OHARA-optical/PBM1,1.625882,35.700668,626357,,0.0005,8.9e-06,243 343,preferred,
493,OHARA PBM2,,,,,,,,,,,,3.6,literature (manufacturer datasheet),,,,,,,specs,OHARA-optical,300.0,2400.0,PBM2,,1.6165343849711082,1.3507085999999999e-08,,,,,density 3.6 g/cm3 stated by the manufacturer's datasheet (PBM2); formula NULL: a catalog optical glass (composition proprietary); no x-ray / neutron SLD,,,,,,OHARA Zemax catalog 2017-11-30 (obtained from http://www.ohara-inc.co.jp)See also OHARA glass data sheets,,,2017.0,optical glass,OHARA-optical/PBM2,1.620041,36.256658,620363,,,8.7e-06,243 343,preferred,
494,OHARA PBM2Y,,,,,,,,,,,,3.61,literature (manufacturer datasheet),,,,,,,specs,OHARA-optical,320.0,2400.0,PBM2Y,,1.6165324468722366,5.039746e-09,,,,,density 3.61 g/cm3 stated by the manufacturer's datasheet (PBM2Y); formula NULL: a catalog optical glass (composition proprietary); no x-ray / neutron SLD,,,,,,OHARA Zemax catalog 2017-11-30 (obtained from http://www.ohara-inc.co.jp)See also OHARA glass data sheets,,,2017.0,optical glass,OHARA-optical/PBM2Y,1.620041,36.269263,620363,,-0.0003,8.6e-06,243 343,,Improved XMT at 365
495,OHARA PBM3,,,,,,,,,,,,3.53,literature (manufacturer datasheet),,,,,,,specs,OHARA-optical,300.0,2400.0,PBM3,,1.609525658350537,5.039746e-09,,,,,density 3.53 g/cm3 stated by the manufacturer's datasheet (PBM3); formula NULL: a catalog optical glass (composition proprietary); no x-ray / neutron SLD,,,,,,OHARA Zemax catalog 2017-11-30 (obtained from http://www.ohara-inc.co.jp)See also OHARA glass data sheets,,,2017.0,optical glass,OHARA-optical/PBM3,1.612929,36.994096,613370,,-0.0001,8.3e-06,243 343,preferred,
496,OHARA PBM4,,,,,,,,,,,,3.58,literature (manufacturer datasheet),,,,,,,specs,OHARA-optical,300.0,2400.0,PBM4,,1.6131360115557951,2.361906e-08,,,,,density 3.58 g/cm3 stated by the manufacturer's datasheet (PBM4); formula NULL: a catalog optical glass (composition proprietary); no x-ray / neutron SLD,,,,,,OHARA Zemax catalog 2017-11-30 (obtained from http://www.ohara-inc.co.jp)See also OHARA glass data sheets,,,2017.0,optical glass,OHARA-optical/PBM4,1.616588,36.632973,617366,,0.0005,8.6e-06,243 343,preferred,
497,OHARA PBM5,,,,,,,,,,,,3.44,literature (manufacturer datasheet),,,,,,,specs,OHARA-optical,300.0,2400.0,PBM5,,1.6001562461665586,1.856042e-08,,,,,density 3.44 g/cm3 stated by the manufacturer's datasheet (PBM5); formula NULL: a catalog optical glass (composition proprietary); no x-ray / neutron SLD,,,,,,OHARA Zemax catalog 2017-11-30 (obtained from http://www.ohara-inc.co.jp)See also OHARA glass data sheets,,,2017.0,optical glass,OHARA-optical/PBM5,1.60342,38.012915,603380,,-0.0004,8.8e-06,243 343,preferred,
498,OHARA PBM6,,,,,,,,,,,,3.74,literature (manufacturer datasheet),,,,,,,specs,OHARA-optical,300.0,2400.0,PBM6,,1.6326731539887087,1.513436e-08,,,,,density 3.74 g/cm3 stated by the manufacturer's datasheet (PBM6); formula NULL: a catalog optical glass (composition proprietary); no x-ray / neutron SLD,,,,,,OHARA Zemax catalog 2017-11-30 (obtained from http://www.ohara-inc.co.jp)See also OHARA glass data sheets,,,2017.0,optical glass,OHARA-optical/PBM6,1.636358,35.376536,636354,,0.0009,8.5e-06,243 343,preferred,
499,OHARA PBM8,,,,,,,,,,,,3.36,literature (manufacturer datasheet),,,,,,,specs,OHARA-optical,300.0,2400.0,PBM8,,1.5923788241794605,1.3507085999999999e-08,,,,,density 3.36 g/cm3 stated by the manufacturer's datasheet (PBM8); formula NULL: a catalog optical glass (composition proprietary); no x-ray / neutron SLD,,,,,,OHARA Zemax catalog 2017-11-30 (obtained from http://www.ohara-inc.co.jp)See also OHARA glass data sheets,,,2017.0,optical glass,OHARA-optical/PBM8,1.595508,39.213424,596392,,-0.0009,8.5e-06,243 343,preferred,
500,OHARA PBM8Y,,,,,,,,,,,,3.36,literature (manufacturer datasheet),,,,,,,specs,OHARA-optical,320.0,2400.0,PBM8Y,,1.5923826835732187,5.039746e-09,,,,,density 3.36 g/cm3 stated by the manufacturer's datasheet (PBM8Y); formula NULL: a catalog optical glass (composition proprietary); no x-ray / neutron SLD,,,,,,OHARA Zemax catalog 2017-11-30 (obtained from http://www.ohara-inc.co.jp)See also OHARA glass data sheets,,,2017.0,optical glass,OHARA-optical/PBM8Y,1.595509,39.260208,596393,,-0.0012,8.5e-06,243 343,,Improved XMT at 365
501,OHARA PBM9,,,,,,,,,,,,3.56,literature (manufacturer datasheet),,,,,,,specs,OHARA-optical,300.0,2400.0,PBM9,,1.6171001956975501,1.856042e-08,,,,,density 3.56 g/cm3 stated by the manufacturer's datasheet (PBM9); formula NULL: a catalog optical glass (composition proprietary); no x-ray / neutron SLD,,,,,,OHARA Zemax catalog 2017-11-30 (obtained from http://www.ohara-inc.co.jp)See also OHARA glass data sheets,,,2017.0,optical glass,OHARA-optical/PBM9,1.620451,38.119955,620381,,-0.001,8e-06,243 343,preferred,
502,OHARA PBM11,,,,,,,,,,,,,,,,,,,,specs,OHARA-optical,334.0,2325.0,PBM11,,1.6174114994367084,0.0,,,,,density/SLD left NULL: the catalog page states no density; formula NULL: a catalog optical glass (composition proprietary); no x-ray / neutron SLD,,,,,,,,,,optical glass,OHARA-optical/PBM11,1.620955,35.880852,621359,,,,,preferred,
503,OHARA PBM18Y,,,,,,,,,,,,3.37,literature (manufacturer datasheet),,,,,,,specs,OHARA-optical,320.0,2400.0,PBM18Y,,1.592343612041904,5.039746e-09,,,,,density 3.37 g/cm3 stated by the manufacturer's datasheet (PBM18Y); formula NULL: a catalog optical glass (composition proprietary); no x-ray / neutron SLD,,,,,,OHARA Zemax catalog 2017-11-30 (obtained from http://www.ohara-inc.co.jp)See also OHARA glass data sheets,,,2017.0,optical glass,OHARA-optical/PBM18Y,1.595509,38.767114,596387,596388,-0.0018,8.8e-06,243 343,,Improved XMT at 365
504,OHARA PBM22,,,,,,,,,,,,3.85,literature (manufacturer datasheet),,,,,,,specs,OHARA-optical,300.0,2400.0,PBM22,,1.6437743191767336,1.0084326000000001e-08,,,,,density 3.85 g/cm3 stated by the manufacturer's datasheet (PBM22); formula NULL: a catalog optical glass (composition proprietary); no x-ray / neutron SLD,,,,,,OHARA Zemax catalog 2017-11-30 (obtained from http://www.ohara-inc.co.jp)See also OHARA glass data sheets,,,2017.0,optical glass,OHARA-optical/PBM22,1.647689,33.802937,648338,,0.0015,8.8e-06,243 343,preferred,
505,OHARA PBM25,,,,,,,,,,,,4.07,literature (manufacturer datasheet),,,,,,,specs,OHARA-optical,300.0,2400.0,PBM25,,1.6684309047433197,1.3507085999999999e-08,,,,,density 4.07 g/cm3 stated by the manufacturer's datasheet (PBM25); formula NULL: a catalog optical glass (composition proprietary); no x-ray / neutron SLD,,,,,,OHARA Zemax catalog 2017-11-30 (obtained from http://www.ohara-inc.co.jp)See also OHARA glass data sheets,,,2017.0,optical glass,OHARA-optical/PBM25,1.6727,32.101636,673321,,0.0027,8.5e-06,243 343,preferred,
506,OHARA PBM27,,,,,,,,,,,,3.78,literature (manufacturer datasheet),,,,,,,specs,OHARA-optical,300.0,2400.0,PBM27,,1.6360043077489128,1.0084326000000001e-08,,,,,density 3.78 g/cm3 stated by the manufacturer's datasheet (PBM27); formula NULL: a catalog optical glass (composition proprietary); no x-ray / neutron SLD,,,,,,OHARA Zemax catalog 2017-11-30 (obtained from http://www.ohara-inc.co.jp)See also OHARA glass data sheets,,,2017.0,optical glass,OHARA-optical/PBM27,1.639799,34.477127,640345,,0.0018,8.8e-06,243 343,preferred,
507,OHARA PBM28,,,,,,,,,,,,4.22,literature (manufacturer datasheet),,,,,,,specs,OHARA-optical,300.0,2400.0,PBM28,,1.68441858772169,1.0084326000000001e-08,,,,,density 4.22 g/cm3 stated by the manufacturer's datasheet (PBM28); formula NULL: a catalog optical glass (composition proprietary); no x-ray / neutron SLD,,,,,,OHARA Zemax catalog 2017-11-30 (obtained from http://www.ohara-inc.co.jp)See also OHARA glass data sheets,,,2017.0,optical glass,OHARA-optical/PBM28,1.68893,31.082901,689311,,0.0031,8.6e-06,243 343,preferred,
508,OHARA PBM28W,,,,,,,,,,,,4.22,literature (manufacturer datasheet),,,,,,,specs,OHARA-optical,300.0,2400.0,PBM28W,,1.68441858772169,1.0084326000000001e-08,,,,,density 4.22 g/cm3 stated by the manufacturer's datasheet (PBM28W); formula NULL: a catalog optical glass (composition proprietary); no x-ray / neutron SLD,,,,,,OHARA Zemax catalog 2017-11-30 (obtained from http://www.ohara-inc.co.jp)See also OHARA glass data sheets,,,2017.0,optical glass,OHARA-optical/PBM28W,1.68893,31.082901,689311,,0.0031,8.6e-06,243 343,preferred,
509,OHARA PBM35,,,,,,,,,,,,4.1,literature (manufacturer datasheet),,,,,,,specs,OHARA-optical,300.0,2400.0,PBM35,,1.6942416192156102,2.01897e-08,,,,,density 4.1 g/cm3 stated by the manufacturer's datasheet (PBM35); formula NULL: a catalog optical glass (composition proprietary); no x-ray / neutron SLD,,,,,,OHARA Zemax catalog 2017-11-30 (obtained from http://www.ohara-inc.co.jp)See also OHARA glass data sheets,,,2017.0,optical glass,OHARA-optical/PBM35,1.698947,30.121211,699301,,0.0063,7.4e-06,243 343,preferred,
510,OHARA PBM39,,,,,,,,,,,,4.019,literature (manufacturer datasheet),,,,,,,specs,OHARA-optical,300.0,2400.0,PBM39,,1.6626812677580216,1.856042e-08,,,,,density 4.019 g/cm3 stated by the manufacturer's datasheet (PBM39); formula NULL: a catalog optical glass (composition proprietary); no x-ray / neutron SLD,,,,,,OHARA Zemax catalog 2017-11-30 (obtained from http://www.ohara-inc.co.jp)See also OHARA glass data sheets,,,2017.0,optical glass,OHARA-optical/PBM39,1.666799,33.046816,667331,667330,0.0014,7.6e-06,243 343,preferred,
511,OHARA L-PHL1,,,,,,,,,,,,3.18,literature (manufacturer datasheet),,,,,,,specs,OHARA-optical,310.0,2400.0,L-PHL1,,1.562593105727604,5.039746e-09,,,,,density 3.18 g/cm3 stated by the manufacturer's datasheet (L-PHL1); formula NULL: a catalog optical glass (composition proprietary); no x-ray / neutron SLD,,,,,,OHARA Zemax catalog 2017-11-30 (obtained from http://www.ohara-inc.co.jp)See also OHARA glass data sheets,,,2017.0,optical glass,OHARA-optical/L-PHL1,1.56455,60.818065,565608,,0.0026,1.05e-05,243 343,preferred,Low Softening Temperature
512,OHARA L-PHL2,,,,,,,,,,,,3.03,literature (manufacturer datasheet),,,,,,,specs,OHARA-optical,300.0,2400.0,L-PHL2,,1.556912047874256,8.458480000000001e-09,,,,,density 3.03 g/cm3 stated by the manufacturer's datasheet (L-PHL2); formula NULL: a catalog optical glass (composition proprietary); no x-ray / neutron SLD,,,,,,OHARA Zemax catalog 2017-11-30 (obtained from http://www.ohara-inc.co.jp)See also OHARA glass data sheets,,,2017.0,optical glass,OHARA-optical/L-PHL2,1.5588,62.558541,559625,559626,0.0027,9.9e-06,243 343,special,Low Softening Temperature
513,OHARA PHM51,,,,,,,,,,,,,,,,,,,,specs,OHARA-optical,334.0,2325.0,PHM51,,1.6149232622690453,0.0,,,,,density/SLD left NULL: the catalog page states no density; formula NULL: a catalog optical glass (composition proprietary); no x-ray / neutron SLD,,,,,,,,,,optical glass,OHARA-optical/PHM51,1.617001,62.800809,617628,,,,,preferred,
514,OHARA PHM52,,,,,,,,,,,,,,,,,,,,specs,OHARA-optical,334.0,2325.0,PHM52,,1.6159412280301761,0.0,,,,,density/SLD left NULL: the catalog page states no density; formula NULL: a catalog optical glass (composition proprietary); no x-ray / neutron SLD,,,,,,,,,,optical glass,OHARA-optical/PHM52,1.617999,63.386441,618634,,,,,preferred,
515,OHARA PHM53,,,,,,,,,,,,,,,,,,,,specs,OHARA-optical,334.0,2325.0,PHM53,,1.601049942764275,0.0,,,,,density/SLD left NULL: the catalog page states no density; formula NULL: a catalog optical glass (composition proprietary); no x-ray / neutron SLD,,,,,,,,,,optical glass,OHARA-optical/PHM53,1.603001,65.479908,603655,,,,,preferred,
516,OHARA S-PHM51,,,,,,,,,,,,3.53,literature (manufacturer datasheet),,,,,,,specs,OHARA-optical,300.0,2400.0,S-PHM51,,1.6149232622690453,1.513436e-08,,,,,density 3.53 g/cm3 stated by the manufacturer's datasheet (S-PHM51); formula NULL: a catalog optical glass (composition proprietary); no x-ray / neutron SLD,,,,,,OHARA Zemax catalog 2017-11-30 (obtained from http://www.ohara-inc.co.jp)See also OHARA glass data sheets,,,2017.0,optical glass,OHARA-optical/S-PHM51,1.617001,62.800809,617628,,0.0031,9.7e-06,243 343,special,
517,OHARA S-PHM52,,,,,,,,,,,,3.67,literature (manufacturer datasheet),,,,,,,specs,OHARA-optical,330.0,2400.0,S-PHM52,,1.6159397666498403,1.0084326000000001e-08,,,,,density 3.67 g/cm3 stated by the manufacturer's datasheet (S-PHM52); formula NULL: a catalog optical glass (composition proprietary); no x-ray / neutron SLD,,,,,,OHARA Zemax catalog 2017-11-30 (obtained from http://www.ohara-inc.co.jp)See also OHARA glass data sheets,,,2017.0,optical glass,OHARA-optical/S-PHM52,1.618,63.333504,618634,618633,0.0051,1.01e-05,243 343,,Recommended
518,OHARA S-PHM53,,,,,,,,,,,,3.51,literature (manufacturer datasheet),,,,,,,specs,OHARA-optical,310.0,2400.0,S-PHM53,,1.6010482697417645,1.856042e-08,,,,,density 3.51 g/cm3 stated by the manufacturer's datasheet (S-PHM53); formula NULL: a catalog optical glass (composition proprietary); no x-ray / neutron SLD,,,,,,OHARA Zemax catalog 2017-11-30 (obtained from http://www.ohara-inc.co.jp)See also OHARA glass data sheets,,,2017.0,optical glass,OHARA-optical/S-PHM53,1.603001,65.443648,603655,603654,0.0045,9.3e-06,243 343,,Recommended
519,OHARA SSL2,,,,,,,,,,,,2.57,literature (manufacturer datasheet),,,,,,,specs,OHARA-optical,300.0,2400.0,SSL2,,1.5272858474374844,1.513436e-08,,,,,density 2.57 g/cm3 stated by the manufacturer's datasheet (SSL2); formula NULL: a catalog optical glass (composition proprietary); no x-ray / neutron SLD,,,,,,OHARA Zemax catalog 2017-11-30 (obtained from http://www.ohara-inc.co.jp)See also OHARA glass data sheets,,,2017.0,optical glass,OHARA-optical/SSL2,1.529441,51.722557,529517,,-0.0067,5.4e-06,243 343,preferred,
520,OHARA SSL5,,,,,,,,,,,,2.51,literature (manufacturer datasheet),,,,,,,specs,OHARA-optical,300.0,2400.0,SSL5,,1.5192096901073802,1.3507085999999999e-08,,,,,density 2.51 g/cm3 stated by the manufacturer's datasheet (SSL5); formula NULL: a catalog optical glass (composition proprietary); no x-ray / neutron SLD,,,,,,OHARA Zemax catalog 2017-11-30 (obtained from http://www.ohara-inc.co.jp)See also OHARA glass data sheets,,,2017.0,optical glass,OHARA-optical/SSL5,1.521299,52.553447,521526,,-0.0072,5.3e-06,243 343,preferred,
521,OHARA TIH6,,,,,,,,,,,,,,,,,,,,specs,OHARA-optical,334.0,2325.0,TIH6,,1.7988178483671293,0.0,,,,,density/SLD left NULL: the catalog page states no density; formula NULL: a catalog optical glass (composition proprietary); no x-ray / neutron SLD,,,,,,,,,,optical glass,OHARA-optical/TIH6,1.805181,25.432057,805254,,,,,preferred,
522,OHARA TIH11,,,,,,,,,,,,,,,,,,,,specs,OHARA-optical,334.0,2325.0,TIH11,,1.778582074361188,0.0,,,,,density/SLD left NULL: the catalog page states no density; formula NULL: a catalog optical glass (composition proprietary); no x-ray / neutron SLD,,,,,,,,,,optical glass,OHARA-optical/TIH11,1.784723,25.677885,785257,,,,,preferred,
523,OHARA TIH14,,,,,,,,,,,,,,,,,,,,specs,OHARA-optical,334.0,2325.0,TIH14,,1.756038850255507,0.0,,,,,density/SLD left NULL: the catalog page states no density; formula NULL: a catalog optical glass (composition proprietary); no x-ray / neutron SLD,,,,,,,,,,optical glass,OHARA-optical/TIH14,1.761821,26.517966,762265,,,,,preferred,
524,OHARA TIH23,,,,,,,,,,,,,,,,,,,,specs,OHARA-optical,334.0,2325.0,TIH23,,1.7786911374482977,0.0,,,,,density/SLD left NULL: the catalog page states no density; formula NULL: a catalog optical glass (composition proprietary); no x-ray / neutron SLD,,,,,,,,,,optical glass,OHARA-optical/TIH23,1.784696,26.29817,785263,,,,,preferred,
525,OHARA TIH53,,,,,,,,,,,,3.58,literature (manufacturer datasheet),,,,,,,specs,OHARA-optical,300.0,2400.0,TIH53,,1.8395291015686561,5.407616e-08,,,,,density 3.58 g/cm3 stated by the manufacturer's datasheet (TIH53); formula NULL: a catalog optical glass (composition proprietary); no x-ray / neutron SLD,,,,,,OHARA Zemax catalog 2017-11-30 (obtained from http://www.ohara-inc.co.jp)See also OHARA glass data sheets,,,2017.0,optical glass,OHARA-optical/TIH53,1.846659,23.780116,847238,,0.0181,8.9e-06,243 343,special,
526,OHARA L-TIH53,,,,,,,,,,,,3.34,literature (manufacturer datasheet),,,,,,,specs,OHARA-optical,370.0,2400.0,L-TIH53,,1.839523327373611,5.079992e-08,,,,,density 3.34 g/cm3 stated by the manufacturer's datasheet (L-TIH53); formula NULL: a catalog optical glass (composition proprietary); no x-ray / neutron SLD,,,,,,OHARA Zemax catalog 2017-11-30 (obtained from http://www.ohara-inc.co.jp)See also OHARA glass data sheets,,,2017.0,optical glass,OHARA-optical/L-TIH53,1.84666,23.773536,847238,,0.0168,8e-06,243 343,special,Low Softening Temperature
527,OHARA S-TIH1,,,,,,,,,,,,3.06,literature (manufacturer datasheet),,,,,,,specs,OHARA-optical,370.0,2400.0,S-TIH1,,1.7124416745519484,4.06338e-08,,,,,density 3.06 g/cm3 stated by the manufacturer's datasheet (S-TIH1); formula NULL: a catalog optical glass (composition proprietary); no x-ray / neutron SLD,,,,,,OHARA Zemax catalog 2017-11-30 (obtained from http://www.ohara-inc.co.jp)See also OHARA glass data sheets,,,2017.0,optical glass,OHARA-optical/S-TIH1,1.717362,29.518091,717295,,0.011,8.2e-06,243 343,,Recommended - Lightweight
528,OHARA S-TIH3,,,,,,,,,,,,3.11,literature (manufacturer datasheet),,,,,,,specs,OHARA-optical,370.0,2400.0,S-TIH3,,1.7347152231448546,3.375066e-08,,,,,density 3.11 g/cm3 stated by the manufacturer's datasheet (S-TIH3); formula NULL: a catalog optical glass (composition proprietary); no x-ray / neutron SLD,,,,,,OHARA Zemax catalog 2017-11-30 (obtained from http://www.ohara-inc.co.jp)See also OHARA glass data sheets,,,2017.0,optical glass,OHARA-optical/S-TIH3,1.739998,28.296005,740283,,0.0122,8.5e-06,243 343,,Recommended - Lightweight
529,OHARA S-TIH4,,,,,,,,,,,,3.15,literature (manufacturer datasheet),,,,,,,specs,OHARA-optical,370.0,2400.0,S-TIH4,,1.749663335442444,3.375066e-08,,,,,density 3.15 g/cm3 stated by the manufacturer's datasheet (S-TIH4); formula NULL: a catalog optical glass (composition proprietary); no x-ray / neutron SLD,,,,,,OHARA Zemax catalog 2017-11-30 (obtained from http://www.ohara-inc.co.jp)See also OHARA glass data sheets,,,2017.0,optical glass,OHARA-optical/S-TIH4,1.755199,27.512089,755275,,0.0133,8.5e-06,243 343,,Recommended - Lightweight
530,OHARA S-TIH6,,,,,,,,,,,,3.37,literature (manufacturer datasheet),,,,,,,specs,OHARA-optical,370.0,2400.0,S-TIH6,,1.7988204583924305,2.868236e-08,,,,,density 3.37 g/cm3 stated by the manufacturer's datasheet (S-TIH6); formula NULL: a catalog optical glass (composition proprietary); no x-ray / neutron SLD,,,,,,OHARA Zemax catalog 2017-11-30 (obtained from http://www.ohara-inc.co.jp)See also OHARA glass data sheets,,,2017.0,optical glass,OHARA-optical/S-TIH6,1.805181,25.425363,805254,,0.0158,8.9e-06,243 343,,Recommended - Lightweight
531,OHARA S-TIH10,,,,,,,,,,,,3.06,literature (manufacturer datasheet),,,,,,,specs,OHARA-optical,370.0,2400.0,S-TIH10,,1.7230793710666636,3.211832e-08,,,,,density 3.06 g/cm3 stated by the manufacturer's datasheet (S-TIH10); formula NULL: a catalog optical glass (composition proprietary); no x-ray / neutron SLD,,,,,,OHARA Zemax catalog 2017-11-30 (obtained from http://www.ohara-inc.co.jp)See also OHARA glass data sheets,,,2017.0,optical glass,OHARA-optical/S-TIH10,1.72825,28.460599,728285,,0.0123,8e-06,243 343,,Recommended - Lightweight
532,OHARA S-TIH11,,,,,,,,,,,,3.24,literature (manufacturer datasheet),,,,,,,specs,OHARA-optical,370.0,2400.0,S-TIH11,,1.778584989949483,4.73501e-08,,,,,density 3.24 g/cm3 stated by the manufacturer's datasheet (S-TIH11); formula NULL: a catalog optical glass (composition proprietary); no x-ray / neutron SLD,,,,,,OHARA Zemax catalog 2017-11-30 (obtained from http://www.ohara-inc.co.jp)See also OHARA glass data sheets,,,2017.0,optical glass,OHARA-optical/S-TIH11,1.784723,25.683446,785257,,0.0162,8.9e-06,243 343,,Recommended - Lightweight
533,OHARA S-TIH13,,,,,,,,,,,,3.1,literature (manufacturer datasheet),,,,,,,specs,OHARA-optical,370.0,2400.0,S-TIH13,,1.735390395970954,4.226784e-08,,,,,density 3.1 g/cm3 stated by the manufacturer's datasheet (S-TIH13); formula NULL: a catalog optical glass (composition proprietary); no x-ray / neutron SLD,,,,,,OHARA Zemax catalog 2017-11-30 (obtained from http://www.ohara-inc.co.jp)See also OHARA glass data sheets,,,2017.0,optical glass,OHARA-optical/S-TIH13,1.740769,27.789359,741278,,0.013,8.3e-06,243 343,,Recommended - Lightweight
534,OHARA S-TIH14,,,,,,,,,,,,3.17,literature (manufacturer datasheet),,,,,,,specs,OHARA-optical,370.0,2400.0,S-TIH14,,1.7560386129863448,4.5714360000000004e-08,,,,,density 3.17 g/cm3 stated by the manufacturer's datasheet (S-TIH14); formula NULL: a catalog optical glass (composition proprietary); no x-ray / neutron SLD,,,,,,OHARA Zemax catalog 2017-11-30 (obtained from http://www.ohara-inc.co.jp)See also OHARA glass data sheets,,,2017.0,optical glass,OHARA-optical/S-TIH14,1.761821,26.517885,762265,,0.015,8.7e-06,243 343,,Recommended - Lightweight
535,OHARA S-TIH18,,,,,,,,,,,,3.07,literature (manufacturer datasheet),,,,,,,specs,OHARA-optical,370.0,2400.0,S-TIH18,,1.7165122906413994,3.211832e-08,,,,,density 3.07 g/cm3 stated by the manufacturer's datasheet (S-TIH18); formula NULL: a catalog optical glass (composition proprietary); no x-ray / neutron SLD,,,,,,OHARA Zemax catalog 2017-11-30 (obtained from http://www.ohara-inc.co.jp)See also OHARA glass data sheets,,,2017.0,optical glass,OHARA-optical/S-TIH18,1.721507,29.23233,722292,,0.0111,8.3e-06,243 343,,Recommended - Lightweight
536,OHARA S-TIH20,,,,,,,,,,,,2.98,literature (manufacturer datasheet),,,,,,,specs,OHARA-optical,300.0,2400.0,S-TIH20,,1.7011159607569426,3.719058e-08,,,,,density 2.98 g/cm3 stated by the manufacturer's datasheet (S-TIH20); formula NULL: a catalog optical glass (composition proprietary); no x-ray / neutron SLD,,,,,,OHARA Zemax catalog 2017-11-30 (obtained from http://www.ohara-inc.co.jp)See also OHARA glass data sheets,,,2017.0,optical glass,OHARA-optical/S-TIH20,1.70585,30.244176,706302,,0.0094,8.1e-06,243 343,preferred,
537,OHARA S-TIH23,,,,,,,,,,,,3.3,literature (manufacturer datasheet),,,,,,,specs,OHARA-optical,370.0,2400.0,S-TIH23,,1.7786907815082822,4.390358e-08,,,,,density 3.3 g/cm3 stated by the manufacturer's datasheet (S-TIH23); formula NULL: a catalog optical glass (composition proprietary); no x-ray / neutron SLD,,,,,,OHARA Zemax catalog 2017-11-30 (obtained from http://www.ohara-inc.co.jp)See also OHARA glass data sheets,,,2017.0,optical glass,OHARA-optical/S-TIH23,1.784696,26.291221,785263,,0.0146,8.8e-06,243 343,,Recommended - Lightweight
538,OHARA S-TIH53,,,,,,,,,,,,3.54,literature (manufacturer datasheet),,,,,,,specs,OHARA-optical,370.0,2400.0,S-TIH53,,1.8395279049417357,6.955224e-08,,,,,density 3.54 g/cm3 stated by the manufacturer's datasheet (S-TIH53); formula NULL: a catalog optical glass (composition proprietary); no x-ray / neutron SLD,,,,,,OHARA Zemax catalog 2017-11-30 (obtained from http://www.ohara-inc.co.jp)See also OHARA glass data sheets,,,2017.0,optical glass,OHARA-optical/S-TIH53,1.84666,23.77794,847238,,0.0175,8.8e-06,243 343,,Recommended - Lightweight
539,OHARA S-TIH53W,,,,,,,,,,,,3.54,literature (manufacturer datasheet),,,,,,,specs,OHARA-optical,370.0,2400.0,S-TIH53W,,1.8395279049417357,5.039746e-09,,,,,density 3.54 g/cm3 stated by the manufacturer's datasheet (S-TIH53W); formula NULL: a catalog optical glass (composition proprietary); no x-ray / neutron SLD,,,,,,OHARA Zemax catalog 2017-11-30 (obtained from http://www.ohara-inc.co.jp)See also OHARA glass data sheets,,,2017.0,optical glass,OHARA-optical/S-TIH53W,1.84666,23.77794,847238,,0.0175,8.8e-06,243 343,,Recommended - Improved Transmittance.
540,OHARA S-TIH57,,,,,,,,,,,,4.2,literature (manufacturer datasheet),,,,,,,specs,OHARA-optical,365.015,2325.4199999999996,S-TIH57,,1.9550047499802652,5.046252e-08,,,,,density 4.2 g/cm3 stated by the manufacturer's datasheet (S-TIH57); formula NULL: a catalog optical glass (composition proprietary); no x-ray / neutron SLD,,,,,,OHARA Zemax catalog 2017-11-30 (obtained from http://www.ohara-inc.co.jp)See also OHARA glass data sheets,,,2017.0,optical glass,OHARA-optical/S-TIH57,1.963,24.1144,963241,,0.0187,7.5e-06,243 343,,Recommended
541,OHARA S-TIL1,,,,,,,,,,,,2.54,literature (manufacturer datasheet),,,,,,,specs,OHARA-optical,340.0,2400.0,S-TIL1,,1.5456539222649874,1.0084326000000001e-08,,,,,density 2.54 g/cm3 stated by the manufacturer's datasheet (S-TIL1); formula NULL: a catalog optical glass (composition proprietary); no x-ray / neutron SLD,,,,,,OHARA Zemax catalog 2017-11-30 (obtained from http://www.ohara-inc.co.jp)See also OHARA glass data sheets,,,2017.0,optical glass,OHARA-optical/S-TIL1,1.548141,45.784277,548458,,0.0012,8.6e-06,243 343,,Recommended - Lightweight
542,OHARA S-TIL2,,,,,,,,,,,,2.52,literature (manufacturer datasheet),,,,,,,specs,OHARA-optical,340.0,2400.0,S-TIL2,,1.5383356056234674,1.3507085999999999e-08,,,,,density 2.52 g/cm3 stated by the manufacturer's datasheet (S-TIL2); formula NULL: a catalog optical glass (composition proprietary); no x-ray / neutron SLD,,,,,,OHARA Zemax catalog 2017-11-30 (obtained from http://www.ohara-inc.co.jp)See also OHARA glass data sheets,,,2017.0,optical glass,OHARA-optical/S-TIL2,1.54072,47.227127,541472,,,8.2e-06,243 343,,Recommended - Lightweight
543,OHARA S-TIL6,,,,,,,,,,,,2.5,literature (manufacturer datasheet),,,,,,,specs,OHARA-optical,340.0,2400.0,S-TIL6,,1.5294463611280622,3.7190580000000004e-08,,,,,density 2.5 g/cm3 stated by the manufacturer's datasheet (S-TIL6); formula NULL: a catalog optical glass (composition proprietary); no x-ray / neutron SLD,,,,,,OHARA Zemax catalog 2017-11-30 (obtained from http://www.ohara-inc.co.jp)See also OHARA glass data sheets,,,2017.0,optical glass,OHARA-optical/S-TIL6,1.531717,48.840718,532489,532488,0.0007,9.6e-06,243 343,,Recommended - Lightweight
544,OHARA S-TIL25,,,,,,,,,,,,2.59,literature (manufacturer datasheet),,,,,,,specs,OHARA-optical,350.0,2400.0,S-TIL25,,1.5784933900260834,1.3507085999999999e-08,,,,,density 2.59 g/cm3 stated by the manufacturer's datasheet (S-TIL25); formula NULL: a catalog optical glass (composition proprietary); no x-ray / neutron SLD,,,,,,OHARA Zemax catalog 2017-11-30 (obtained from http://www.ohara-inc.co.jp)See also OHARA glass data sheets,,,2017.0,optical glass,OHARA-optical/S-TIL25,1.581439,40.747566,581407,,0.0019,7.4e-06,243 343,,Recommended - Lightweight
545,OHARA S-TIL26,,,,,,,,,,,,2.57,literature (manufacturer datasheet),,,,,,,specs,OHARA-optical,350.0,2400.0,S-TIL26,,1.564577969500386,1.3507085999999999e-08,,,,,density 2.57 g/cm3 stated by the manufacturer's datasheet (S-TIL26); formula NULL: a catalog optical glass (composition proprietary); no x-ray / neutron SLD,,,,,,OHARA Zemax catalog 2017-11-30 (obtained from http://www.ohara-inc.co.jp)See also OHARA glass data sheets,,,2017.0,optical glass,OHARA-optical/S-TIL26,1.567322,42.817076,567428,,0.0009,7.9e-06,243 343,,Recommended - Lightweight
546,OHARA S-TIL27,,,,,,,,,,,,2.58,literature (manufacturer datasheet),,,,,,,specs,OHARA-optical,350.0,2400.0,S-TIL27,,1.5721439579629186,1.0084326000000001e-08,,,,,density 2.58 g/cm3 stated by the manufacturer's datasheet (S-TIL27); formula NULL: a catalog optical glass (composition proprietary); no x-ray / neutron SLD,,,,,,OHARA Zemax catalog 2017-11-30 (obtained from http://www.ohara-inc.co.jp)See also OHARA glass data sheets,,,2017.0,optical glass,OHARA-optical/S-TIL27,1.575006,41.505207,575415,,0.0024,7.4e-06,243 343,,Recommended - Lightweight
547,OHARA TIM11,,,,,,,,,,,,2.66,literature (manufacturer datasheet),,,,,,,specs,OHARA-optical,300.0,2400.0,TIM11,,1.6174114994367084,3.375066e-08,,,,,density 2.66 g/cm3 stated by the manufacturer's datasheet (TIM11); formula NULL: a catalog optical glass (composition proprietary); no x-ray / neutron SLD,,,,,,OHARA Zemax catalog 2017-11-30 (obtained from http://www.ohara-inc.co.jp)See also OHARA glass data sheets,,,2017.0,optical glass,OHARA-optical/TIM11,1.620955,35.880852,621359,,0.0058,7.5e-06,243 343,preferred,
548,OHARA L-TIM28,,,,,,,,,,,,2.88,literature (manufacturer datasheet),,,,,,,specs,OHARA-optical,300.0,2400.0,L-TIM28,,1.6849646464213663,2.361906e-08,,,,,density 2.88 g/cm3 stated by the manufacturer's datasheet (L-TIM28); formula NULL: a catalog optical glass (composition proprietary); no x-ray / neutron SLD,,,,,,OHARA Zemax catalog 2017-11-30 (obtained from http://www.ohara-inc.co.jp)See also OHARA glass data sheets,,,2017.0,optical glass,OHARA-optical/L-TIM28,1.689479,31.023399,689311,689310,0.0074,1.01e-05,243 343,,Low Softening Temperature
549,OHARA L-TIM28P,,,,,,,,,,,,2.88,literature (manufacturer datasheet),,,,,,,specs,OHARA-optical,365.015,2325.4199999999996,L-TIM28P,,1.6899295426730234,2.361906e-08,,,,,density 2.88 g/cm3 stated by the manufacturer's datasheet (L-TIM28P); formula NULL: a catalog optical glass (composition proprietary); no x-ray / neutron SLD,,,,,,OHARA Zemax catalog 2017-11-30 (obtained from http://www.ohara-inc.co.jp)See also OHARA glass data sheets,,,2017.0,optical glass,OHARA-optical/L-TIM28P,1.694529,30.655992,689311,695307,0.0073,1.01e-05,243 343,,Low Softening Temperature
550,OHARA S-TIM1,,,,,,,,,,,,2.71,literature (manufacturer datasheet),,,,,,,specs,OHARA-optical,360.0,2400.0,S-TIM1,,1.6222922021522108,1.856042e-08,,,,,density 2.71 g/cm3 stated by the manufacturer's datasheet (S-TIM1); formula NULL: a catalog optical glass (composition proprietary); no x-ray / neutron SLD,,,,,,OHARA Zemax catalog 2017-11-30 (obtained from http://www.ohara-inc.co.jp)See also OHARA glass data sheets,,,2017.0,optical glass,OHARA-optical/S-TIM1,1.625882,35.699614,626357,,0.0056,8.1e-06,243 343,,Recommended - Lightweight
551,OHARA S-TIM2,,,,,,,,,,,,2.69,literature (manufacturer datasheet),,,,,,,specs,OHARA-optical,360.0,2400.0,S-TIM2,,1.6165371679658438,1.856042e-08,,,,,density 2.69 g/cm3 stated by the manufacturer's datasheet (S-TIM2); formula NULL: a catalog optical glass (composition proprietary); no x-ray / neutron SLD,,,,,,OHARA Zemax catalog 2017-11-30 (obtained from http://www.ohara-inc.co.jp)See also OHARA glass data sheets,,,2017.0,optical glass,OHARA-optical/S-TIM2,1.620041,36.263378,620363,,0.0051,8.1e-06,243 343,,Recommended - Lightweight
552,OHARA S-TIM3,,,,,,,,,,,,2.67,literature (manufacturer datasheet),,,,,,,specs,OHARA-optical,360.0,2400.0,S-TIM3,,1.6095308762027007,2.361906e-08,,,,,density 2.67 g/cm3 stated by the manufacturer's datasheet (S-TIM3); formula NULL: a catalog optical glass (composition proprietary); no x-ray / neutron SLD,,,,,,OHARA Zemax catalog 2017-11-30 (obtained from http://www.ohara-inc.co.jp)See also OHARA glass data sheets,,,2017.0,optical glass,OHARA-optical/S-TIM3,1.612929,37.005342,613370,,0.0046,7.7e-06,243 343,special,Recommended - Lightweight
553,OHARA S-TIM5,,,,,,,,,,,,2.63,literature (manufacturer datasheet),,,,,,,specs,OHARA-optical,360.0,2400.0,S-TIM5,,1.6001583876942067,1.513436e-08,,,,,density 2.63 g/cm3 stated by the manufacturer's datasheet (S-TIM5); formula NULL: a catalog optical glass (composition proprietary); no x-ray / neutron SLD,,,,,,OHARA Zemax catalog 2017-11-30 (obtained from http://www.ohara-inc.co.jp)See also OHARA glass data sheets,,,2017.0,optical glass,OHARA-optical/S-TIM5,1.60342,38.027347,603380,,0.0036,8.3e-06,243 343,,Recommended - Lightweight
554,OHARA S-TIM6,,,,,,,,,,,,2.79,literature (manufacturer datasheet),,,,,,,specs,OHARA-optical,300.0,2400.0,S-TIM6,,1.6326804875190195,3.882462e-08,,,,,density 2.79 g/cm3 stated by the manufacturer's datasheet (S-TIM6); formula NULL: a catalog optical glass (composition proprietary); no x-ray / neutron SLD,,,,,,OHARA Zemax catalog 2017-11-30 (obtained from http://www.ohara-inc.co.jp)See also OHARA glass data sheets,,,2017.0,optical glass,OHARA-optical/S-TIM6,1.636358,35.391923,636354,,0.0056,8.3e-06,243 343,preferred,
555,OHARA S-TIM8,,,,,,,,,,,,2.63,literature (manufacturer datasheet),,,,,,,specs,OHARA-optical,350.0,2400.0,S-TIM8,,1.5923833154637916,1.856042e-08,,,,,density 2.63 g/cm3 stated by the manufacturer's datasheet (S-TIM8); formula NULL: a catalog optical glass (composition proprietary); no x-ray / neutron SLD,,,,,,OHARA Zemax catalog 2017-11-30 (obtained from http://www.ohara-inc.co.jp)See also OHARA glass data sheets,,,2017.0,optical glass,OHARA-optical/S-TIM8,1.595509,39.242273,596392,,0.0023,8.4e-06,243 343,,Recommended - Lightweight
556,OHARA S-TIM22,,,,,,,,,,,,2.79,literature (manufacturer datasheet),,,,,,,specs,OHARA-optical,360.0,2400.0,S-TIM22,,1.6437793540945984,2.361906e-08,,,,,density 2.79 g/cm3 stated by the manufacturer's datasheet (S-TIM22); formula NULL: a catalog optical glass (composition proprietary); no x-ray / neutron SLD,,,,,,OHARA Zemax catalog 2017-11-30 (obtained from http://www.ohara-inc.co.jp)See also OHARA glass data sheets,,,2017.0,optical glass,OHARA-optical/S-TIM22,1.647689,33.792803,648338,,0.007,8.3e-06,243 343,,Recommended - Lightweight
557,OHARA S-TIM25,,,,,,,,,,,,2.91,literature (manufacturer datasheet),,,,,,,specs,OHARA-optical,360.0,2400.0,S-TIM25,,1.6684388404646415,2.361906e-08,,,,,density 2.91 g/cm3 stated by the manufacturer's datasheet (S-TIM25); formula NULL: a catalog optical glass (composition proprietary); no x-ray / neutron SLD,,,,,,OHARA Zemax catalog 2017-11-30 (obtained from http://www.ohara-inc.co.jp)See also OHARA glass data sheets,,,2017.0,optical glass,OHARA-optical/S-TIM25,1.6727,32.099206,673321,,0.0093,7.9e-06,243 343,,Recommended - Lightweight
558,OHARA S-TIM27,,,,,,,,,,,,2.76,literature (manufacturer datasheet),,,,,,,specs,OHARA-optical,360.0,2400.0,S-TIM27,,1.6360083638404923,1.856042e-08,,,,,density 2.76 g/cm3 stated by the manufacturer's datasheet (S-TIM27); formula NULL: a catalog optical glass (composition proprietary); no x-ray / neutron SLD,,,,,,OHARA Zemax catalog 2017-11-30 (obtained from http://www.ohara-inc.co.jp)See also OHARA glass data sheets,,,2017.0,optical glass,OHARA-optical/S-TIM27,1.639799,34.466422,640345,,0.0065,8e-06,243 343,,Recommended - Lightweight
559,OHARA S-TIM28,,,,,,,,,,,,2.98,literature (manufacturer datasheet),,,,,,,specs,OHARA-optical,360.0,2400.0,S-TIM28,,1.684428855345897,2.868236e-08,,,,,density 2.98 g/cm3 stated by the manufacturer's datasheet (S-TIM28); formula NULL: a catalog optical glass (composition proprietary); no x-ray / neutron SLD,,,,,,OHARA Zemax catalog 2017-11-30 (obtained from http://www.ohara-inc.co.jp)See also OHARA glass data sheets,,,2017.0,optical glass,OHARA-optical/S-TIM28,1.688931,31.07545,689311,,0.0092,8.2e-06,243 343,,Recommended - Lightweight
560,OHARA S-TIM35,,,,,,,,,,,,2.96,literature (manufacturer datasheet),,,,,,,specs,OHARA-optical,370.0,2400.0,S-TIM35,,1.6942432531340896,3.375066e-08,,,,,density 2.96 g/cm3 stated by the manufacturer's datasheet (S-TIM35); formula NULL: a catalog optical glass (composition proprietary); no x-ray / neutron SLD,,,,,,OHARA Zemax catalog 2017-11-30 (obtained from http://www.ohara-inc.co.jp)See also OHARA glass data sheets,,,2017.0,optical glass,OHARA-optical/S-TIM35,1.698947,30.127865,699301,,0.0103,7.5e-06,243 343,,Recommended - Lightweight
561,OHARA S-TIM39,,,,,,,,,,,,2.92,literature (manufacturer datasheet),,,,,,,specs,OHARA-optical,360.0,2400.0,S-TIM39,,1.6626917469458284,2.868236e-08,,,,,density 2.92 g/cm3 stated by the manufacturer's datasheet (S-TIM39); formula NULL: a catalog optical glass (composition proprietary); no x-ray / neutron SLD,,,,,,OHARA Zemax catalog 2017-11-30 (obtained from http://www.ohara-inc.co.jp)See also OHARA glass data sheets,,,2017.0,optical glass,OHARA-optical/S-TIM39,1.6668,33.054985,667330,667331,0.0077,8.7e-06,243 343,,Recommended - Lightweight
562,OHARA TPH55,,,,,,,,,,,,3.06,literature (manufacturer datasheet),,,,,,,specs,OHARA-optical,300.0,2400.0,TPH55,,1.749458637278339,3.211832e-08,,,,,density 3.06 g/cm3 stated by the manufacturer's datasheet (TPH55); formula NULL: a catalog optical glass (composition proprietary); no x-ray / neutron SLD,,,,,,OHARA Zemax catalog 2017-11-30 (obtained from http://www.ohara-inc.co.jp)See also OHARA glass data sheets,,,2017.0,optical glass,OHARA-optical/TPH55,1.755502,25.066156,756251,,0.0197,9.4e-06,293 573,preferred,
563,OHARA YGH51,,,,,,,,,,,,,,,,,,,,specs,OHARA-optical,334.0,2325.0,YGH51,,1.7519595804138246,0.0,,,,,density/SLD left NULL: the catalog page states no density; formula NULL: a catalog optical glass (composition proprietary); no x-ray / neutron SLD,,,,,,,,,,optical glass,OHARA-optical/YGH51,1.754998,52.326713,755523,,,,,preferred,
564,OHARA YGH52,,,,,,,,,,,,,,,,,,,,specs,OHARA-optical,334.0,2325.0,YGH52,,1.7831975736403791,0.0,,,,,density/SLD left NULL: the catalog page states no density; formula NULL: a catalog optical glass (composition proprietary); no x-ray / neutron SLD,,,,,,,,,,optical glass,OHARA-optical/YGH52,1.7865,50.001717,787500,786500,,,,preferred,
565,OHARA S-YGH51,,,,,,,,,,,,4.4,literature (manufacturer datasheet),,,,,,,specs,OHARA-optical,280.0,2400.0,S-YGH51,,1.7519575965432448,1.0084326000000001e-08,,,,,density 4.4 g/cm3 stated by the manufacturer's datasheet (S-YGH51); formula NULL: a catalog optical glass (composition proprietary); no x-ray / neutron SLD,,,,,,OHARA Zemax catalog 2017-11-30 (obtained from http://www.ohara-inc.co.jp)See also OHARA glass data sheets,,,2017.0,optical glass,OHARA-optical/S-YGH51,1.754998,52.321434,755523,,-0.0093,5.8e-06,243 343,,Recommended
566,OHARA S-YGH52,,,,,,,,,,,,4.79,literature (manufacturer datasheet),,,,,,,specs,OHARA-optical,300.0,2400.0,S-YGH52,,1.7831975736403791,2.361906e-08,,,,,density 4.79 g/cm3 stated by the manufacturer's datasheet (S-YGH52); formula NULL: a catalog optical glass (composition proprietary); no x-ray / neutron SLD,,,,,,OHARA Zemax catalog 2017-11-30 (obtained from http://www.ohara-inc.co.jp)See also OHARA glass data sheets,,,2017.0,optical glass,OHARA-optical/S-YGH52,1.7865,50.001717,787500,786500,-0.0093,6.3e-06,243 343,special,
567,HIKARI K3,,,,,,,,,,,,2.54,literature (manufacturer datasheet),,,,,,,specs,HIKARI-optical,400.0,700.0,K3,,1.5163723325357503,5.039746e-09,,,,,density 2.54 g/cm3 stated by the manufacturer's datasheet (K3); formula NULL: a catalog optical glass (composition proprietary); no x-ray / neutron SLD,,,,,,NIKON Zemax catalog 2017-11 (obtained from http://www.nikon.com)See also HIKARI glass data sheets,,,2017.0,optical glass,HIKARI-optical/K3,1.51823,58.909268,518589,,-0.0001,1.07e-05,243 343,preferred,
568,HIKARI K5,,,,,,,,,,,,2.61,literature (manufacturer datasheet),,,,,,,specs,HIKARI-optical,400.0,700.0,K5,,1.5206369856289192,5.039746e-09,,,,,density 2.61 g/cm3 stated by the manufacturer's datasheet (K5); formula NULL: a catalog optical glass (composition proprietary); no x-ray / neutron SLD,,,,,,NIKON Zemax catalog 2017-11 (obtained from http://www.nikon.com)See also HIKARI glass data sheets,,,2017.0,optical glass,HIKARI-optical/K5,1.52249,59.731237,522597,,0.0026,1.02e-05,243 343,preferred,
569,HIKARI E-K3,,,,,,,,,,,,2.5,literature (manufacturer datasheet),,,,,,,specs,HIKARI-optical,400.0,700.0,E-K3,,1.516371090557731,1.188124e-08,,,,,density 2.5 g/cm3 stated by the manufacturer's datasheet (E-K3); formula NULL: a catalog optical glass (composition proprietary); no x-ray / neutron SLD,,,,,,NIKON Zemax catalog 2017-11 (obtained from http://www.nikon.com)See also HIKARI glass data sheets,,,2017.0,optical glass,HIKARI-optical/E-K3,1.518229,58.93364,518589,,0.0004,1.12e-05,243 343,preferred,
570,HIKARI E-K5,,,,,,,,,,,,2.55,literature (manufacturer datasheet),,,,,,,specs,HIKARI-optical,400.0,700.0,E-K5,,1.5206370977337698,5.039746e-09,,,,,density 2.55 g/cm3 stated by the manufacturer's datasheet (E-K5); formula NULL: a catalog optical glass (composition proprietary); no x-ray / neutron SLD,,,,,,NIKON Zemax catalog 2017-11 (obtained from http://www.nikon.com)See also HIKARI glass data sheets,,,2017.0,optical glass,HIKARI-optical/E-K5,1.52249,59.731259,522597,,0.0026,1.08e-05,243 343,preferred,
571,HIKARI J-K3,,,,,,,,,,,,2.5,literature (manufacturer datasheet),,,,,,,specs,HIKARI-optical,365.015,2058.09,J-K3,,1.5163686950973634,2.868236e-08,,,,,density 2.5 g/cm3 stated by the manufacturer's datasheet (J-K3); formula NULL: a catalog optical glass (composition proprietary); no x-ray / neutron SLD,,,,,,NIKON Zemax catalog 2017-11 (obtained from http://www.nikon.com)See also HIKARI glass data sheets,,,2017.0,optical glass,HIKARI-optical/J-K3,1.51823,58.816848,518588,,-0.0008,8.9e-06,243 343,,
572,HIKARI J-K5,,,,,,,,,,,,2.52,literature (manufacturer datasheet),,,,,,,specs,HIKARI-optical,365.015,2058.09,J-K5,,1.5206238180171419,1.5134359999999997e-08,,,,,density 2.52 g/cm3 stated by the manufacturer's datasheet (J-K5); formula NULL: a catalog optical glass (composition proprietary); no x-ray / neutron SLD,,,,,,NIKON Zemax catalog 2017-11 (obtained from http://www.nikon.com)See also HIKARI glass data sheets,,,2017.0,optical glass,HIKARI-optical/J-K5,1.52249,59.213983,522592,,-0.001,7.7e-06,243 343,,
573,HIKARI SK2,,,,,,,,,,,,3.47,literature (manufacturer datasheet),,,,,,,specs,HIKARI-optical,400.0,700.0,SK2,,1.605128737751442,0.0,,,,,density 3.47 g/cm3 stated by the manufacturer's datasheet (SK2); formula NULL: a catalog optical glass (composition proprietary); no x-ray / neutron SLD,,,,,,NIKON Zemax catalog 2017-11 (obtained from http://www.nikon.com)See also HIKARI glass data sheets,,,2017.0,optical glass,HIKARI-optical/SK2,1.60738,56.746975,607567,,-0.0017,6.7e-06,243 343,preferred,
574,HIKARI SK4,,,,,,,,,,,,3.5,literature (manufacturer datasheet),,,,,,,specs,HIKARI-optical,400.0,700.0,SK4,,1.6105079897549512,5.039746e-09,,,,,density 3.5 g/cm3 stated by the manufacturer's datasheet (SK4); formula NULL: a catalog optical glass (composition proprietary); no x-ray / neutron SLD,,,,,,NIKON Zemax catalog 2017-11 (obtained from http://www.nikon.com)See also HIKARI glass data sheets,,,2017.0,optical glass,HIKARI-optical/SK4,1.61272,58.472693,613585,,-0.0023,7e-06,243 343,preferred,
575,HIKARI SK9,,,,,,,,,,,,3.57,literature (manufacturer datasheet),,,,,,,specs,HIKARI-optical,400.0,700.0,SK9,,1.6117048085328456,1.17116e-08,,,,,density 3.57 g/cm3 stated by the manufacturer's datasheet (SK9); formula NULL: a catalog optical glass (composition proprietary); no x-ray / neutron SLD,,,,,,NIKON Zemax catalog 2017-11 (obtained from http://www.nikon.com)See also HIKARI glass data sheets,,,2017.0,optical glass,HIKARI-optical/SK9,1.61405,55.0612,614551,,-0.0015,7.3e-06,243 343,preferred,
576,HIKARI SK15,,,,,,,,,,,,3.66,literature (manufacturer datasheet),,,,,,,specs,HIKARI-optical,400.0,700.0,SK15,,1.6207319780763436,5.039746e-09,,,,,density 3.66 g/cm3 stated by the manufacturer's datasheet (SK15); formula NULL: a catalog optical glass (composition proprietary); no x-ray / neutron SLD,,,,,,NIKON Zemax catalog 2017-11 (obtained from http://www.nikon.com)See also HIKARI glass data sheets,,,2017.0,optical glass,HIKARI-optical/SK15,1.62299,58.225167,623582,,-0.0018,8.1e-06,243 343,preferred,
577,HIKARI SK16,,,,,,,,,,,,3.6,literature (manufacturer datasheet),,,,,,,specs,HIKARI-optical,400.0,700.0,SK16,,1.6182321160128115,5.039746e-09,,,,,density 3.6 g/cm3 stated by the manufacturer's datasheet (SK16); formula NULL: a catalog optical glass (composition proprietary); no x-ray / neutron SLD,,,,,,NIKON Zemax catalog 2017-11 (obtained from http://www.nikon.com)See also HIKARI glass data sheets,,,2017.0,optical glass,HIKARI-optical/SK16,1.620409,60.280874,620603,,-0.002,7.7e-06,243 343,preferred,
578,HIKARI SK18,,,,,,,,,,,,3.69,literature (manufacturer datasheet),,,,,,,specs,HIKARI-optical,400.0,700.0,SK18,,1.6361212053904546,1.17116e-08,,,,,density 3.69 g/cm3 stated by the manufacturer's datasheet (SK18); formula NULL: a catalog optical glass (composition proprietary); no x-ray / neutron SLD,,,,,,NIKON Zemax catalog 2017-11 (obtained from http://www.nikon.com)See also HIKARI glass data sheets,,,2017.0,optical glass,HIKARI-optical/SK18,1.63854,55.479588,639555,,-0.0021,8.1e-06,243 343,preferred,
579,HIKARI E-SK2,,,,,,,,,,,,3.45,literature (manufacturer datasheet),,,,,,,specs,HIKARI-optical,400.0,700.0,E-SK2,,1.6051286417521102,8.458480000000001e-09,,,,,density 3.45 g/cm3 stated by the manufacturer's datasheet (E-SK2); formula NULL: a catalog optical glass (composition proprietary); no x-ray / neutron SLD,,,,,,NIKON Zemax catalog 2017-11 (obtained from http://www.nikon.com)See also HIKARI glass data sheets,,,2017.0,optical glass,HIKARI-optical/E-SK2,1.60738,56.746973,607567,,-0.0017,5.9e-06,243 343,preferred,
580,HIKARI E-SK4,,,,,,,,,,,,3.54,literature (manufacturer datasheet),,,,,,,specs,HIKARI-optical,400.0,700.0,E-SK4,,1.610514884451304,5.039746e-09,,,,,density 3.54 g/cm3 stated by the manufacturer's datasheet (E-SK4); formula NULL: a catalog optical glass (composition proprietary); no x-ray / neutron SLD,,,,,,NIKON Zemax catalog 2017-11 (obtained from http://www.nikon.com)See also HIKARI glass data sheets,,,2017.0,optical glass,HIKARI-optical/E-SK4,1.612716,58.732984,613587,,-0.0008,7.2e-06,243 343,preferred,
581,HIKARI E-SK5,,,,,,,,,,,,3.2,literature (manufacturer datasheet),,,,,,,specs,HIKARI-optical,400.0,700.0,E-SK5,,1.5870863929302526,8.458480000000001e-09,,,,,density 3.2 g/cm3 stated by the manufacturer's datasheet (E-SK5); formula NULL: a catalog optical glass (composition proprietary); no x-ray / neutron SLD,,,,,,NIKON Zemax catalog 2017-11 (obtained from http://www.nikon.com)See also HIKARI glass data sheets,,,2017.0,optical glass,HIKARI-optical/E-SK5,1.58913,61.16206,589612,,-0.0008,6.9e-06,243 343,preferred,
582,HIKARI E-SK10,,,,,,,,,,,,3.57,literature (manufacturer datasheet),,,,,,,specs,HIKARI-optical,400.0,700.0,E-SK10,,1.6204971561861008,0.0,,,,,density 3.57 g/cm3 stated by the manufacturer's datasheet (E-SK10); formula NULL: a catalog optical glass (composition proprietary); no x-ray / neutron SLD,,,,,,NIKON Zemax catalog 2017-11 (obtained from http://www.nikon.com)See also HIKARI glass data sheets,,,2017.0,optical glass,HIKARI-optical/E-SK10,1.622799,57.035463,623570,,-0.0026,7.8e-06,243 343,preferred,
583,HIKARI E-SK11,,,,,,,,,,,,2.98,literature (manufacturer datasheet),,,,,,,specs,HIKARI-optical,400.0,700.0,E-SK11,,1.5618696195170747,8.458480000000001e-09,,,,,density 2.98 g/cm3 stated by the manufacturer's datasheet (E-SK11); formula NULL: a catalog optical glass (composition proprietary); no x-ray / neutron SLD,,,,,,NIKON Zemax catalog 2017-11 (obtained from http://www.nikon.com)See also HIKARI glass data sheets,,,2017.0,optical glass,HIKARI-optical/E-SK11,1.563839,60.679041,564607,,-0.0019,7.6e-06,243 343,preferred,
584,HIKARI E-SK12,,,,,,,,,,,,3.09,literature (manufacturer datasheet),,,,,,,specs,HIKARI-optical,400.0,700.0,E-SK12,,1.5810535535454202,0.0,,,,,density 3.09 g/cm3 stated by the manufacturer's datasheet (E-SK12); formula NULL: a catalog optical glass (composition proprietary); no x-ray / neutron SLD,,,,,,NIKON Zemax catalog 2017-11 (obtained from http://www.nikon.com)See also HIKARI glass data sheets,,,2017.0,optical glass,HIKARI-optical/E-SK12,1.58313,59.387186,583594,,-0.0019,7.7e-06,243 343,preferred,
585,HIKARI E-SK14,,,,,,,,,,,,3.43,literature (manufacturer datasheet),,,,,,,specs,HIKARI-optical,400.0,700.0,E-SK14,,1.6010071600448348,5.039746e-09,,,,,density 3.43 g/cm3 stated by the manufacturer's datasheet (E-SK14); formula NULL: a catalog optical glass (composition proprietary); no x-ray / neutron SLD,,,,,,NIKON Zemax catalog 2017-11 (obtained from http://www.nikon.com)See also HIKARI glass data sheets,,,2017.0,optical glass,HIKARI-optical/E-SK14,1.603112,60.669444,603607,,-0.0007,7e-06,243 343,preferred,
586,HIKARI E-SK15,,,,,,,,,,,,3.66,literature (manufacturer datasheet),,,,,,,specs,HIKARI-optical,400.0,700.0,E-SK15,,1.6207319228610715,5.039746e-09,,,,,density 3.66 g/cm3 stated by the manufacturer's datasheet (E-SK15); formula NULL: a catalog optical glass (composition proprietary); no x-ray / neutron SLD,,,,,,NIKON Zemax catalog 2017-11 (obtained from http://www.nikon.com)See also HIKARI glass data sheets,,,2017.0,optical glass,HIKARI-optical/E-SK15,1.62299,58.225162,623582,,-0.0018,8e-06,243 343,preferred,
587,HIKARI E-SK16,,,,,,,,,,,,3.6,literature (manufacturer datasheet),,,,,,,specs,HIKARI-optical,400.0,700.0,E-SK16,,1.6182343225147904,5.039746e-09,,,,,density 3.6 g/cm3 stated by the manufacturer's datasheet (E-SK16); formula NULL: a catalog optical glass (composition proprietary); no x-ray / neutron SLD,,,,,,NIKON Zemax catalog 2017-11 (obtained from http://www.nikon.com)See also HIKARI glass data sheets,,,2017.0,optical glass,HIKARI-optical/E-SK16,1.620411,60.291663,620603,,-0.0008,7.6e-06,243 343,preferred,
588,HIKARI E-SK18,,,,,,,,,,,,3.67,literature (manufacturer datasheet),,,,,,,specs,HIKARI-optical,400.0,700.0,E-SK18,,1.636121303666181,0.0,,,,,density 3.67 g/cm3 stated by the manufacturer's datasheet (E-SK18); formula NULL: a catalog optical glass (composition proprietary); no x-ray / neutron SLD,,,,,,NIKON Zemax catalog 2017-11 (obtained from http://www.nikon.com)See also HIKARI glass data sheets,,,2017.0,optical glass,HIKARI-optical/E-SK18,1.63854,55.479598,639555,,-0.0021,8.1e-06,243 343,preferred,
589,HIKARI J-SK2,,,,,,,,,,,,3.53,literature (manufacturer datasheet),,,,,,,specs,HIKARI-optical,365.015,2058.09,J-SK2,,1.605125855103627,2.5249699999999998e-08,,,,,density 3.53 g/cm3 stated by the manufacturer's datasheet (J-SK2); formula NULL: a catalog optical glass (composition proprietary); no x-ray / neutron SLD,,,,,,NIKON Zemax catalog 2017-11 (obtained from http://www.nikon.com)See also HIKARI glass data sheets,,,2017.0,optical glass,HIKARI-optical/J-SK2,1.60738,56.739966,607567,,-0.0016,5.7e-06,243 343,,
590,HIKARI J-SK4,,,,,,,,,,,,3.53,literature (manufacturer datasheet),,,,,,,specs,HIKARI-optical,365.015,2058.09,J-SK4,,1.6105095605212998,3.375066e-08,,,,,density 3.53 g/cm3 stated by the manufacturer's datasheet (J-SK4); formula NULL: a catalog optical glass (composition proprietary); no x-ray / neutron SLD,,,,,,NIKON Zemax catalog 2017-11 (obtained from http://www.nikon.com)See also HIKARI glass data sheets,,,2017.0,optical glass,HIKARI-optical/J-SK4,1.61272,58.540463,613585,,-0.0015,6.2e-06,243 343,,
591,HIKARI J-SK5,,,,,,,,,,,,3.26,literature (manufacturer datasheet),,,,,,,specs,HIKARI-optical,365.015,2058.09,J-SK5,,1.5870891946838863,2.361906e-08,,,,,density 3.26 g/cm3 stated by the manufacturer's datasheet (J-SK5); formula NULL: a catalog optical glass (composition proprietary); no x-ray / neutron SLD,,,,,,NIKON Zemax catalog 2017-11 (obtained from http://www.nikon.com)See also HIKARI glass data sheets,,,2017.0,optical glass,HIKARI-optical/J-SK5,1.58913,61.219474,589612,,-0.0016,5.5e-06,243 343,,
592,HIKARI J-SK10,,,,,,,,,,,,3.58,literature (manufacturer datasheet),,,,,,,specs,HIKARI-optical,365.015,2058.09,J-SK10,,1.62050042124418,2.705172e-08,,,,,density 3.58 g/cm3 stated by the manufacturer's datasheet (J-SK10); formula NULL: a catalog optical glass (composition proprietary); no x-ray / neutron SLD,,,,,,NIKON Zemax catalog 2017-11 (obtained from http://www.nikon.com)See also HIKARI glass data sheets,,,2017.0,optical glass,HIKARI-optical/J-SK10,1.6228,57.10132,623571,,-0.0022,6.8e-06,243 343,,
593,HIKARI J-SK11,,,,,,,,,,,,3.06,literature (manufacturer datasheet),,,,,,,specs,HIKARI-optical,365.015,2058.09,J-SK11,,1.5618719920403321,5.039746e-09,,,,,density 3.06 g/cm3 stated by the manufacturer's datasheet (J-SK11); formula NULL: a catalog optical glass (composition proprietary); no x-ray / neutron SLD,,,,,,NIKON Zemax catalog 2017-11 (obtained from http://www.nikon.com)See also HIKARI glass data sheets,,,2017.0,optical glass,HIKARI-optical/J-SK11,1.56384,60.706839,564607,,-0.0014,6.4e-06,243 343,,
594,HIKARI J-SK12,,,,,,,,,,,,3.23,literature (manufacturer datasheet),,,,,,,specs,HIKARI-optical,365.015,2058.09,J-SK12,,1.581053564331098,1.856042e-08,,,,,density 3.23 g/cm3 stated by the manufacturer's datasheet (J-SK12); formula NULL: a catalog optical glass (composition proprietary); no x-ray / neutron SLD,,,,,,NIKON Zemax catalog 2017-11 (obtained from http://www.nikon.com)See also HIKARI glass data sheets,,,2017.0,optical glass,HIKARI-optical/J-SK12,1.58313,59.419851,583594,,-0.0018,6e-06,243 343,,
595,HIKARI J-SK14,,,,,,,,,,,,3.43,literature (manufacturer datasheet),,,,,,,specs,HIKARI-optical,365.015,2058.09,J-SK14,,1.6010047224170396,2.361906e-08,,,,,density 3.43 g/cm3 stated by the manufacturer's datasheet (J-SK14); formula NULL: a catalog optical glass (composition proprietary); no x-ray / neutron SLD,,,,,,NIKON Zemax catalog 2017-11 (obtained from http://www.nikon.com)See also HIKARI glass data sheets,,,2017.0,optical glass,HIKARI-optical/J-SK14,1.60311,60.693804,603607,,-0.0014,5.8e-06,243 343,,
596,HIKARI J-SK15,,,,,,,,,,,,3.58,literature (manufacturer datasheet),,,,,,,specs,HIKARI-optical,365.015,2058.09,J-SK15,,1.6207244011134843,2.361906e-08,,,,,density 3.58 g/cm3 stated by the manufacturer's datasheet (J-SK15); formula NULL: a catalog optical glass (composition proprietary); no x-ray / neutron SLD,,,,,,NIKON Zemax catalog 2017-11 (obtained from http://www.nikon.com)See also HIKARI glass data sheets,,,2017.0,optical glass,HIKARI-optical/J-SK15,1.62299,58.122114,623581,,-0.003,6e-06,243 343,,
597,HIKARI J-SK16,,,,,,,,,,,,3.56,literature (manufacturer datasheet),,,,,,,specs,HIKARI-optical,365.015,2058.09,J-SK16,,1.6182256997210243,2.361906e-08,,,,,density 3.56 g/cm3 stated by the manufacturer's datasheet (J-SK16); formula NULL: a catalog optical glass (composition proprietary); no x-ray / neutron SLD,,,,,,NIKON Zemax catalog 2017-11 (obtained from http://www.nikon.com)See also HIKARI glass data sheets,,,2017.0,optical glass,HIKARI-optical/J-SK16,1.62041,60.245509,620602,,-0.0031,6e-06,243 343,,
598,HIKARI J-SK18,,,,,,,,,,,,3.67,literature (manufacturer datasheet),,,,,,,specs,HIKARI-optical,365.015,2058.09,J-SK18,,1.6361131567978326,3.03147e-08,,,,,density 3.67 g/cm3 stated by the manufacturer's datasheet (J-SK18); formula NULL: a catalog optical glass (composition proprietary); no x-ray / neutron SLD,,,,,,NIKON Zemax catalog 2017-11 (obtained from http://www.nikon.com)See also HIKARI glass data sheets,,,2017.0,optical glass,HIKARI-optical/J-SK18,1.63854,55.340468,639553,,-0.0013,6.7e-06,243 343,,
599,HIKARI P-SK5S,,,,,,,,,,,,2.93,literature (manufacturer datasheet),,,,,,,specs,HIKARI-optical,400.0,700.0,P-SK5S,,1.586823731476721,3.03147e-08,,,,,density 2.93 g/cm3 stated by the manufacturer's datasheet (P-SK5S); formula NULL: a catalog optical glass (composition proprietary); no x-ray / neutron SLD,,,,,,NIKON Zemax catalog 2017-11 (obtained from http://www.nikon.com)See also HIKARI glass data sheets,,,2017.0,optical glass,HIKARI-optical/P-SK5S,1.58887,61.15108,589612,,-0.0031,8.6e-06,243 343,preferred,Low Tg glass
600,HIKARI P-SK12S,,,,,,,,,,,,2.8,literature (manufacturer datasheet),,,,,,,specs,HIKARI-optical,400.0,700.0,P-SK12S,,1.5838472273643882,3.375066e-08,,,,,density 2.8 g/cm3 stated by the manufacturer's datasheet (P-SK12S); formula NULL: a catalog optical glass (composition proprietary); no x-ray / neutron SLD,,,,,,NIKON Zemax catalog 2017-11 (obtained from http://www.nikon.com)See also HIKARI glass data sheets,,,2017.0,optical glass,HIKARI-optical/P-SK12S,1.58593,59.65217,586597,,-0.0033,8.9e-06,243 343,preferred,Low Tg glass
601,HIKARI Q-SK5S,,,,,,,,,,,,2.93,literature (manufacturer datasheet),,,,,,,specs,HIKARI-optical,365.015,2058.09,Q-SK5S,,1.586823633820571,2.361906e-08,,,,,density 2.93 g/cm3 stated by the manufacturer's datasheet (Q-SK5S); formula NULL: a catalog optical glass (composition proprietary); no x-ray / neutron SLD,,,,,,NIKON Zemax catalog 2017-11 (obtained from http://www.nikon.com)See also HIKARI glass data sheets,,,2017.0,optical glass,HIKARI-optical/Q-SK5S,1.58887,61.177645,589612,,-0.0036,6.8e-06,243 343,preferred,For mold lens
602,HIKARI Q-SK12S,,,,,,,,,,,,2.8,literature (manufacturer datasheet),,,,,,,specs,HIKARI-optical,365.015,2058.09,Q-SK12S,,1.5838457027006565,1.856042e-08,,,,,density 2.8 g/cm3 stated by the manufacturer's datasheet (Q-SK12S); formula NULL: a catalog optical glass (composition proprietary); no x-ray / neutron SLD,,,,,,NIKON Zemax catalog 2017-11 (obtained from http://www.nikon.com)See also HIKARI glass data sheets,,,2017.0,optical glass,HIKARI-optical/Q-SK12S,1.58593,59.621704,586596,,-0.0039,6.7e-06,243 343,preferred,For mold lens
603,HIKARI Q-SK15S,,,,,,,,,,,,3.25,literature (manufacturer datasheet),,,,,,,specs,HIKARI-optical,365.015,2058.09,Q-SK15S,,1.6206515888869764,4.5540679999999995e-08,,,,,density 3.25 g/cm3 stated by the manufacturer's datasheet (Q-SK15S); formula NULL: a catalog optical glass (composition proprietary); no x-ray / neutron SLD,,,,,,NIKON Zemax catalog 2017-11 (obtained from http://www.nikon.com)See also HIKARI glass data sheets,,,2017.0,optical glass,HIKARI-optical/Q-SK15S,1.62291,58.302401,623583,,-0.0027,7.1e-06,243 343,,For mold lens
604,HIKARI Q-SK52S,,,,,,,,,,,,2.8,literature (manufacturer datasheet),,,,,,,specs,HIKARI-optical,365.015,2058.09,Q-SK52S,,1.580783254777974,2.361906e-08,,,,,density 2.8 g/cm3 stated by the manufacturer's datasheet (Q-SK52S); formula NULL: a catalog optical glass (composition proprietary); no x-ray / neutron SLD,,,,,,NIKON Zemax catalog 2017-11 (obtained from http://www.nikon.com)See also HIKARI glass data sheets,,,2017.0,optical glass,HIKARI-optical/Q-SK52S,1.58286,59.504606,583595,,-0.0037,6.2e-06,243 343,,For mold lens
605,HIKARI Q-SK55S,,,,,,,,,,,,2.95,literature (manufacturer datasheet),,,,,,,specs,HIKARI-optical,365.015,2058.09,Q-SK55S,,1.58682277069368,1.856042e-08,,,,,density 2.95 g/cm3 stated by the manufacturer's datasheet (Q-SK55S); formula NULL: a catalog optical glass (composition proprietary); no x-ray / neutron SLD,,,,,,NIKON Zemax catalog 2017-11 (obtained from http://www.nikon.com)See also HIKARI glass data sheets,,,2017.0,optical glass,HIKARI-optical/Q-SK55S,1.58887,61.131395,589611,,-0.0034,6.6e-06,243 343,,
606,HIKARI SSK1,,,,,,,,,,,,3.6,literature (manufacturer datasheet),,,,,,,specs,HIKARI-optical,400.0,700.0,SSK1,,1.6148017906976968,5.039746e-09,,,,,density 3.6 g/cm3 stated by the manufacturer's datasheet (SSK1); formula NULL: a catalog optical glass (composition proprietary); no x-ray / neutron SLD,,,,,,NIKON Zemax catalog 2017-11 (obtained from http://www.nikon.com)See also HIKARI glass data sheets,,,2017.0,optical glass,HIKARI-optical/SSK1,1.6172,53.959056,617540,,-0.002,7.2e-06,243 343,preferred,
607,HIKARI SSK2,,,,,,,,,,,,3.63,literature (manufacturer datasheet),,,,,,,specs,HIKARI-optical,400.0,700.0,SSK2,,1.6198445078061248,5.039746e-09,,,,,density 3.63 g/cm3 stated by the manufacturer's datasheet (SSK2); formula NULL: a catalog optical glass (composition proprietary); no x-ray / neutron SLD,,,,,,NIKON Zemax catalog 2017-11 (obtained from http://www.nikon.com)See also HIKARI glass data sheets,,,2017.0,optical glass,HIKARI-optical/SSK2,1.6223,53.057571,622531,,-0.0019,7e-06,243 343,preferred,
608,HIKARI SSK8,,,,,,,,,,,,3.23,literature (manufacturer datasheet),,,,,,,specs,HIKARI-optical,400.0,700.0,SSK8,,1.6151301248915395,5.039746e-09,,,,,density 3.23 g/cm3 stated by the manufacturer's datasheet (SSK8); formula NULL: a catalog optical glass (composition proprietary); no x-ray / neutron SLD,,,,,,NIKON Zemax catalog 2017-11 (obtained from http://www.nikon.com)See also HIKARI glass data sheets,,,2017.0,optical glass,HIKARI-optical/SSK8,1.61772,49.779141,618498,,-0.0008,9.7e-06,243 343,preferred,
609,HIKARI E-SSK1,,,,,,,,,,,,3.32,literature (manufacturer datasheet),,,,,,,specs,HIKARI-optical,400.0,700.0,E-SSK1,,1.6147992418013715,0.0,,,,,density 3.32 g/cm3 stated by the manufacturer's datasheet (E-SSK1); formula NULL: a catalog optical glass (composition proprietary); no x-ray / neutron SLD,,,,,,NIKON Zemax catalog 2017-11 (obtained from http://www.nikon.com)See also HIKARI glass data sheets,,,2017.0,optical glass,HIKARI-optical/E-SSK1,1.6172,54.0099,617540,,-0.0016,6.9e-06,243 343,preferred,
610,HIKARI E-SSK5,,,,,,,,,,,,3.82,literature (manufacturer datasheet),,,,,,,specs,HIKARI-optical,400.0,700.0,E-SSK5,,1.6557350086409282,5.039746e-09,,,,,density 3.82 g/cm3 stated by the manufacturer's datasheet (E-SSK5); formula NULL: a catalog optical glass (composition proprietary); no x-ray / neutron SLD,,,,,,NIKON Zemax catalog 2017-11 (obtained from http://www.nikon.com)See also HIKARI glass data sheets,,,2017.0,optical glass,HIKARI-optical/E-SSK5,1.658441,50.892288,658509,,-0.0027,8.2e-06,243 343,preferred,
611,HIKARI E-SSK8,,,,,,,,,,,,3.22,literature (manufacturer datasheet),,,,,,,specs,HIKARI-optical,400.0,700.0,E-SSK8,,1.6151302013020277,3.048768e-08,,,,,density 3.22 g/cm3 stated by the manufacturer's datasheet (E-SSK8); formula NULL: a catalog optical glass (composition proprietary); no x-ray / neutron SLD,,,,,,NIKON Zemax catalog 2017-11 (obtained from http://www.nikon.com)See also HIKARI glass data sheets,,,2017.0,optical glass,HIKARI-optical/E-SSK8,1.61772,49.779142,618498,,-0.0008,9.4e-06,243 343,preferred,
612,HIKARI J-SSK1,,,,,,,,,,,,3.3,literature (manufacturer datasheet),,,,,,,specs,HIKARI-optical,365.015,2058.09,J-SSK1,,1.6147932187441127,2.705172e-08,,,,,density 3.3 g/cm3 stated by the manufacturer's datasheet (J-SSK1); formula NULL: a catalog optical glass (composition proprietary); no x-ray / neutron SLD,,,,,,NIKON Zemax catalog 2017-11 (obtained from http://www.nikon.com)See also HIKARI glass data sheets,,,2017.0,optical glass,HIKARI-optical/J-SSK1,1.6172,53.967464,617540,,-0.0036,5.9e-06,243 343,,
613,HIKARI J-SSK5,,,,,,,,,,,,3.75,literature (manufacturer datasheet),,,,,,,specs,HIKARI-optical,365.015,2058.09,J-SSK5,,1.6557326471846248,1.856042e-08,,,,,density 3.75 g/cm3 stated by the manufacturer's datasheet (J-SSK5); formula NULL: a catalog optical glass (composition proprietary); no x-ray / neutron SLD,,,,,,NIKON Zemax catalog 2017-11 (obtained from http://www.nikon.com)See also HIKARI glass data sheets,,,2017.0,optical glass,HIKARI-optical/J-SSK5,1.65844,50.835655,658508,,-0.0013,7e-06,243 343,,
614,HIKARI J-SSK8,,,,,,,,,,,,3.18,literature (manufacturer datasheet),,,,,,,specs,HIKARI-optical,365.015,2058.09,J-SSK8,,1.6151288311950769,4.226784e-08,,,,,density 3.18 g/cm3 stated by the manufacturer's datasheet (J-SSK8); formula NULL: a catalog optical glass (composition proprietary); no x-ray / neutron SLD,,,,,,NIKON Zemax catalog 2017-11 (obtained from http://www.nikon.com)See also HIKARI glass data sheets,,,2017.0,optical glass,HIKARI-optical/J-SSK8,1.61772,49.813967,618498,,-0.0012,7.4e-06,243 343,,
615,HIKARI E-BK7,,,,,,,,,,,,2.51,literature (manufacturer datasheet),,,,,,,specs,HIKARI-optical,400.0,700.0,E-BK7,,1.5150821437260298,5.039746e-09,,,,,density 2.51 g/cm3 stated by the manufacturer's datasheet (E-BK7); formula NULL: a catalog optical glass (composition proprietary); no x-ray / neutron SLD,,,,,,NIKON Zemax catalog 2017-11 (obtained from http://www.nikon.com)See also HIKARI glass data sheets,,,2017.0,optical glass,HIKARI-optical/E-BK7,1.5168,64.108694,517641,,-0.0011,8.8e-06,243 343,preferred,
616,HIKARI J-BK7,,,,,,,,,,,,2.52,literature (manufacturer datasheet),,,,,,,specs,HIKARI-optical,365.015,2058.09,J-BK7,,1.5150766197563466,2.705172e-08,,,,,density 2.52 g/cm3 stated by the manufacturer's datasheet (J-BK7); formula NULL: a catalog optical glass (composition proprietary); no x-ray / neutron SLD,,,,,,NIKON Zemax catalog 2017-11 (obtained from http://www.nikon.com)See also HIKARI glass data sheets,,,2017.0,optical glass,HIKARI-optical/J-BK7,1.5168,63.880667,517639,,-0.0012,7.1e-06,243 343,preferred,
617,HIKARI J-BK7A,,,,,,,,,,,,2.51,literature (manufacturer datasheet),,,,,,,specs,HIKARI-optical,365.015,2058.09,J-BK7A,,1.5150827964853748,2.705172e-08,,,,,density 2.51 g/cm3 stated by the manufacturer's datasheet (J-BK7A); formula NULL: a catalog optical glass (composition proprietary); no x-ray / neutron SLD,,,,,,NIKON Zemax catalog 2017-11 (obtained from http://www.nikon.com)See also HIKARI glass data sheets,,,2017.0,optical glass,HIKARI-optical/J-BK7A,1.5168,64.12995,517641,,-0.001,7.4e-06,243 343,,
618,HIKARI BAK2,,,,,,,,,,,,2.85,literature (manufacturer datasheet),,,,,,,specs,HIKARI-optical,400.0,700.0,BAK2,,1.5380456881408013,5.039746e-09,,,,,density 2.85 g/cm3 stated by the manufacturer's datasheet (BAK2); formula NULL: a catalog optical glass (composition proprietary); no x-ray / neutron SLD,,,,,,NIKON Zemax catalog 2017-11 (obtained from http://www.nikon.com)See also HIKARI glass data sheets,,,2017.0,optical glass,HIKARI-optical/BAK2,1.53996,59.681919,540597,,0.0021,9.7e-06,243 343,preferred,
619,HIKARI BAK4,,,,,,,,,,,,3.1,literature (manufacturer datasheet),,,,,,,specs,HIKARI-optical,400.0,700.0,BAK4,,1.566687217227965,1.676364e-08,,,,,density 3.1 g/cm3 stated by the manufacturer's datasheet (BAK4); formula NULL: a catalog optical glass (composition proprietary); no x-ray / neutron SLD,,,,,,NIKON Zemax catalog 2017-11 (obtained from http://www.nikon.com)See also HIKARI glass data sheets,,,2017.0,optical glass,HIKARI-optical/BAK4,1.568829,56.049408,569560,,-0.0033,8.3e-06,243 343,preferred,
620,HIKARI E-BAK1,,,,,,,,,,,,3.16,literature (manufacturer datasheet),,,,,,,specs,HIKARI-optical,400.0,700.0,E-BAK1,,1.5704140945748069,5.039746e-09,,,,,density 3.16 g/cm3 stated by the manufacturer's datasheet (E-BAK1); formula NULL: a catalog optical glass (composition proprietary); no x-ray / neutron SLD,,,,,,NIKON Zemax catalog 2017-11 (obtained from http://www.nikon.com)See also HIKARI glass data sheets,,,2017.0,optical glass,HIKARI-optical/E-BAK1,1.5725,57.738955,572577,,0.0003,8.5e-06,243 343,preferred,
621,HIKARI E-BAK2,,,,,,,,,,,,2.79,literature (manufacturer datasheet),,,,,,,specs,HIKARI-optical,400.0,700.0,E-BAK2,,1.5380369587003937,5.039746e-09,,,,,density 2.79 g/cm3 stated by the manufacturer's datasheet (E-BAK2); formula NULL: a catalog optical glass (composition proprietary); no x-ray / neutron SLD,,,,,,NIKON Zemax catalog 2017-11 (obtained from http://www.nikon.com)See also HIKARI glass data sheets,,,2017.0,optical glass,HIKARI-optical/E-BAK2,1.539956,59.455634,540595,,-0.0004,8.5e-06,243 343,preferred,
622,HIKARI E-BAK4,,,,,,,,,,,,3.07,literature (manufacturer datasheet),,,,,,,specs,HIKARI-optical,400.0,700.0,E-BAK4,,1.5667060529324952,5.039746e-09,,,,,density 3.07 g/cm3 stated by the manufacturer's datasheet (E-BAK4); formula NULL: a catalog optical glass (composition proprietary); no x-ray / neutron SLD,,,,,,NIKON Zemax catalog 2017-11 (obtained from http://www.nikon.com)See also HIKARI glass data sheets,,,2017.0,optical glass,HIKARI-optical/E-BAK4,1.568832,56.338294,569563,,-0.001,8.3e-06,243 343,preferred,
623,HIKARI J-BAK1,,,,,,,,,,,,3.17,literature (manufacturer datasheet),,,,,,,specs,HIKARI-optical,365.015,2058.09,J-BAK1,,1.5703943019090605,3.375066e-08,,,,,density 3.17 g/cm3 stated by the manufacturer's datasheet (J-BAK1); formula NULL: a catalog optical glass (composition proprietary); no x-ray / neutron SLD,,,,,,NIKON Zemax catalog 2017-11 (obtained from http://www.nikon.com)See also HIKARI glass data sheets,,,2017.0,optical glass,HIKARI-optical/J-BAK1,1.5725,57.291343,572573,,-0.0011,7.3e-06,243 343,,
624,HIKARI J-BAK2,,,,,,,,,,,,2.84,literature (manufacturer datasheet),,,,,,,specs,HIKARI-optical,365.015,2058.09,J-BAK2,,1.5380421022582196,2.361906e-08,,,,,density 2.84 g/cm3 stated by the manufacturer's datasheet (J-BAK2); formula NULL: a catalog optical glass (composition proprietary); no x-ray / neutron SLD,,,,,,NIKON Zemax catalog 2017-11 (obtained from http://www.nikon.com)See also HIKARI glass data sheets,,,2017.0,optical glass,HIKARI-optical/J-BAK2,1.53996,59.523574,540595,,-0.0008,7.6e-06,243 343,,
625,HIKARI J-BAK4,,,,,,,,,,,,2.84,literature (manufacturer datasheet),,,,,,,specs,HIKARI-optical,365.015,2058.09,J-BAK4,,1.5666898963652034,2.868236e-08,,,,,density 2.84 g/cm3 stated by the manufacturer's datasheet (J-BAK4); formula NULL: a catalog optical glass (composition proprietary); no x-ray / neutron SLD,,,,,,NIKON Zemax catalog 2017-11 (obtained from http://www.nikon.com)See also HIKARI glass data sheets,,,2017.0,optical glass,HIKARI-optical/J-BAK4,1.56883,56.000795,569560,,-0.002,7e-06,243 343,,
626,HIKARI E-FK01,,,,,,,,,,,,3.61,literature (manufacturer datasheet),,,,,,,specs,HIKARI-optical,400.0,700.0,E-FK01,,1.4957100336552196,5.039746e-09,,,,,density 3.61 g/cm3 stated by the manufacturer's datasheet (E-FK01); formula NULL: a catalog optical glass (composition proprietary); no x-ray / neutron SLD,,,,,,NIKON Zemax catalog 2017-11 (obtained from http://www.nikon.com)See also HIKARI glass data sheets,,,2017.0,optical glass,HIKARI-optical/E-FK01,1.497,81.629798,497816,,0.0299,1.48e-05,243 343,preferred,
627,HIKARI E-FKH1,,,,,,,,,,,,3.87,literature (manufacturer datasheet),,,,,,,specs,HIKARI-optical,400.0,700.0,E-FKH1,,1.4965418723414314,5.039746e-09,,,,,density 3.87 g/cm3 stated by the manufacturer's datasheet (E-FKH1); formula NULL: a catalog optical glass (composition proprietary); no x-ray / neutron SLD,,,,,,NIKON Zemax catalog 2017-11 (obtained from http://www.nikon.com)See also HIKARI glass data sheets,,,2017.0,optical glass,HIKARI-optical/E-FKH1,1.49782,82.515656,498825,,0.0331,1.53e-05,243 343,preferred,
628,HIKARI E-FKH2,,,,,,,,,,,,3.68,literature (manufacturer datasheet),,,,,,,specs,HIKARI-optical,400.0,700.0,E-FKH2,,1.4549381239195949,4.226784e-08,,,,,density 3.68 g/cm3 stated by the manufacturer's datasheet (E-FKH2); formula NULL: a catalog optical glass (composition proprietary); no x-ray / neutron SLD,,,,,,NIKON Zemax catalog 2017-11 (obtained from http://www.nikon.com)See also HIKARI glass data sheets,,,2017.0,optical glass,HIKARI-optical/E-FKH2,1.456,91.320735,456913,,0.0435,1.6e-05,243 343,preferred,
629,HIKARI E-FK5,,,,,,,,,,,,2.45,literature (manufacturer datasheet),,,,,,,specs,HIKARI-optical,400.0,700.0,E-FK5,,1.4860050373641798,3.719058e-08,,,,,density 2.45 g/cm3 stated by the manufacturer's datasheet (E-FK5); formula NULL: a catalog optical glass (composition proprietary); no x-ray / neutron SLD,,,,,,NIKON Zemax catalog 2017-11 (obtained from http://www.nikon.com)See also HIKARI glass data sheets,,,2017.0,optical glass,HIKARI-optical/E-FK5,1.48749,70.406429,487704,,0.0027,1.01e-05,243 343,preferred,
630,HIKARI J-FK01,,,,,,,,,,,,3.69,literature (manufacturer datasheet),,,,,,,specs,HIKARI-optical,365.015,2058.09,J-FK01,,1.4957087521208787,4.226784e-08,,,,,density 3.69 g/cm3 stated by the manufacturer's datasheet (J-FK01); formula NULL: a catalog optical glass (composition proprietary); no x-ray / neutron SLD,,,,,,NIKON Zemax catalog 2017-11 (obtained from http://www.nikon.com)See also HIKARI glass data sheets,,,2017.0,optical glass,HIKARI-optical/J-FK01,1.497,81.730179,497817,,0.0299,1.22e-05,243 343,preferred,
631,HIKARI J-FK01A,,,,,,,,,,,,3.65,literature (manufacturer datasheet),,,,,,,specs,HIKARI-optical,365.015,2058.09,J-FK01A,,1.4957074534327166,4.2097460000000004e-08,,,,,density 3.65 g/cm3 stated by the manufacturer's datasheet (J-FK01A); formula NULL: a catalog optical glass (composition proprietary); no x-ray / neutron SLD,,,,,,NIKON Zemax catalog 2017-11 (obtained from http://www.nikon.com)See also HIKARI glass data sheets,,,2017.0,optical glass,HIKARI-optical/J-FK01A,1.497,81.63862,497816,,0.0298,1.2e-05,243 343,,
632,HIKARI J-FKH1,,,,,,,,,,,,3.86,literature (manufacturer datasheet),,,,,,,specs,HIKARI-optical,365.015,2058.09,J-FKH1,,1.4965420178294746,3.03147e-08,,,,,density 3.86 g/cm3 stated by the manufacturer's datasheet (J-FKH1); formula NULL: a catalog optical glass (composition proprietary); no x-ray / neutron SLD,,,,,,NIKON Zemax catalog 2017-11 (obtained from http://www.nikon.com)See also HIKARI glass data sheets,,,2017.0,optical glass,HIKARI-optical/J-FKH1,1.49782,82.571305,498826,,0.0327,1.29e-05,243 343,,
633,HIKARI J-FKH2,,,,,,,,,,,,3.67,literature (manufacturer datasheet),,,,,,,specs,HIKARI-optical,365.015,2058.09,J-FKH2,,1.4549376424180969,2.01897e-08,,,,,density 3.67 g/cm3 stated by the manufacturer's datasheet (J-FKH2); formula NULL: a catalog optical glass (composition proprietary); no x-ray / neutron SLD,,,,,,NIKON Zemax catalog 2017-11 (obtained from http://www.nikon.com)See also HIKARI glass data sheets,,,2017.0,optical glass,HIKARI-optical/J-FKH2,1.456,91.374829,456914,,0.0431,1.34e-05,243 343,,
634,HIKARI J-FK5,,,,,,,,,,,,2.45,literature (manufacturer datasheet),,,,,,,specs,HIKARI-optical,365.015,2058.09,J-FK5,,1.4860034039339682,1.856042e-08,,,,,density 2.45 g/cm3 stated by the manufacturer's datasheet (J-FK5); formula NULL: a catalog optical glass (composition proprietary); no x-ray / neutron SLD,,,,,,NIKON Zemax catalog 2017-11 (obtained from http://www.nikon.com)See also HIKARI glass data sheets,,,2017.0,optical glass,HIKARI-optical/J-FK5,1.48749,70.318793,487703,,0.0027,8.9e-06,243 343,,
635,HIKARI P-FK01S,,,,,,,,,,,,3.61,literature (manufacturer datasheet),,,,,,,specs,HIKARI-optical,400.0,700.0,P-FK01S,,1.4951984018791529,5.039746e-09,,,,,density 3.61 g/cm3 stated by the manufacturer's datasheet (P-FK01S); formula NULL: a catalog optical glass (composition proprietary); no x-ray / neutron SLD,,,,,,NIKON Zemax catalog 2017-11 (obtained from http://www.nikon.com)See also HIKARI glass data sheets,,,2017.0,optical glass,HIKARI-optical/P-FK01S,1.496488,81.546118,496815,,0.0297,1.48e-05,243 343,preferred,Low Tg glass
636,HIKARI P-FK2S,,,,,,,,,,,,3.68,literature (manufacturer datasheet),,,,,,,specs,HIKARI-optical,400.0,700.0,P-FK2S,,1.4545580395002433,4.226784e-08,,,,,density 3.68 g/cm3 stated by the manufacturer's datasheet (P-FK2S); formula NULL: a catalog optical glass (composition proprietary); no x-ray / neutron SLD,,,,,,NIKON Zemax catalog 2017-11 (obtained from http://www.nikon.com)See also HIKARI glass data sheets,,,2017.0,optical glass,HIKARI-optical/P-FK2S,1.45562,91.248565,456912,,0.0437,1.6e-05,243 343,preferred,Low Tg glass
637,HIKARI Q-FK01S,,,,,,,,,,,,3.61,literature (manufacturer datasheet),,,,,,,specs,HIKARI-optical,365.015,2058.09,Q-FK01S,,1.4951992282493822,4.226784e-08,,,,,density 3.61 g/cm3 stated by the manufacturer's datasheet (Q-FK01S); formula NULL: a catalog optical glass (composition proprietary); no x-ray / neutron SLD,,,,,,NIKON Zemax catalog 2017-11 (obtained from http://www.nikon.com)See also HIKARI glass data sheets,,,2017.0,optical glass,HIKARI-optical/Q-FK01S,1.49649,81.671513,496817,,0.0298,1.24e-05,243 343,,For mold lens
638,HIKARI Q-FK2S,,,,,,,,,,,,3.67,literature (manufacturer datasheet),,,,,,,specs,HIKARI-optical,365.015,2058.09,Q-FK2S,,1.454557559232607,2.01897e-08,,,,,density 3.67 g/cm3 stated by the manufacturer's datasheet (Q-FK2S); formula NULL: a catalog optical glass (composition proprietary); no x-ray / neutron SLD,,,,,,NIKON Zemax catalog 2017-11 (obtained from http://www.nikon.com)See also HIKARI glass data sheets,,,2017.0,optical glass,HIKARI-optical/Q-FK2S,1.45562,91.307727,456913,,0.0431,1.34e-05,243 343,,For mold lens
639,HIKARI LAK04,,,,,,,,,,,,3.28,literature (manufacturer datasheet),,,,,,,specs,HIKARI-optical,400.0,700.0,LAK04,,1.6485602451579333,1.513436e-08,,,,,density 3.28 g/cm3 stated by the manufacturer's datasheet (LAK04); formula NULL: a catalog optical glass (composition proprietary); no x-ray / neutron SLD,,,,,,NIKON Zemax catalog 2017-11 (obtained from http://www.nikon.com)See also HIKARI glass data sheets,,,2017.0,optical glass,HIKARI-optical/LAK04,1.651,56.171381,651562,,-0.0012,8e-06,243 343,preferred,
640,HIKARI LAK7,,,,,,,,,,,,3.32,literature (manufacturer datasheet),,,,,,,specs,HIKARI-optical,400.0,700.0,LAK7,,1.6492461028660872,5.039746e-09,,,,,density 3.32 g/cm3 stated by the manufacturer's datasheet (LAK7); formula NULL: a catalog optical glass (composition proprietary); no x-ray / neutron SLD,,,,,,NIKON Zemax catalog 2017-11 (obtained from http://www.nikon.com)See also HIKARI glass data sheets,,,2017.0,optical glass,HIKARI-optical/LAK7,1.651599,58.55298,652586,,-0.0032,8.7e-06,243 343,preferred,
641,HIKARI LAK9,,,,,,,,,,,,3.46,literature (manufacturer datasheet),,,,,,,specs,HIKARI-optical,400.0,700.0,LAK9,,1.6883286400059596,2.01897e-08,,,,,density 3.46 g/cm3 stated by the manufacturer's datasheet (LAK9); formula NULL: a catalog optical glass (composition proprietary); no x-ray / neutron SLD,,,,,,NIKON Zemax catalog 2017-11 (obtained from http://www.nikon.com)See also HIKARI glass data sheets,,,2017.0,optical glass,HIKARI-optical/LAK9,1.691,54.814152,691548,,-0.0088,7.7e-06,243 343,preferred,
642,HIKARI LAK09,,,,,,,,,,,,4.03,literature (manufacturer datasheet),,,,,,,specs,HIKARI-optical,400.0,700.0,LAK09,,1.7310000397669438,0.0,,,,,density 4.03 g/cm3 stated by the manufacturer's datasheet (LAK09); formula NULL: a catalog optical glass (composition proprietary); no x-ray / neutron SLD,,,,,,NIKON Zemax catalog 2017-11 (obtained from http://www.nikon.com)See also HIKARI glass data sheets,,,2017.0,optical glass,HIKARI-optical/LAK09,1.734,51.483018,734515,,-0.0101,6.8e-06,243 343,preferred,
643,HIKARI LAK011,,,,,,,,,,,,4.15,literature (manufacturer datasheet),,,,,,,specs,HIKARI-optical,400.0,700.0,LAK011,,1.7380335404270344,5.039746e-09,,,,,density 4.15 g/cm3 stated by the manufacturer's datasheet (LAK011); formula NULL: a catalog optical glass (composition proprietary); no x-ray / neutron SLD,,,,,,NIKON Zemax catalog 2017-11 (obtained from http://www.nikon.com)See also HIKARI glass data sheets,,,2017.0,optical glass,HIKARI-optical/LAK011,1.741,52.672067,741527,,-0.01,7e-06,243 343,preferred,
644,HIKARI LAK12,,,,,,,,,,,,4.0,literature (manufacturer datasheet),,,,,,,specs,HIKARI-optical,400.0,700.0,LAK12,,1.6753192310339033,5.039746e-09,,,,,density 4.0 g/cm3 stated by the manufacturer's datasheet (LAK12); formula NULL: a catalog optical glass (composition proprietary); no x-ray / neutron SLD,,,,,,NIKON Zemax catalog 2017-11 (obtained from http://www.nikon.com)See also HIKARI glass data sheets,,,2017.0,optical glass,HIKARI-optical/LAK12,1.6779,55.397516,678554,,-0.007,8.6e-06,243 343,preferred,
645,HIKARI E-LAK01,,,,,,,,,,,,3.01,literature (manufacturer datasheet),,,,,,,specs,HIKARI-optical,400.0,700.0,E-LAK01,,1.6377327588529331,2.182034e-08,,,,,density 3.01 g/cm3 stated by the manufacturer's datasheet (E-LAK01); formula NULL: a catalog optical glass (composition proprietary); no x-ray / neutron SLD,,,,,,NIKON Zemax catalog 2017-11 (obtained from http://www.nikon.com)See also HIKARI glass data sheets,,,2017.0,optical glass,HIKARI-optical/E-LAK01,1.639999,60.087359,640601,,-0.0059,7.7e-06,243 343,preferred,
646,HIKARI E-LAKH1,,,,,,,,,,,,4.23,literature (manufacturer datasheet),,,,,,,specs,HIKARI-optical,400.0,700.0,E-LAKH1,,1.7450839721304132,5.039746e-09,,,,,density 4.23 g/cm3 stated by the manufacturer's datasheet (E-LAKH1); formula NULL: a catalog optical glass (composition proprietary); no x-ray / neutron SLD,,,,,,NIKON Zemax catalog 2017-11 (obtained from http://www.nikon.com)See also HIKARI glass data sheets,,,2017.0,optical glass,HIKARI-optical/E-LAKH1,1.748099,52.304982,748523,,-0.0094,6.9e-06,243 343,preferred,
647,HIKARI E-LAK02,,,,,,,,,,,,3.74,literature (manufacturer datasheet),,,,,,,specs,HIKARI-optical,400.0,700.0,E-LAK02,,1.6675323387390488,5.039746e-09,,,,,density 3.74 g/cm3 stated by the manufacturer's datasheet (E-LAK02); formula NULL: a catalog optical glass (composition proprietary); no x-ray / neutron SLD,,,,,,NIKON Zemax catalog 2017-11 (obtained from http://www.nikon.com)See also HIKARI glass data sheets,,,2017.0,optical glass,HIKARI-optical/E-LAK02,1.67,57.344444,670573,,-0.0045,8.8e-06,243 343,preferred,
648,HIKARI E-LAK04,,,,,,,,,,,,3.26,literature (manufacturer datasheet),,,,,,,specs,HIKARI-optical,400.0,700.0,E-LAK04,,1.6485601242967407,0.0,,,,,density 3.26 g/cm3 stated by the manufacturer's datasheet (E-LAK04); formula NULL: a catalog optical glass (composition proprietary); no x-ray / neutron SLD,,,,,,NIKON Zemax catalog 2017-11 (obtained from http://www.nikon.com)See also HIKARI glass data sheets,,,2017.0,optical glass,HIKARI-optical/E-LAK04,1.651,56.171366,651562,,-0.0012,8.1e-06,243 343,preferred,
649,HIKARI E-LAK06,,,,,,,,,,,,3.86,literature (manufacturer datasheet),,,,,,,specs,HIKARI-optical,400.0,700.0,E-LAK06,,1.6751084694659188,0.0,,,,,density 3.86 g/cm3 stated by the manufacturer's datasheet (E-LAK06); formula NULL: a catalog optical glass (composition proprietary); no x-ray / neutron SLD,,,,,,NIKON Zemax catalog 2017-11 (obtained from http://www.nikon.com)See also HIKARI glass data sheets,,,2017.0,optical glass,HIKARI-optical/E-LAK06,1.6779,50.708792,678507,,-0.0027,9.5e-06,243 343,preferred,
650,HIKARI E-LAK7,,,,,,,,,,,,3.3,literature (manufacturer datasheet),,,,,,,specs,HIKARI-optical,400.0,700.0,E-LAK7,,1.6492412014628046,3.358448e-08,,,,,density 3.3 g/cm3 stated by the manufacturer's datasheet (E-LAK7); formula NULL: a catalog optical glass (composition proprietary); no x-ray / neutron SLD,,,,,,NIKON Zemax catalog 2017-11 (obtained from http://www.nikon.com)See also HIKARI glass data sheets,,,2017.0,optical glass,HIKARI-optical/E-LAK7,1.651597,58.543058,652585,,-0.0039,8.1e-06,243 343,preferred,
651,HIKARI E-LAK8,,,,,,,,,,,,3.72,literature (manufacturer datasheet),,,,,,,specs,HIKARI-optical,400.0,700.0,E-LAK8,,1.7102016342796575,5.039746e-09,,,,,density 3.72 g/cm3 stated by the manufacturer's datasheet (E-LAK8); formula NULL: a catalog optical glass (composition proprietary); no x-ray / neutron SLD,,,,,,NIKON Zemax catalog 2017-11 (obtained from http://www.nikon.com)See also HIKARI glass data sheets,,,2017.0,optical glass,HIKARI-optical/E-LAK8,1.712995,53.875777,713539,,-0.0081,6.8e-06,243 343,preferred,
652,HIKARI E-LAK9,,,,,,,,,,,,3.48,literature (manufacturer datasheet),,,,,,,specs,HIKARI-optical,400.0,700.0,E-LAK9,,1.6883285043499365,0.0,,,,,density 3.48 g/cm3 stated by the manufacturer's datasheet (E-LAK9); formula NULL: a catalog optical glass (composition proprietary); no x-ray / neutron SLD,,,,,,NIKON Zemax catalog 2017-11 (obtained from http://www.nikon.com)See also HIKARI glass data sheets,,,2017.0,optical glass,HIKARI-optical/E-LAK9,1.691,54.814122,691548,,-0.0088,7.5e-06,243 343,preferred,
653,HIKARI E-LAK09,,,,,,,,,,,,4.059,literature (manufacturer datasheet),,,,,,,specs,HIKARI-optical,400.0,700.0,E-LAK09,,1.731000131473255,5.039746e-09,,,,,density 4.059 g/cm3 stated by the manufacturer's datasheet (E-LAK09); formula NULL: a catalog optical glass (composition proprietary); no x-ray / neutron SLD,,,,,,NIKON Zemax catalog 2017-11 (obtained from http://www.nikon.com)See also HIKARI glass data sheets,,,2017.0,optical glass,HIKARI-optical/E-LAK09,1.734,51.483015,734515,,-0.0101,6.9e-06,243 343,preferred,
654,HIKARI E-LAK10,,,,,,,,,,,,3.74,literature (manufacturer datasheet),,,,,,,specs,HIKARI-optical,400.0,700.0,E-LAK10,,1.7169897490807282,5.039746e-09,,,,,density 3.74 g/cm3 stated by the manufacturer's datasheet (E-LAK10); formula NULL: a catalog optical glass (composition proprietary); no x-ray / neutron SLD,,,,,,NIKON Zemax catalog 2017-11 (obtained from http://www.nikon.com)See also HIKARI glass data sheets,,,2017.0,optical glass,HIKARI-optical/E-LAK10,1.719995,50.228454,720502,,-0.0065,8.2e-06,243 343,preferred,
655,HIKARI E-LAK011,,,,,,,,,,,,4.19,literature (manufacturer datasheet),,,,,,,specs,HIKARI-optical,400.0,700.0,E-LAK011,,1.7380336575935846,5.039746e-09,,,,,density 4.19 g/cm3 stated by the manufacturer's datasheet (E-LAK011); formula NULL: a catalog optical glass (composition proprietary); no x-ray / neutron SLD,,,,,,NIKON Zemax catalog 2017-11 (obtained from http://www.nikon.com)See also HIKARI glass data sheets,,,2017.0,optical glass,HIKARI-optical/E-LAK011,1.741,52.672087,741527,,-0.01,6.7e-06,243 343,preferred,
656,HIKARI E-LAK12,,,,,,,,,,,,3.96,literature (manufacturer datasheet),,,,,,,specs,HIKARI-optical,400.0,700.0,E-LAK12,,1.675319096750675,1.0084326000000001e-08,,,,,density 3.96 g/cm3 stated by the manufacturer's datasheet (E-LAK12); formula NULL: a catalog optical glass (composition proprietary); no x-ray / neutron SLD,,,,,,NIKON Zemax catalog 2017-11 (obtained from http://www.nikon.com)See also HIKARI glass data sheets,,,2017.0,optical glass,HIKARI-optical/E-LAK12,1.6779,55.397503,678554,,-0.007,8.1e-06,243 343,preferred,
657,HIKARI E-LAK13,,,,,,,,,,,,3.68,literature (manufacturer datasheet),,,,,,,specs,HIKARI-optical,400.0,700.0,E-LAK13,,1.6907533602291882,5.039746e-09,,,,,density 3.68 g/cm3 stated by the manufacturer's datasheet (E-LAK13); formula NULL: a catalog optical glass (composition proprietary); no x-ray / neutron SLD,,,,,,NIKON Zemax catalog 2017-11 (obtained from http://www.nikon.com)See also HIKARI glass data sheets,,,2017.0,optical glass,HIKARI-optical/E-LAK13,1.693501,53.203153,694532,,-0.0078,7.4e-06,243 343,preferred,
658,HIKARI E-LAK14,,,,,,,,,,,,3.64,literature (manufacturer datasheet),,,,,,,specs,HIKARI-optical,400.0,700.0,E-LAK14,,1.6941417848549922,5.039746e-09,,,,,density 3.64 g/cm3 stated by the manufacturer's datasheet (E-LAK14); formula NULL: a catalog optical glass (composition proprietary); no x-ray / neutron SLD,,,,,,NIKON Zemax catalog 2017-11 (obtained from http://www.nikon.com)See also HIKARI glass data sheets,,,2017.0,optical glass,HIKARI-optical/E-LAK14,1.696797,55.523908,697555,,-0.008,6.9e-06,243 343,preferred,
659,HIKARI E-LAK18,,,,,,,,,,,,4.16,literature (manufacturer datasheet),,,,,,,specs,HIKARI-optical,400.0,700.0,E-LAK18,,1.7263382215016156,5.039746e-09,,,,,density 4.16 g/cm3 stated by the manufacturer's datasheet (E-LAK18); formula NULL: a catalog optical glass (composition proprietary); no x-ray / neutron SLD,,,,,,NIKON Zemax catalog 2017-11 (obtained from http://www.nikon.com)See also HIKARI glass data sheets,,,2017.0,optical glass,HIKARI-optical/E-LAK18,1.729157,54.658831,729547,,-0.0084,6.9e-06,243 343,preferred,
660,HIKARI J-LAK01,,,,,,,,,,,,3.01,literature (manufacturer datasheet),,,,,,,specs,HIKARI-optical,365.015,2058.09,J-LAK01,,1.6377380700028945,3.53847e-08,,,,,density 3.01 g/cm3 stated by the manufacturer's datasheet (J-LAK01); formula NULL: a catalog optical glass (composition proprietary); no x-ray / neutron SLD,,,,,,NIKON Zemax catalog 2017-11 (obtained from http://www.nikon.com)See also HIKARI glass data sheets,,,2017.0,optical glass,HIKARI-optical/J-LAK01,1.64,60.193092,640602,,-0.0056,6e-06,243 343,,
661,HIKARI J-LAK02,,,,,,,,,,,,3.75,literature (manufacturer datasheet),,,,,,,specs,HIKARI-optical,365.015,2058.09,J-LAK02,,1.6675275229259756,2.361906e-08,,,,,density 3.75 g/cm3 stated by the manufacturer's datasheet (J-LAK02); formula NULL: a catalog optical glass (composition proprietary); no x-ray / neutron SLD,,,,,,NIKON Zemax catalog 2017-11 (obtained from http://www.nikon.com)See also HIKARI glass data sheets,,,2017.0,optical glass,HIKARI-optical/J-LAK02,1.67,57.349561,670573,,-0.0053,6.3e-06,243 343,,
662,HIKARI J-LAK04,,,,,,,,,,,,3.27,literature (manufacturer datasheet),,,,,,,specs,HIKARI-optical,365.015,2058.09,J-LAK04,,1.6485569515303253,8.458480000000001e-09,,,,,density 3.27 g/cm3 stated by the manufacturer's datasheet (J-LAK04); formula NULL: a catalog optical glass (composition proprietary); no x-ray / neutron SLD,,,,,,NIKON Zemax catalog 2017-11 (obtained from http://www.nikon.com)See also HIKARI glass data sheets,,,2017.0,optical glass,HIKARI-optical/J-LAK04,1.651,56.237891,651562,,-0.0047,6.6e-06,243 343,preferred,
663,HIKARI J-LAK06,,,,,,,,,,,,3.83,literature (manufacturer datasheet),,,,,,,specs,HIKARI-optical,365.015,2058.09,J-LAK06,,1.675099368755633,2.5249699999999998e-08,,,,,density 3.83 g/cm3 stated by the manufacturer's datasheet (J-LAK06); formula NULL: a catalog optical glass (composition proprietary); no x-ray / neutron SLD,,,,,,NIKON Zemax catalog 2017-11 (obtained from http://www.nikon.com)See also HIKARI glass data sheets,,,2017.0,optical glass,HIKARI-optical/J-LAK06,1.6779,50.668606,678507,,-0.0038,6.3e-06,243 343,preferred,
664,HIKARI J-LAK7,,,,,,,,,,,,3.3,literature (manufacturer datasheet),,,,,,,specs,HIKARI-optical,365.015,2058.09,J-LAK7,,1.649243230162199,2.705172e-08,,,,,density 3.3 g/cm3 stated by the manufacturer's datasheet (J-LAK7); formula NULL: a catalog optical glass (composition proprietary); no x-ray / neutron SLD,,,,,,NIKON Zemax catalog 2017-11 (obtained from http://www.nikon.com)See also HIKARI glass data sheets,,,2017.0,optical glass,HIKARI-optical/J-LAK7,1.6516,58.5717,652586,,-0.0045,6.6e-06,243 343,,
665,HIKARI J-LAK7R,,,,,,,,,,,,3.34,literature (manufacturer datasheet),,,,,,,specs,HIKARI-optical,365.015,2058.09,J-LAK7R,,1.6492436105500021,3.53847e-08,,,,,density 3.34 g/cm3 stated by the manufacturer's datasheet (J-LAK7R); formula NULL: a catalog optical glass (composition proprietary); no x-ray / neutron SLD,,,,,,NIKON Zemax catalog 2017-11 (obtained from http://www.nikon.com)See also HIKARI glass data sheets,,,2017.0,optical glass,HIKARI-optical/J-LAK7R,1.6516,58.618566,652586,,-0.0051,6.1e-06,243 343,,
666,HIKARI J-LAK8,,,,,,,,,,,,3.72,literature (manufacturer datasheet),,,,,,,specs,HIKARI-optical,365.015,2058.09,J-LAK8,,1.710208643380846,1.3507085999999999e-08,,,,,density 3.72 g/cm3 stated by the manufacturer's datasheet (J-LAK8); formula NULL: a catalog optical glass (composition proprietary); no x-ray / neutron SLD,,,,,,NIKON Zemax catalog 2017-11 (obtained from http://www.nikon.com)See also HIKARI glass data sheets,,,2017.0,optical glass,HIKARI-optical/J-LAK8,1.713,53.95877,713540,,-0.0086,5.3e-06,243 343,,
667,HIKARI J-LAK9,,,,,,,,,,,,3.48,literature (manufacturer datasheet),,,,,,,specs,HIKARI-optical,365.015,2058.09,J-LAK9,,1.6883404489738492,3.211832e-08,,,,,density 3.48 g/cm3 stated by the manufacturer's datasheet (J-LAK9); formula NULL: a catalog optical glass (composition proprietary); no x-ray / neutron SLD,,,,,,NIKON Zemax catalog 2017-11 (obtained from http://www.nikon.com)See also HIKARI glass data sheets,,,2017.0,optical glass,HIKARI-optical/J-LAK9,1.691,54.934151,691549,,-0.0079,5.9e-06,243 343,preferred,
668,HIKARI J-LAK09,,,,,,,,,,,,4.0,literature (manufacturer datasheet),,,,,,,specs,HIKARI-optical,365.015,2058.09,J-LAK09,,1.7309971852195987,2.705172e-08,,,,,density 4.0 g/cm3 stated by the manufacturer's datasheet (J-LAK09); formula NULL: a catalog optical glass (composition proprietary); no x-ray / neutron SLD,,,,,,NIKON Zemax catalog 2017-11 (obtained from http://www.nikon.com)See also HIKARI glass data sheets,,,2017.0,optical glass,HIKARI-optical/J-LAK09,1.734,51.508682,734515,,-0.0099,4.9e-06,243 343,,
669,HIKARI J-LAK10,,,,,,,,,,,,3.74,literature (manufacturer datasheet),,,,,,,specs,HIKARI-optical,365.015,2058.09,J-LAK10,,1.7169852013419549,1.5134359999999997e-08,,,,,density 3.74 g/cm3 stated by the manufacturer's datasheet (J-LAK10); formula NULL: a catalog optical glass (composition proprietary); no x-ray / neutron SLD,,,,,,NIKON Zemax catalog 2017-11 (obtained from http://www.nikon.com)See also HIKARI glass data sheets,,,2017.0,optical glass,HIKARI-optical/J-LAK10,1.71999,50.267183,720503,,0.0016,6.5e-06,243 343,,
670,HIKARI J-LAK011,,,,,,,,,,,,4.19,literature (manufacturer datasheet),,,,,,,specs,HIKARI-optical,365.015,2058.09,J-LAK011,,1.7380396316641782,3.375066e-08,,,,,density 4.19 g/cm3 stated by the manufacturer's datasheet (J-LAK011); formula NULL: a catalog optical glass (composition proprietary); no x-ray / neutron SLD,,,,,,NIKON Zemax catalog 2017-11 (obtained from http://www.nikon.com)See also HIKARI glass data sheets,,,2017.0,optical glass,HIKARI-optical/J-LAK011,1.741,52.765834,741528,,-0.0086,5.3e-06,243 343,,
671,HIKARI J-LAK12,,,,,,,,,,,,3.78,literature (manufacturer datasheet),,,,,,,specs,HIKARI-optical,365.015,2058.09,J-LAK12,,1.6753187216130545,3.03147e-08,,,,,density 3.78 g/cm3 stated by the manufacturer's datasheet (J-LAK12); formula NULL: a catalog optical glass (composition proprietary); no x-ray / neutron SLD,,,,,,NIKON Zemax catalog 2017-11 (obtained from http://www.nikon.com)See also HIKARI glass data sheets,,,2017.0,optical glass,HIKARI-optical/J-LAK12,1.6779,55.348146,678553,,-0.0045,7.8e-06,243 343,,
672,HIKARI J-LAK13,,,,,,,,,,,,3.69,literature (manufacturer datasheet),,,,,,,specs,HIKARI-optical,365.015,2058.09,J-LAK13,,1.6907541634353969,3.53847e-08,,,,,density 3.69 g/cm3 stated by the manufacturer's datasheet (J-LAK13); formula NULL: a catalog optical glass (composition proprietary); no x-ray / neutron SLD,,,,,,NIKON Zemax catalog 2017-11 (obtained from http://www.nikon.com)See also HIKARI glass data sheets,,,2017.0,optical glass,HIKARI-optical/J-LAK13,1.6935,53.20315,694532,,-0.0071,6e-06,243 343,,
673,HIKARI J-LAK14,,,,,,,,,,,,3.63,literature (manufacturer datasheet),,,,,,,specs,HIKARI-optical,365.015,2058.09,J-LAK14,,1.694143438183537,2.868236e-08,,,,,density 3.63 g/cm3 stated by the manufacturer's datasheet (J-LAK14); formula NULL: a catalog optical glass (composition proprietary); no x-ray / neutron SLD,,,,,,NIKON Zemax catalog 2017-11 (obtained from http://www.nikon.com)See also HIKARI glass data sheets,,,2017.0,optical glass,HIKARI-optical/J-LAK14,1.6968,55.520369,697555,,-0.0082,5.6e-06,243 343,,
674,HIKARI J-LAK18,,,,,,,,,,,,4.17,literature (manufacturer datasheet),,,,,,,specs,HIKARI-optical,365.015,2058.09,J-LAK18,,1.7263377822701775,2.5249699999999998e-08,,,,,density 4.17 g/cm3 stated by the manufacturer's datasheet (J-LAK18); formula NULL: a catalog optical glass (composition proprietary); no x-ray / neutron SLD,,,,,,NIKON Zemax catalog 2017-11 (obtained from http://www.nikon.com)See also HIKARI glass data sheets,,,2017.0,optical glass,HIKARI-optical/J-LAK18,1.72916,54.611531,729546,,-0.0085,5.6e-06,243 343,,
675,HIKARI P-LAK13S,,,,,,,,,,,,3.73,literature (manufacturer datasheet),,,,,,,specs,HIKARI-optical,400.0,700.0,P-LAK13S,,1.6944428185787004,2.198978e-08,,,,,density 3.73 g/cm3 stated by the manufacturer's datasheet (P-LAK13S); formula NULL: a catalog optical glass (composition proprietary); no x-ray / neutron SLD,,,,,,NIKON Zemax catalog 2017-11 (obtained from http://www.nikon.com)See also HIKARI glass data sheets,,,2017.0,optical glass,HIKARI-optical/P-LAK13S,1.6972,53.210741,697532,,-0.0062,9.2e-06,243 343,preferred,Low Tg glass
676,HIKARI Q-LAK13S,,,,,,,,,,,,3.74,literature (manufacturer datasheet),,,,,,,specs,HIKARI-optical,365.015,2058.09,Q-LAK13S,,1.6944458154135091,1.5134359999999997e-08,,,,,density 3.74 g/cm3 stated by the manufacturer's datasheet (Q-LAK13S); formula NULL: a catalog optical glass (composition proprietary); no x-ray / neutron SLD,,,,,,NIKON Zemax catalog 2017-11 (obtained from http://www.nikon.com)See also HIKARI glass data sheets,,,2017.0,optical glass,HIKARI-optical/Q-LAK13S,1.6972,53.288704,697533,,-0.0067,7.1e-06,243 343,preferred,For mold lens
677,HIKARI Q-LAK52S,,,,,,,,,,,,3.55,literature (manufacturer datasheet),,,,,,,specs,HIKARI-optical,365.015,2058.09,Q-LAK52S,,1.6753706534238328,1.856042e-08,,,,,density 3.55 g/cm3 stated by the manufacturer's datasheet (Q-LAK52S); formula NULL: a catalog optical glass (composition proprietary); no x-ray / neutron SLD,,,,,,NIKON Zemax catalog 2017-11 (obtained from http://www.nikon.com)See also HIKARI glass data sheets,,,2017.0,optical glass,HIKARI-optical/Q-LAK52S,1.67798,54.893431,678549,,-0.0074,5.9e-06,243 343,,For mold lens
678,HIKARI Q-LAK53S,,,,,,,,,,,,3.66,literature (manufacturer datasheet),,,,,,,specs,HIKARI-optical,365.015,2058.09,Q-LAK53S,,1.6906886304170747,2.361906e-08,,,,,density 3.66 g/cm3 stated by the manufacturer's datasheet (Q-LAK53S); formula NULL: a catalog optical glass (composition proprietary); no x-ray / neutron SLD,,,,,,NIKON Zemax catalog 2017-11 (obtained from http://www.nikon.com)See also HIKARI glass data sheets,,,2017.0,optical glass,HIKARI-optical/Q-LAK53S,1.69343,53.300774,693533,,-0.0074,6.7e-06,243 343,,For mold lens
679,HIKARI E-LASKH2,,,,,,,,,,,,4.29,literature (manufacturer datasheet),,,,,,,specs,HIKARI-optical,400.0,700.0,E-LASKH2,,1.7519580815631413,5.039746e-09,,,,,density 4.29 g/cm3 stated by the manufacturer's datasheet (E-LASKH2); formula NULL: a catalog optical glass (composition proprietary); no x-ray / neutron SLD,,,,,,NIKON Zemax catalog 2017-11 (obtained from http://www.nikon.com)See also HIKARI glass data sheets,,,2017.0,optical glass,HIKARI-optical/E-LASKH2,1.754999,52.314919,755523,,-0.0091,7e-06,243 343,preferred,
680,HIKARI J-LASKH2,,,,,,,,,,,,4.29,literature (manufacturer datasheet),,,,,,,specs,HIKARI-optical,365.015,2058.09,J-LASKH2,,1.7519602880025187,3.53847e-08,,,,,density 4.29 g/cm3 stated by the manufacturer's datasheet (J-LASKH2); formula NULL: a catalog optical glass (composition proprietary); no x-ray / neutron SLD,,,,,,NIKON Zemax catalog 2017-11 (obtained from http://www.nikon.com)See also HIKARI glass data sheets,,,2017.0,optical glass,HIKARI-optical/J-LASKH2,1.755,52.336325,755523,,-0.009,6.1e-06,243 343,,
681,HIKARI PK1,,,,,,,,,,,,2.46,literature (manufacturer datasheet),,,,,,,specs,HIKARI-optical,400.0,700.0,PK1,,1.5021660366006495,6.665592e-09,,,,,density 2.46 g/cm3 stated by the manufacturer's datasheet (PK1); formula NULL: a catalog optical glass (composition proprietary); no x-ray / neutron SLD,,,,,,NIKON Zemax catalog 2017-11 (obtained from http://www.nikon.com)See also HIKARI glass data sheets,,,2017.0,optical glass,HIKARI-optical/PK1,1.50378,66.815093,504668,,-0.0018,6.4e-06,243 343,preferred,
682,HIKARI PK2,,,,,,,,,,,,2.52,literature (manufacturer datasheet),,,,,,,specs,HIKARI-optical,400.0,700.0,PK2,,1.5165007486232467,8.458480000000001e-09,,,,,density 2.52 g/cm3 stated by the manufacturer's datasheet (PK2); formula NULL: a catalog optical glass (composition proprietary); no x-ray / neutron SLD,,,,,,NIKON Zemax catalog 2017-11 (obtained from http://www.nikon.com)See also HIKARI glass data sheets,,,2017.0,optical glass,HIKARI-optical/PK2,1.51821,65.027672,518650,,-0.0032,8.2e-06,243 343,preferred,
683,HIKARI E-PKH1,,,,,,,,,,,,2.6,literature (manufacturer datasheet),,,,,,,specs,HIKARI-optical,400.0,700.0,E-PKH1,,1.5170167231863558,5.039746e-09,,,,,density 2.6 g/cm3 stated by the manufacturer's datasheet (E-PKH1); formula NULL: a catalog optical glass (composition proprietary); no x-ray / neutron SLD,,,,,,NIKON Zemax catalog 2017-11 (obtained from http://www.nikon.com)See also HIKARI glass data sheets,,,2017.0,optical glass,HIKARI-optical/E-PKH1,1.518601,69.973177,519700,,0.0049,7.8e-06,243 343,preferred,
684,HIKARI J-PKH1,,,,,,,,,,,,2.6,literature (manufacturer datasheet),,,,,,,specs,HIKARI-optical,365.015,2058.09,J-PKH1,,1.5170138546119127,3.900146e-08,,,,,density 2.6 g/cm3 stated by the manufacturer's datasheet (J-PKH1); formula NULL: a catalog optical glass (composition proprietary); no x-ray / neutron SLD,,,,,,NIKON Zemax catalog 2017-11 (obtained from http://www.nikon.com)See also HIKARI glass data sheets,,,2017.0,optical glass,HIKARI-optical/J-PKH1,1.5186,69.890785,519699,,0.0047,6.3e-06,243 343,,
685,HIKARI E-PSKH1,,,,,,,,,,,,4.11,literature (manufacturer datasheet),,,,,,,specs,HIKARI-optical,400.0,700.0,E-PSKH1,,1.591347083987761,3.211832e-08,,,,,density 4.11 g/cm3 stated by the manufacturer's datasheet (E-PSKH1); formula NULL: a catalog optical glass (composition proprietary); no x-ray / neutron SLD,,,,,,NIKON Zemax catalog 2017-11 (obtained from http://www.nikon.com)See also HIKARI glass data sheets,,,2017.0,optical glass,HIKARI-optical/E-PSKH1,1.59319,67.90054,593679,,0.0139,1.32e-05,243 343,preferred,
686,HIKARI E-PSK02,,,,,,,,,,,,3.55,literature (manufacturer datasheet),,,,,,,specs,HIKARI-optical,400.0,700.0,E-PSK02,,1.615939916955626,2.182034e-08,,,,,density 3.55 g/cm3 stated by the manufacturer's datasheet (E-PSK02); formula NULL: a catalog optical glass (composition proprietary); no x-ray / neutron SLD,,,,,,NIKON Zemax catalog 2017-11 (obtained from http://www.nikon.com)See also HIKARI glass data sheets,,,2017.0,optical glass,HIKARI-optical/E-PSK02,1.618,63.372017,618634,,0.0067,1.1e-05,243 343,preferred,
687,HIKARI E-PSK03,,,,,,,,,,,,3.52,literature (manufacturer datasheet),,,,,,,specs,HIKARI-optical,400.0,700.0,E-PSK03,,1.601047607606774,5.039746e-09,,,,,density 3.52 g/cm3 stated by the manufacturer's datasheet (E-PSK03); formula NULL: a catalog optical glass (composition proprietary); no x-ray / neutron SLD,,,,,,NIKON Zemax catalog 2017-11 (obtained from http://www.nikon.com)See also HIKARI glass data sheets,,,2017.0,optical glass,HIKARI-optical/E-PSK03,1.603001,65.460398,603655,,0.0062,1.05e-05,243 343,preferred,
688,HIKARI J-PSKH1,,,,,,,,,,,,4.1,literature (manufacturer datasheet),,,,,,,specs,HIKARI-optical,388.865,2058.09,J-PSKH1,,1.5913470893095363,3.375066e-08,,,,,density 4.1 g/cm3 stated by the manufacturer's datasheet (J-PSKH1); formula NULL: a catalog optical glass (composition proprietary); no x-ray / neutron SLD,,,,,,NIKON Zemax catalog 2017-11 (obtained from http://www.nikon.com)See also HIKARI glass data sheets,,,2017.0,optical glass,HIKARI-optical/J-PSKH1,1.59319,67.900555,593679,,0.0135,1.14e-05,243 343,,
689,HIKARI J-PSK02,,,,,,,,,,,,3.56,literature (manufacturer datasheet),,,,,,,specs,HIKARI-optical,365.015,2058.09,J-PSK02,,1.6159332233015438,3.882462e-08,,,,,density 3.56 g/cm3 stated by the manufacturer's datasheet (J-PSK02); formula NULL: a catalog optical glass (composition proprietary); no x-ray / neutron SLD,,,,,,NIKON Zemax catalog 2017-11 (obtained from http://www.nikon.com)See also HIKARI glass data sheets,,,2017.0,optical glass,HIKARI-optical/J-PSK02,1.618,63.339027,618633,,0.0031,9e-06,243 343,,
690,HIKARI J-PSK03,,,,,,,,,,,,3.52,literature (manufacturer datasheet),,,,,,,specs,HIKARI-optical,365.015,2058.09,J-PSK03,,1.6010446366606328,5.407616e-08,,,,,density 3.52 g/cm3 stated by the manufacturer's datasheet (J-PSK03); formula NULL: a catalog optical glass (composition proprietary); no x-ray / neutron SLD,,,,,,NIKON Zemax catalog 2017-11 (obtained from http://www.nikon.com)See also HIKARI glass data sheets,,,2017.0,optical glass,HIKARI-optical/J-PSK03,1.603,65.441311,603654,,0.0043,8.9e-06,243 343,,
691,HIKARI J-PSKH4,,,,,,,,,,,,3.28,literature (manufacturer datasheet),,,,,,,specs,HIKARI-optical,365.015,2058.09,J-PSKH4,,1.591604076585699,3.211832e-08,,,,,density 3.28 g/cm3 stated by the manufacturer's datasheet (J-PSKH4); formula NULL: a catalog optical glass (composition proprietary); no x-ray / neutron SLD,,,,,,NIKON Zemax catalog 2017-11 (obtained from http://www.nikon.com)See also HIKARI glass data sheets,,,2017.0,optical glass,HIKARI-optical/J-PSKH4,1.59349,67.001281,593670,,0.0038,9e-06,243 343,,
692,HIKARI P-PSKH1S,,,,,,,,,,,,4.11,literature (manufacturer datasheet),,,,,,,specs,HIKARI-optical,400.0,700.0,P-PSKH1S,,1.59070789195528,3.211832e-08,,,,,density 4.11 g/cm3 stated by the manufacturer's datasheet (P-PSKH1S); formula NULL: a catalog optical glass (composition proprietary); no x-ray / neutron SLD,,,,,,NIKON Zemax catalog 2017-11 (obtained from http://www.nikon.com)See also HIKARI glass data sheets,,,2017.0,optical glass,HIKARI-optical/P-PSKH1S,1.59255,67.858832,593679,,0.0138,1.32e-05,243 343,preferred,Low Tg glass
693,HIKARI Q-PSKH1S,,,,,,,,,,,,4.1,literature (manufacturer datasheet),,,,,,,specs,HIKARI-optical,388.865,2058.09,Q-PSKH1S,,1.5907078824890115,3.375066e-08,,,,,density 4.1 g/cm3 stated by the manufacturer's datasheet (Q-PSKH1S); formula NULL: a catalog optical glass (composition proprietary); no x-ray / neutron SLD,,,,,,NIKON Zemax catalog 2017-11 (obtained from http://www.nikon.com)See also HIKARI glass data sheets,,,2017.0,optical glass,HIKARI-optical/Q-PSKH1S,1.59255,67.856871,593679,,0.0136,1.14e-05,243 343,,For mold lens
694,HIKARI Q-PSKH2S,,,,,,,,,,,,3.52,literature (manufacturer datasheet),,,,,,,specs,HIKARI-optical,365.015,2058.09,Q-PSKH2S,,1.6166943338185873,5.0626339999999995e-08,,,,,density 3.52 g/cm3 stated by the manufacturer's datasheet (Q-PSKH2S); formula NULL: a catalog optical glass (composition proprietary); no x-ray / neutron SLD,,,,,,NIKON Zemax catalog 2017-11 (obtained from http://www.nikon.com)See also HIKARI glass data sheets,,,2017.0,optical glass,HIKARI-optical/Q-PSKH2S,1.61875,63.733391,619637,,0.0038,9.3e-06,243 343,,For mold lens
695,HIKARI Q-PSKH4S,,,,,,,,,,,,3.28,literature (manufacturer datasheet),,,,,,,specs,HIKARI-optical,365.015,2058.09,Q-PSKH4S,,1.5905654019972535,3.211832e-08,,,,,density 3.28 g/cm3 stated by the manufacturer's datasheet (Q-PSKH4S); formula NULL: a catalog optical glass (composition proprietary); no x-ray / neutron SLD,,,,,,NIKON Zemax catalog 2017-11 (obtained from http://www.nikon.com)See also HIKARI glass data sheets,,,2017.0,optical glass,HIKARI-optical/Q-PSKH4S,1.59245,66.923806,592669,,0.0038,9e-06,243 343,,For mold lens
696,HIKARI F1,,,,,,,,,,,,3.66,literature (manufacturer datasheet),,,,,,,specs,HIKARI-optical,400.0,700.0,F1,,1.62228139062424,5.039746e-09,,,,,density 3.66 g/cm3 stated by the manufacturer's datasheet (F1); formula NULL: a catalog optical glass (composition proprietary); no x-ray / neutron SLD,,,,,,NIKON Zemax catalog 2017-11 (obtained from http://www.nikon.com)See also HIKARI glass data sheets,,,2017.0,optical glass,HIKARI-optical/F1,1.625882,35.649693,626356,,0.0006,9.8e-06,243 343,preferred,
697,HIKARI F2,,,,,,,,,,,,3.61,literature (manufacturer datasheet),,,,,,,specs,HIKARI-optical,400.0,700.0,F2,,1.6165378305483602,5.039746e-09,,,,,density 3.61 g/cm3 stated by the manufacturer's datasheet (F2); formula NULL: a catalog optical glass (composition proprietary); no x-ray / neutron SLD,,,,,,NIKON Zemax catalog 2017-11 (obtained from http://www.nikon.com)See also HIKARI glass data sheets,,,2017.0,optical glass,HIKARI-optical/F2,1.62004,36.331342,620363,,,9.6e-06,243 343,preferred,
698,HIKARI F3,,,,,,,,,,,,3.55,literature (manufacturer datasheet),,,,,,,specs,HIKARI-optical,400.0,700.0,F3,,1.6095249004856362,5.039746e-09,,,,,density 3.55 g/cm3 stated by the manufacturer's datasheet (F3); formula NULL: a catalog optical glass (composition proprietary); no x-ray / neutron SLD,,,,,,NIKON Zemax catalog 2017-11 (obtained from http://www.nikon.com)See also HIKARI glass data sheets,,,2017.0,optical glass,HIKARI-optical/F3,1.61293,36.996191,613370,,-0.0004,9.2e-06,243 343,preferred,
699,HIKARI F5,,,,,,,,,,,,3.45,literature (manufacturer datasheet),,,,,,,specs,HIKARI-optical,400.0,700.0,F5,,1.6001640574015479,5.039746e-09,,,,,density 3.45 g/cm3 stated by the manufacturer's datasheet (F5); formula NULL: a catalog optical glass (composition proprietary); no x-ray / neutron SLD,,,,,,NIKON Zemax catalog 2017-11 (obtained from http://www.nikon.com)See also HIKARI glass data sheets,,,2017.0,optical glass,HIKARI-optical/F5,1.60342,38.109129,603381,,-0.0008,9.6e-06,243 343,preferred,
700,HIKARI F8,,,,,,,,,,,,3.38,literature (manufacturer datasheet),,,,,,,specs,HIKARI-optical,400.0,700.0,F8,,1.59237576446244,8.458480000000001e-09,,,,,density 3.38 g/cm3 stated by the manufacturer's datasheet (F8); formula NULL: a catalog optical glass (composition proprietary); no x-ray / neutron SLD,,,,,,NIKON Zemax catalog 2017-11 (obtained from http://www.nikon.com)See also HIKARI glass data sheets,,,2017.0,optical glass,HIKARI-optical/F8,1.59551,39.216026,596392,,-0.0009,1.01e-05,243 343,preferred,
701,HIKARI E-F1,,,,,,,,,,,,2.72,literature (manufacturer datasheet),,,,,,,specs,HIKARI-optical,400.0,700.0,E-F1,,1.6222814523779288,0.0,,,,,density 2.72 g/cm3 stated by the manufacturer's datasheet (E-F1); formula NULL: a catalog optical glass (composition proprietary); no x-ray / neutron SLD,,,,,,NIKON Zemax catalog 2017-11 (obtained from http://www.nikon.com)See also HIKARI glass data sheets,,,2017.0,optical glass,HIKARI-optical/E-F1,1.625882,35.649694,626356,,0.0006,8.3e-06,243 343,preferred,
702,HIKARI E-F2,,,,,,,,,,,,2.69,literature (manufacturer datasheet),,,,,,,specs,HIKARI-optical,400.0,700.0,E-F2,,1.616537382668324,8.458480000000001e-09,,,,,density 2.69 g/cm3 stated by the manufacturer's datasheet (E-F2); formula NULL: a catalog optical glass (composition proprietary); no x-ray / neutron SLD,,,,,,NIKON Zemax catalog 2017-11 (obtained from http://www.nikon.com)See also HIKARI glass data sheets,,,2017.0,optical glass,HIKARI-optical/E-F2,1.620041,36.258932,620363,,0.0045,7.9e-06,243 343,preferred,Melt Freq: 1
703,HIKARI E-F3,,,,,,,,,,,,2.67,literature (manufacturer datasheet),,,,,,,specs,HIKARI-optical,400.0,700.0,E-F3,,1.6095249332462358,0.0,,,,,density 2.67 g/cm3 stated by the manufacturer's datasheet (E-F3); formula NULL: a catalog optical glass (composition proprietary); no x-ray / neutron SLD,,,,,,NIKON Zemax catalog 2017-11 (obtained from http://www.nikon.com)See also HIKARI glass data sheets,,,2017.0,optical glass,HIKARI-optical/E-F3,1.61293,36.996203,613370,,-0.0004,8.3e-06,243 343,preferred,
704,HIKARI E-F5,,,,,,,,,,,,2.65,literature (manufacturer datasheet),,,,,,,specs,HIKARI-optical,400.0,700.0,E-F5,,1.6001567825235674,8.458480000000001e-09,,,,,density 2.65 g/cm3 stated by the manufacturer's datasheet (E-F5); formula NULL: a catalog optical glass (composition proprietary); no x-ray / neutron SLD,,,,,,NIKON Zemax catalog 2017-11 (obtained from http://www.nikon.com)See also HIKARI glass data sheets,,,2017.0,optical glass,HIKARI-optical/E-F5,1.60342,38.012852,603380,,0.0026,9e-06,243 343,preferred,
705,HIKARI E-F8,,,,,,,,,,,,2.63,literature (manufacturer datasheet),,,,,,,specs,HIKARI-optical,400.0,700.0,E-F8,,1.592375643436289,1.188124e-08,,,,,density 2.63 g/cm3 stated by the manufacturer's datasheet (E-F8); formula NULL: a catalog optical glass (composition proprietary); no x-ray / neutron SLD,,,,,,NIKON Zemax catalog 2017-11 (obtained from http://www.nikon.com)See also HIKARI glass data sheets,,,2017.0,optical glass,HIKARI-optical/E-F8,1.59551,39.216011,596392,,-0.0009,9.4e-06,243 343,preferred,
706,HIKARI E-F16,,,,,,,,,,,,2.64,literature (manufacturer datasheet),,,,,,,specs,HIKARI-optical,400.0,700.0,E-F16,,1.5892706499291773,6.245654e-08,,,,,density 2.64 g/cm3 stated by the manufacturer's datasheet (E-F16); formula NULL: a catalog optical glass (composition proprietary); no x-ray / neutron SLD,,,,,,NIKON Zemax catalog 2017-11 (obtained from http://www.nikon.com)See also HIKARI glass data sheets,,,2017.0,optical glass,HIKARI-optical/E-F16,1.592701,35.298957,593353,,0.0079,9.8e-06,243 343,preferred,
707,HIKARI J-F1,,,,,,,,,,,,2.69,literature (manufacturer datasheet),,,,,,,specs,HIKARI-optical,388.865,2058.09,J-F1,,1.6222916276473407,3.03147e-08,,,,,density 2.69 g/cm3 stated by the manufacturer's datasheet (J-F1); formula NULL: a catalog optical glass (composition proprietary); no x-ray / neutron SLD,,,,,,NIKON Zemax catalog 2017-11 (obtained from http://www.nikon.com)See also HIKARI glass data sheets,,,2017.0,optical glass,HIKARI-optical/J-F1,1.62588,35.722376,626357,,0.0044,8.1e-06,243 343,,
708,HIKARI J-F2,,,,,,,,,,,,2.66,literature (manufacturer datasheet),,,,,,,specs,HIKARI-optical,365.015,2058.09,J-F2,,1.6165466648683997,3.882462e-08,,,,,density 2.66 g/cm3 stated by the manufacturer's datasheet (J-F2); formula NULL: a catalog optical glass (composition proprietary); no x-ray / neutron SLD,,,,,,NIKON Zemax catalog 2017-11 (obtained from http://www.nikon.com)See also HIKARI glass data sheets,,,2017.0,optical glass,HIKARI-optical/J-F2,1.62004,36.396775,620364,,0.0045,7.3e-06,243 343,,
709,HIKARI J-F3,,,,,,,,,,,,2.64,literature (manufacturer datasheet),,,,,,,specs,HIKARI-optical,388.865,2058.09,J-F3,,1.6095255739269545,3.375066e-08,,,,,density 2.64 g/cm3 stated by the manufacturer's datasheet (J-F3); formula NULL: a catalog optical glass (composition proprietary); no x-ray / neutron SLD,,,,,,NIKON Zemax catalog 2017-11 (obtained from http://www.nikon.com)See also HIKARI glass data sheets,,,2017.0,optical glass,HIKARI-optical/J-F3,1.61293,36.944974,613369,,0.004,7.4e-06,243 343,preferred,
710,HIKARI J-F5,,,,,,,,,,,,2.63,literature (manufacturer datasheet),,,,,,,specs,HIKARI-optical,365.015,2058.09,J-F5,,1.6001582879532523,2.361906e-08,,,,,density 2.63 g/cm3 stated by the manufacturer's datasheet (J-F5); formula NULL: a catalog optical glass (composition proprietary); no x-ray / neutron SLD,,,,,,NIKON Zemax catalog 2017-11 (obtained from http://www.nikon.com)See also HIKARI glass data sheets,,,2017.0,optical glass,HIKARI-optical/J-F5,1.60342,38.028464,603380,,0.0024,7.7e-06,243 343,,
711,HIKARI J-F8,,,,,,,,,,,,2.63,literature (manufacturer datasheet),,,,,,,specs,HIKARI-optical,388.865,2058.09,J-F8,,1.5923818992952332,4.89872e-08,,,,,density 2.63 g/cm3 stated by the manufacturer's datasheet (J-F8); formula NULL: a catalog optical glass (composition proprietary); no x-ray / neutron SLD,,,,,,NIKON Zemax catalog 2017-11 (obtained from http://www.nikon.com)See also HIKARI glass data sheets,,,2017.0,optical glass,HIKARI-optical/J-F8,1.59551,39.212992,596392,,0.002,7.8e-06,243 343,,
712,HIKARI J-F16,,,,,,,,,,,,2.64,literature (manufacturer datasheet),,,,,,,specs,HIKARI-optical,365.015,2058.09,J-F16,,1.5892681404379458,5.407616e-08,,,,,density 2.64 g/cm3 stated by the manufacturer's datasheet (J-F16); formula NULL: a catalog optical glass (composition proprietary); no x-ray / neutron SLD,,,,,,NIKON Zemax catalog 2017-11 (obtained from http://www.nikon.com)See also HIKARI glass data sheets,,,2017.0,optical glass,HIKARI-optical/J-F16,1.5927,35.271777,593353,,0.0084,8.6e-06,243 343,,
713,HIKARI LF5,,,,,,,,,,,,3.24,literature (manufacturer datasheet),,,,,,,specs,HIKARI-optical,400.0,700.0,LF5,,1.5784965851036394,5.039746e-09,,,,,density 3.24 g/cm3 stated by the manufacturer's datasheet (LF5); formula NULL: a catalog optical glass (composition proprietary); no x-ray / neutron SLD,,,,,,NIKON Zemax catalog 2017-11 (obtained from http://www.nikon.com)See also HIKARI glass data sheets,,,2017.0,optical glass,HIKARI-optical/LF5,1.58144,40.777871,581408,,-0.0008,1.06e-05,243 343,preferred,
714,HIKARI LF6,,,,,,,,,,,,3.11,literature (manufacturer datasheet),,,,,,,specs,HIKARI-optical,400.0,700.0,LF6,,1.564573232875575,1.6933146e-08,,,,,density 3.11 g/cm3 stated by the manufacturer's datasheet (LF6); formula NULL: a catalog optical glass (composition proprietary); no x-ray / neutron SLD,,,,,,NIKON Zemax catalog 2017-11 (obtained from http://www.nikon.com)See also HIKARI glass data sheets,,,2017.0,optical glass,HIKARI-optical/LF6,1.56732,42.699778,567427,,-0.002,1.1e-05,243 343,preferred,
715,HIKARI LF7,,,,,,,,,,,,3.2,literature (manufacturer datasheet),,,,,,,specs,HIKARI-optical,400.0,700.0,LF7,,1.5721482834417098,5.039746e-09,,,,,density 3.2 g/cm3 stated by the manufacturer's datasheet (LF7); formula NULL: a catalog optical glass (composition proprietary); no x-ray / neutron SLD,,,,,,NIKON Zemax catalog 2017-11 (obtained from http://www.nikon.com)See also HIKARI glass data sheets,,,2017.0,optical glass,HIKARI-optical/LF7,1.57501,41.5364,575415,,-0.0013,9.5e-06,243 343,preferred,
716,HIKARI E-LF5,,,,,,,,,,,,2.58,literature (manufacturer datasheet),,,,,,,specs,HIKARI-optical,400.0,700.0,E-LF5,,1.5784928488283563,5.039746e-09,,,,,density 2.58 g/cm3 stated by the manufacturer's datasheet (E-LF5); formula NULL: a catalog optical glass (composition proprietary); no x-ray / neutron SLD,,,,,,NIKON Zemax catalog 2017-11 (obtained from http://www.nikon.com)See also HIKARI glass data sheets,,,2017.0,optical glass,HIKARI-optical/E-LF5,1.581439,40.738479,581407,,0.0014,8.6e-06,243 343,preferred,
717,HIKARI E-LF6,,,,,,,,,,,,2.54,literature (manufacturer datasheet),,,,,,,specs,HIKARI-optical,400.0,700.0,E-LF6,,1.5645732621993949,1.5307300000000002e-08,,,,,density 2.54 g/cm3 stated by the manufacturer's datasheet (E-LF6); formula NULL: a catalog optical glass (composition proprietary); no x-ray / neutron SLD,,,,,,NIKON Zemax catalog 2017-11 (obtained from http://www.nikon.com)See also HIKARI glass data sheets,,,2017.0,optical glass,HIKARI-optical/E-LF6,1.56732,42.699788,567427,,-0.002,8e-06,243 343,preferred,
718,HIKARI E-LF7,,,,,,,,,,,,2.54,literature (manufacturer datasheet),,,,,,,specs,HIKARI-optical,400.0,700.0,E-LF7,,1.5721426609801934,0.0,,,,,density 2.54 g/cm3 stated by the manufacturer's datasheet (E-LF7); formula NULL: a catalog optical glass (composition proprietary); no x-ray / neutron SLD,,,,,,NIKON Zemax catalog 2017-11 (obtained from http://www.nikon.com)See also HIKARI glass data sheets,,,2017.0,optical glass,HIKARI-optical/E-LF7,1.575006,41.481733,575415,,0.0014,7.8e-06,243 343,preferred,
719,HIKARI J-LF5,,,,,,,,,,,,2.58,literature (manufacturer datasheet),,,,,,,specs,HIKARI-optical,365.015,2058.09,J-LF5,,1.5785093547540536,3.211832e-08,,,,,density 2.58 g/cm3 stated by the manufacturer's datasheet (J-LF5); formula NULL: a catalog optical glass (composition proprietary); no x-ray / neutron SLD,,,,,,NIKON Zemax catalog 2017-11 (obtained from http://www.nikon.com)See also HIKARI glass data sheets,,,2017.0,optical glass,HIKARI-optical/J-LF5,1.58144,40.977199,581410,,0.0007,7.5e-06,243 343,,
720,HIKARI J-LF6,,,,,,,,,,,,2.61,literature (manufacturer datasheet),,,,,,,specs,HIKARI-optical,365.015,2058.09,J-LF6,,1.5645660440840754,4.390358e-08,,,,,density 2.61 g/cm3 stated by the manufacturer's datasheet (J-LF6); formula NULL: a catalog optical glass (composition proprietary); no x-ray / neutron SLD,,,,,,NIKON Zemax catalog 2017-11 (obtained from http://www.nikon.com)See also HIKARI glass data sheets,,,2017.0,optical glass,HIKARI-optical/J-LF6,1.56732,42.578098,567426,,0.0024,9.1e-06,243 343,,
721,HIKARI J-LF7,,,,,,,,,,,,2.6,literature (manufacturer datasheet),,,,,,,specs,HIKARI-optical,365.015,2058.09,J-LF7,,1.5721492331025673,3.719058e-08,,,,,density 2.6 g/cm3 stated by the manufacturer's datasheet (J-LF7); formula NULL: a catalog optical glass (composition proprietary); no x-ray / neutron SLD,,,,,,NIKON Zemax catalog 2017-11 (obtained from http://www.nikon.com)See also HIKARI glass data sheets,,,2017.0,optical glass,HIKARI-optical/J-LF7,1.57501,41.512435,575415,,0.0017,8e-06,243 343,,
722,HIKARI LLF1,,,,,,,,,,,,2.95,literature (manufacturer datasheet),,,,,,,specs,HIKARI-optical,400.0,700.0,LLF1,,1.5456579075408292,5.039746e-09,,,,,density 2.95 g/cm3 stated by the manufacturer's datasheet (LLF1); formula NULL: a catalog optical glass (composition proprietary); no x-ray / neutron SLD,,,,,,NIKON Zemax catalog 2017-11 (obtained from http://www.nikon.com)See also HIKARI glass data sheets,,,2017.0,optical glass,HIKARI-optical/LLF1,1.548139,45.867807,548459,,-0.0018,9.7e-06,243 343,preferred,
723,HIKARI LLF2,,,,,,,,,,,,2.87,literature (manufacturer datasheet),,,,,,,specs,HIKARI-optical,400.0,700.0,LLF2,,1.5383309689147462,5.039746e-09,,,,,density 2.87 g/cm3 stated by the manufacturer's datasheet (LLF2); formula NULL: a catalog optical glass (composition proprietary); no x-ray / neutron SLD,,,,,,NIKON Zemax catalog 2017-11 (obtained from http://www.nikon.com)See also HIKARI glass data sheets,,,2017.0,optical glass,HIKARI-optical/LLF2,1.54072,47.224798,541472,,,8.9e-06,243 343,preferred,
724,HIKARI LLF6,,,,,,,,,,,,2.77,literature (manufacturer datasheet),,,,,,,specs,HIKARI-optical,400.0,700.0,LLF6,,1.529461238258167,5.039746e-09,,,,,density 2.77 g/cm3 stated by the manufacturer's datasheet (LLF6); formula NULL: a catalog optical glass (composition proprietary); no x-ray / neutron SLD,,,,,,NIKON Zemax catalog 2017-11 (obtained from http://www.nikon.com)See also HIKARI glass data sheets,,,2017.0,optical glass,HIKARI-optical/LLF6,1.531721,49.142236,532491,,-0.0019,9.4e-06,243 343,preferred,
725,HIKARI E-LLF1,,,,,,,,,,,,2.52,literature (manufacturer datasheet),,,,,,,specs,HIKARI-optical,400.0,700.0,E-LLF1,,1.5456538996989524,2.5422440000000002e-08,,,,,density 2.52 g/cm3 stated by the manufacturer's datasheet (E-LLF1); formula NULL: a catalog optical glass (composition proprietary); no x-ray / neutron SLD,,,,,,NIKON Zemax catalog 2017-11 (obtained from http://www.nikon.com)See also HIKARI glass data sheets,,,2017.0,optical glass,HIKARI-optical/E-LLF1,1.548141,45.786481,548458,,0.001,7.8e-06,243 343,preferred,
726,HIKARI E-LLF2,,,,,,,,,,,,2.52,literature (manufacturer datasheet),,,,,,,specs,HIKARI-optical,400.0,700.0,E-LLF2,,1.5383311098263492,0.0,,,,,density 2.52 g/cm3 stated by the manufacturer's datasheet (E-LLF2); formula NULL: a catalog optical glass (composition proprietary); no x-ray / neutron SLD,,,,,,NIKON Zemax catalog 2017-11 (obtained from http://www.nikon.com)See also HIKARI glass data sheets,,,2017.0,optical glass,HIKARI-optical/E-LLF2,1.54072,47.224817,541472,,,8.1e-06,243 343,preferred,
727,HIKARI E-LLF6,,,,,,,,,,,,2.51,literature (manufacturer datasheet),,,,,,,specs,HIKARI-optical,400.0,700.0,E-LLF6,,1.529447124326959,5.039746e-09,,,,,density 2.51 g/cm3 stated by the manufacturer's datasheet (E-LLF6); formula NULL: a catalog optical glass (composition proprietary); no x-ray / neutron SLD,,,,,,NIKON Zemax catalog 2017-11 (obtained from http://www.nikon.com)See also HIKARI glass data sheets,,,2017.0,optical glass,HIKARI-optical/E-LLF6,1.531717,48.862886,532489,,0.0011,8.1e-06,243 343,preferred,
728,HIKARI J-LLF1,,,,,,,,,,,,2.55,literature (manufacturer datasheet),,,,,,,specs,HIKARI-optical,365.015,2058.09,J-LLF1,,1.5456383001503633,2.361906e-08,,,,,density 2.55 g/cm3 stated by the manufacturer's datasheet (J-LLF1); formula NULL: a catalog optical glass (composition proprietary); no x-ray / neutron SLD,,,,,,NIKON Zemax catalog 2017-11 (obtained from http://www.nikon.com)See also HIKARI glass data sheets,,,2017.0,optical glass,HIKARI-optical/J-LLF1,1.54814,45.509935,548455,,0.0005,8.7e-06,243 343,,
729,HIKARI J-LLF2,,,,,,,,,,,,2.53,literature (manufacturer datasheet),,,,,,,specs,HIKARI-optical,365.015,2058.09,J-LLF2,,1.5383234853252759,2.868236e-08,,,,,density 2.53 g/cm3 stated by the manufacturer's datasheet (J-LLF2); formula NULL: a catalog optical glass (composition proprietary); no x-ray / neutron SLD,,,,,,NIKON Zemax catalog 2017-11 (obtained from http://www.nikon.com)See also HIKARI glass data sheets,,,2017.0,optical glass,HIKARI-optical/J-LLF2,1.54072,46.966429,541470,,-0.0001,8.8e-06,243 343,,
730,HIKARI J-LLF6,,,,,,,,,,,,2.51,literature (manufacturer datasheet),,,,,,,specs,HIKARI-optical,365.015,2058.09,J-LLF6,,1.529445205335234,3.882462e-08,,,,,density 2.51 g/cm3 stated by the manufacturer's datasheet (J-LLF6); formula NULL: a catalog optical glass (composition proprietary); no x-ray / neutron SLD,,,,,,NIKON Zemax catalog 2017-11 (obtained from http://www.nikon.com)See also HIKARI glass data sheets,,,2017.0,optical glass,HIKARI-optical/J-LLF6,1.53172,48.779637,532488,,-0.0003,8.2e-06,243 343,,
731,HIKARI SF1,,,,,,,,,,,,4.47,literature (manufacturer datasheet),,,,,,,specs,HIKARI-optical,400.0,700.0,SF1,,1.7124248037571663,5.039746e-09,,,,,density 4.47 g/cm3 stated by the manufacturer's datasheet (SF1); formula NULL: a catalog optical glass (composition proprietary); no x-ray / neutron SLD,,,,,,NIKON Zemax catalog 2017-11 (obtained from http://www.nikon.com)See also HIKARI glass data sheets,,,2017.0,optical glass,HIKARI-optical/SF1,1.71736,29.486634,717295,,0.0032,9e-06,243 343,preferred,
732,HIKARI SF2,,,,,,,,,,,,3.85,literature (manufacturer datasheet),,,,,,,specs,HIKARI-optical,400.0,700.0,SF2,,1.6437750970315177,5.039746e-09,,,,,density 3.85 g/cm3 stated by the manufacturer's datasheet (SF2); formula NULL: a catalog optical glass (composition proprietary); no x-ray / neutron SLD,,,,,,NIKON Zemax catalog 2017-11 (obtained from http://www.nikon.com)See also HIKARI glass data sheets,,,2017.0,optical glass,HIKARI-optical/SF2,1.64769,33.841849,648338,,0.0013,9.8e-06,243 343,preferred,
733,HIKARI SF03,,,,,,,,,,,,5.52,literature (manufacturer datasheet),,,,,,,specs,HIKARI-optical,400.0,700.0,SF03,,1.8395563482756874,5.039746e-09,,,,,density 5.52 g/cm3 stated by the manufacturer's datasheet (SF03); formula NULL: a catalog optical glass (composition proprietary); no x-ray / neutron SLD,,,,,,NIKON Zemax catalog 2017-11 (obtained from http://www.nikon.com)See also HIKARI glass data sheets,,,2017.0,optical glass,HIKARI-optical/SF03,1.84666,23.884051,847239,,0.0118,9.2e-06,243 343,preferred,
734,HIKARI SFS3,,,,,,,,,,,,5.02,literature (manufacturer datasheet),,,,,,,specs,HIKARI-optical,400.0,700.0,SFS3,,1.7786704102573698,5.039746e-09,,,,,density 5.02 g/cm3 stated by the manufacturer's datasheet (SFS3); formula NULL: a catalog optical glass (composition proprietary); no x-ray / neutron SLD,,,,,,NIKON Zemax catalog 2017-11 (obtained from http://www.nikon.com)See also HIKARI glass data sheets,,,2017.0,optical glass,HIKARI-optical/SFS3,1.7847,26.207574,785262,,0.0077,9e-06,243 343,preferred,
735,HIKARI SF4,,,,,,,,,,,,4.79,literature (manufacturer datasheet),,,,,,,specs,HIKARI-optical,400.0,700.0,SF4,,1.7496765904047233,8.458480000000001e-09,,,,,density 4.79 g/cm3 stated by the manufacturer's datasheet (SF4); formula NULL: a catalog optical glass (composition proprietary); no x-ray / neutron SLD,,,,,,NIKON Zemax catalog 2017-11 (obtained from http://www.nikon.com)See also HIKARI glass data sheets,,,2017.0,optical glass,HIKARI-optical/SF4,1.7552,27.641217,755276,,0.0055,8.5e-06,243 343,preferred,
736,HIKARI SF5,,,,,,,,,,,,4.09,literature (manufacturer datasheet),,,,,,,specs,HIKARI-optical,400.0,700.0,SF5,,1.668441057840995,5.039746e-09,,,,,density 4.09 g/cm3 stated by the manufacturer's datasheet (SF5); formula NULL: a catalog optical glass (composition proprietary); no x-ray / neutron SLD,,,,,,NIKON Zemax catalog 2017-11 (obtained from http://www.nikon.com)See also HIKARI glass data sheets,,,2017.0,optical glass,HIKARI-optical/SF5,1.6727,32.154391,673322,,0.0013,8.8e-06,243 343,preferred,
737,HIKARI SF6,,,,,,,,,,,,5.18,literature (manufacturer datasheet),,,,,,,specs,HIKARI-optical,400.0,700.0,SF6,,1.7988057537450513,1.0084326000000001e-08,,,,,density 5.18 g/cm3 stated by the manufacturer's datasheet (SF6); formula NULL: a catalog optical glass (composition proprietary); no x-ray / neutron SLD,,,,,,NIKON Zemax catalog 2017-11 (obtained from http://www.nikon.com)See also HIKARI glass data sheets,,,2017.0,optical glass,HIKARI-optical/SF6,1.805182,25.443058,805254,,0.0085,9e-06,243 343,preferred,
738,HIKARI SF7,,,,,,,,,,,,3.78,literature (manufacturer datasheet),,,,,,,specs,HIKARI-optical,400.0,700.0,SF7,,1.6360156673072979,6.665592e-09,,,,,density 3.78 g/cm3 stated by the manufacturer's datasheet (SF7); formula NULL: a catalog optical glass (composition proprietary); no x-ray / neutron SLD,,,,,,NIKON Zemax catalog 2017-11 (obtained from http://www.nikon.com)See also HIKARI glass data sheets,,,2017.0,optical glass,HIKARI-optical/SF7,1.6398,34.563664,640346,,0.0022,9.9e-06,243 343,preferred,
739,HIKARI SF8,,,,,,,,,,,,4.22,literature (manufacturer datasheet),,,,,,,specs,HIKARI-optical,400.0,700.0,SF8,,1.68443375616454,8.458480000000001e-09,,,,,density 4.22 g/cm3 stated by the manufacturer's datasheet (SF8); formula NULL: a catalog optical glass (composition proprietary); no x-ray / neutron SLD,,,,,,NIKON Zemax catalog 2017-11 (obtained from http://www.nikon.com)See also HIKARI glass data sheets,,,2017.0,optical glass,HIKARI-optical/SF8,1.68893,31.144745,689311,,0.0015,9.3e-06,243 343,preferred,
740,HIKARI SF9,,,,,,,,,,,,3.93,literature (manufacturer datasheet),,,,,,,specs,HIKARI-optical,400.0,700.0,SF9,,1.6505088653195392,5.039746e-09,,,,,density 3.93 g/cm3 stated by the manufacturer's datasheet (SF9); formula NULL: a catalog optical glass (composition proprietary); no x-ray / neutron SLD,,,,,,NIKON Zemax catalog 2017-11 (obtained from http://www.nikon.com)See also HIKARI glass data sheets,,,2017.0,optical glass,HIKARI-optical/SF9,1.65446,33.855439,654339,,0.0001,8.8e-06,243 343,preferred,
741,HIKARI SF10,,,,,,,,,,,,4.27,literature (manufacturer datasheet),,,,,,,specs,HIKARI-optical,400.0,700.0,SF10,,1.7230533527868155,5.039746e-09,,,,,density 4.27 g/cm3 stated by the manufacturer's datasheet (SF10); formula NULL: a catalog optical glass (composition proprietary); no x-ray / neutron SLD,,,,,,NIKON Zemax catalog 2017-11 (obtained from http://www.nikon.com)See also HIKARI glass data sheets,,,2017.0,optical glass,HIKARI-optical/SF10,1.72825,28.34699,728283,,0.0083,8.5e-06,243 343,preferred,
742,HIKARI SF11,,,,,,,,,,,,4.81,literature (manufacturer datasheet),,,,,,,specs,HIKARI-optical,400.0,700.0,SF11,,1.7786152818443224,1.513436e-08,,,,,density 4.81 g/cm3 stated by the manufacturer's datasheet (SF11); formula NULL: a catalog optical glass (composition proprietary); no x-ray / neutron SLD,,,,,,NIKON Zemax catalog 2017-11 (obtained from http://www.nikon.com)See also HIKARI glass data sheets,,,2017.0,optical glass,HIKARI-optical/SF11,1.784721,25.833679,785258,,0.0105,8.4e-06,243 343,preferred,
743,HIKARI SF12,,,,,,,,,,,,3.73,literature (manufacturer datasheet),,,,,,,specs,HIKARI-optical,400.0,700.0,SF12,,1.6443843240765401,5.039746e-09,,,,,density 3.73 g/cm3 stated by the manufacturer's datasheet (SF12); formula NULL: a catalog optical glass (composition proprietary); no x-ray / neutron SLD,,,,,,NIKON Zemax catalog 2017-11 (obtained from http://www.nikon.com)See also HIKARI glass data sheets,,,2017.0,optical glass,HIKARI-optical/SF12,1.648311,33.769773,648338,,0.002,9.5e-06,243 343,preferred,
744,HIKARI SF13,,,,,,,,,,,,4.37,literature (manufacturer datasheet),,,,,,,specs,HIKARI-optical,400.0,700.0,SF13,,1.7353701861193829,5.039746e-09,,,,,density 4.37 g/cm3 stated by the manufacturer's datasheet (SF13); formula NULL: a catalog optical glass (composition proprietary); no x-ray / neutron SLD,,,,,,NIKON Zemax catalog 2017-11 (obtained from http://www.nikon.com)See also HIKARI glass data sheets,,,2017.0,optical glass,HIKARI-optical/SF13,1.740771,27.644962,741276,,0.0093,8.1e-06,243 343,preferred,
745,HIKARI SF14,,,,,,,,,,,,4.57,literature (manufacturer datasheet),,,,,,,specs,HIKARI-optical,400.0,700.0,SF14,,1.7560443887126518,8.458480000000001e-09,,,,,density 4.57 g/cm3 stated by the manufacturer's datasheet (SF14); formula NULL: a catalog optical glass (composition proprietary); no x-ray / neutron SLD,,,,,,NIKON Zemax catalog 2017-11 (obtained from http://www.nikon.com)See also HIKARI glass data sheets,,,2017.0,optical glass,HIKARI-optical/SF14,1.76182,26.556302,762266,,0.0122,7.5e-06,243 343,preferred,
746,HIKARI SF15,,,,,,,,,,,,4.12,literature (manufacturer datasheet),,,,,,,specs,HIKARI-optical,400.0,700.0,SF15,,1.6942384501622005,5.039746e-09,,,,,density 4.12 g/cm3 stated by the manufacturer's datasheet (SF15); formula NULL: a catalog optical glass (composition proprietary); no x-ray / neutron SLD,,,,,,NIKON Zemax catalog 2017-11 (obtained from http://www.nikon.com)See also HIKARI glass data sheets,,,2017.0,optical glass,HIKARI-optical/SF15,1.69895,30.089686,699301,,0.0058,1e-05,243 343,preferred,
747,HIKARI E-SF1,,,,,,,,,,,,3.07,literature (manufacturer datasheet),,,,,,,specs,HIKARI-optical,400.0,700.0,E-SF1,,1.7124423481568842,1.5307300000000002e-08,,,,,density 3.07 g/cm3 stated by the manufacturer's datasheet (E-SF1); formula NULL: a catalog optical glass (composition proprietary); no x-ray / neutron SLD,,,,,,NIKON Zemax catalog 2017-11 (obtained from http://www.nikon.com)See also HIKARI glass data sheets,,,2017.0,optical glass,HIKARI-optical/E-SF1,1.717362,29.522238,717295,,0.0101,9.7e-06,243 343,preferred,
748,HIKARI E-SFH1,,,,,,,,,,,,3.32,literature (manufacturer datasheet),,,,,,,specs,HIKARI-optical,400.0,700.0,E-SFH1,,1.801011424249564,5.079992e-08,,,,,density 3.32 g/cm3 stated by the manufacturer's datasheet (E-SFH1); formula NULL: a catalog optical glass (composition proprietary); no x-ray / neutron SLD,,,,,,NIKON Zemax catalog 2017-11 (obtained from http://www.nikon.com)See also HIKARI glass data sheets,,,2017.0,optical glass,HIKARI-optical/E-SFH1,1.80809,22.787261,808228,,0.0236,1.09e-05,243 343,preferred,
749,HIKARI E-SFH2,,,,,,,,,,,,3.81,literature (manufacturer datasheet),,,,,,,specs,HIKARI-optical,400.0,700.0,E-SFH2,,1.8532803737162553,3.53847e-08,,,,,density 3.81 g/cm3 stated by the manufacturer's datasheet (E-SFH2); formula NULL: a catalog optical glass (composition proprietary); no x-ray / neutron SLD,,,,,,NIKON Zemax catalog 2017-11 (obtained from http://www.nikon.com)See also HIKARI glass data sheets,,,2017.0,optical glass,HIKARI-optical/E-SFH2,1.86074,23.060801,861231,,0.0213,1.01e-05,243 343,preferred,
750,HIKARI E-SF2,,,,,,,,,,,,2.77,literature (manufacturer datasheet),,,,,,,specs,HIKARI-optical,400.0,700.0,E-SF2,,1.6437793284499698,1.6933146e-08,,,,,density 2.77 g/cm3 stated by the manufacturer's datasheet (E-SF2); formula NULL: a catalog optical glass (composition proprietary); no x-ray / neutron SLD,,,,,,NIKON Zemax catalog 2017-11 (obtained from http://www.nikon.com)See also HIKARI glass data sheets,,,2017.0,optical glass,HIKARI-optical/E-SF2,1.647689,33.799707,648338,,0.0069,8.4e-06,243 343,preferred,
751,HIKARI E-SF03,,,,,,,,,,,,3.53,literature (manufacturer datasheet),,,,,,,specs,HIKARI-optical,400.0,700.0,E-SF03,,1.8395293040148502,5.039746e-09,,,,,density 3.53 g/cm3 stated by the manufacturer's datasheet (E-SF03); formula NULL: a catalog optical glass (composition proprietary); no x-ray / neutron SLD,,,,,,NIKON Zemax catalog 2017-11 (obtained from http://www.nikon.com)See also HIKARI glass data sheets,,,2017.0,optical glass,HIKARI-optical/E-SF03,1.84666,23.776466,847238,,0.0158,1.02e-05,243 343,preferred,
752,HIKARI E-SFS3,,,,,,,,,,,,3.28,literature (manufacturer datasheet),,,,,,,specs,HIKARI-optical,400.0,700.0,E-SFS3,,1.7786915389344948,5.039746e-09,,,,,density 3.28 g/cm3 stated by the manufacturer's datasheet (E-SFS3); formula NULL: a catalog optical glass (composition proprietary); no x-ray / neutron SLD,,,,,,NIKON Zemax catalog 2017-11 (obtained from http://www.nikon.com)See also HIKARI glass data sheets,,,2017.0,optical glass,HIKARI-optical/E-SFS3,1.784696,26.295354,785263,,0.0134,1.02e-05,243 343,preferred,
753,HIKARI E-SF4,,,,,,,,,,,,3.17,literature (manufacturer datasheet),,,,,,,specs,HIKARI-optical,400.0,700.0,E-SF4,,1.7496633426194645,5.039746e-09,,,,,density 3.17 g/cm3 stated by the manufacturer's datasheet (E-SF4); formula NULL: a catalog optical glass (composition proprietary); no x-ray / neutron SLD,,,,,,NIKON Zemax catalog 2017-11 (obtained from http://www.nikon.com)See also HIKARI glass data sheets,,,2017.0,optical glass,HIKARI-optical/E-SF4,1.755199,27.510087,755275,,0.0121,1.02e-05,243 343,preferred,
754,HIKARI E-SF5,,,,,,,,,,,,2.89,literature (manufacturer datasheet),,,,,,,specs,HIKARI-optical,400.0,700.0,E-SF5,,1.6684392440542737,5.039746e-09,,,,,density 2.89 g/cm3 stated by the manufacturer's datasheet (E-SF5); formula NULL: a catalog optical glass (composition proprietary); no x-ray / neutron SLD,,,,,,NIKON Zemax catalog 2017-11 (obtained from http://www.nikon.com)See also HIKARI glass data sheets,,,2017.0,optical glass,HIKARI-optical/E-SF5,1.6727,32.107703,673321,,0.0085,9e-06,243 343,preferred,
755,HIKARI E-SF6,,,,,,,,,,,,3.34,literature (manufacturer datasheet),,,,,,,specs,HIKARI-optical,400.0,700.0,E-SF6,,1.7988212931240428,5.039746e-09,,,,,density 3.34 g/cm3 stated by the manufacturer's datasheet (E-SF6); formula NULL: a catalog optical glass (composition proprietary); no x-ray / neutron SLD,,,,,,NIKON Zemax catalog 2017-11 (obtained from http://www.nikon.com)See also HIKARI glass data sheets,,,2017.0,optical glass,HIKARI-optical/E-SF6,1.805181,25.430397,805254,,0.0148,1.06e-05,243 343,preferred,
756,HIKARI E-SF7,,,,,,,,,,,,2.77,literature (manufacturer datasheet),,,,,,,specs,HIKARI-optical,400.0,700.0,E-SF7,,1.6360156979554177,3.555824e-08,,,,,density 2.77 g/cm3 stated by the manufacturer's datasheet (E-SF7); formula NULL: a catalog optical glass (composition proprietary); no x-ray / neutron SLD,,,,,,NIKON Zemax catalog 2017-11 (obtained from http://www.nikon.com)See also HIKARI glass data sheets,,,2017.0,optical glass,HIKARI-optical/E-SF7,1.6398,34.563661,640346,,0.0022,8.6e-06,243 343,preferred,
757,HIKARI E-SF8,,,,,,,,,,,,2.93,literature (manufacturer datasheet),,,,,,,specs,HIKARI-optical,400.0,700.0,E-SF8,,1.6844269255124966,5.039746e-09,,,,,density 2.93 g/cm3 stated by the manufacturer's datasheet (E-SF8); formula NULL: a catalog optical glass (composition proprietary); no x-ray / neutron SLD,,,,,,NIKON Zemax catalog 2017-11 (obtained from http://www.nikon.com)See also HIKARI glass data sheets,,,2017.0,optical glass,HIKARI-optical/E-SF8,1.688931,31.070978,689311,,0.0079,9.1e-06,243 343,preferred,
758,HIKARI E-SF10,,,,,,,,,,,,3.07,literature (manufacturer datasheet),,,,,,,specs,HIKARI-optical,400.0,700.0,E-SF10,,1.7230782939332419,5.039746e-09,,,,,density 3.07 g/cm3 stated by the manufacturer's datasheet (E-SF10); formula NULL: a catalog optical glass (composition proprietary); no x-ray / neutron SLD,,,,,,NIKON Zemax catalog 2017-11 (obtained from http://www.nikon.com)See also HIKARI glass data sheets,,,2017.0,optical glass,HIKARI-optical/E-SF10,1.72825,28.459666,728285,,0.011,9.6e-06,243 343,preferred,
759,HIKARI E-SF11,,,,,,,,,,,,3.22,literature (manufacturer datasheet),,,,,,,specs,HIKARI-optical,400.0,700.0,E-SF11,,1.7785836556336858,2.3795166e-08,,,,,density 3.22 g/cm3 stated by the manufacturer's datasheet (E-SF11); formula NULL: a catalog optical glass (composition proprietary); no x-ray / neutron SLD,,,,,,NIKON Zemax catalog 2017-11 (obtained from http://www.nikon.com)See also HIKARI glass data sheets,,,2017.0,optical glass,HIKARI-optical/E-SF11,1.784723,25.679481,785257,,0.0146,1e-05,243 343,preferred,
760,HIKARI E-SF13,,,,,,,,,,,,3.13,literature (manufacturer datasheet),,,,,,,specs,HIKARI-optical,400.0,700.0,E-SF13,,1.7353889965465943,8.458480000000001e-09,,,,,density 3.13 g/cm3 stated by the manufacturer's datasheet (E-SF13); formula NULL: a catalog optical glass (composition proprietary); no x-ray / neutron SLD,,,,,,NIKON Zemax catalog 2017-11 (obtained from http://www.nikon.com)See also HIKARI glass data sheets,,,2017.0,optical glass,HIKARI-optical/E-SF13,1.740769,27.784828,741278,,0.0115,9.1e-06,243 343,preferred,
761,HIKARI E-SF14,,,,,,,,,,,,3.16,literature (manufacturer datasheet),,,,,,,specs,HIKARI-optical,400.0,700.0,E-SF14,,1.7560444318746427,3.737082e-08,,,,,density 3.16 g/cm3 stated by the manufacturer's datasheet (E-SF14); formula NULL: a catalog optical glass (composition proprietary); no x-ray / neutron SLD,,,,,,NIKON Zemax catalog 2017-11 (obtained from http://www.nikon.com)See also HIKARI glass data sheets,,,2017.0,optical glass,HIKARI-optical/E-SF14,1.76182,26.556301,762266,,0.0122,9.4e-06,243 343,preferred,
762,HIKARI E-SF15,,,,,,,,,,,,2.97,literature (manufacturer datasheet),,,,,,,specs,HIKARI-optical,400.0,700.0,E-SF15,,1.6942426691590557,2.198978e-08,,,,,density 2.97 g/cm3 stated by the manufacturer's datasheet (E-SF15); formula NULL: a catalog optical glass (composition proprietary); no x-ray / neutron SLD,,,,,,NIKON Zemax catalog 2017-11 (obtained from http://www.nikon.com)See also HIKARI glass data sheets,,,2017.0,optical glass,HIKARI-optical/E-SF15,1.698947,30.128584,699301,,0.0092,9.1e-06,243 343,preferred,
763,HIKARI J-SF1,,,,,,,,,,,,3.07,literature (manufacturer datasheet),,,,,,,specs,HIKARI-optical,388.865,2058.09,J-SF1,,1.7124453458075688,4.89872e-08,,,,,density 3.07 g/cm3 stated by the manufacturer's datasheet (J-SF1); formula NULL: a catalog optical glass (composition proprietary); no x-ray / neutron SLD,,,,,,NIKON Zemax catalog 2017-11 (obtained from http://www.nikon.com)See also HIKARI glass data sheets,,,2017.0,optical glass,HIKARI-optical/J-SF1,1.71736,29.572863,717296,,0.0089,9.3e-06,243 343,,
764,HIKARI J-SFH1,,,,,,,,,,,,3.31,literature (manufacturer datasheet),,,,,,,specs,HIKARI-optical,388.865,2058.09,J-SFH1,,1.801004270710999,5.2437019999999995e-08,,,,,density 3.31 g/cm3 stated by the manufacturer's datasheet (J-SFH1); formula NULL: a catalog optical glass (composition proprietary); no x-ray / neutron SLD,,,,,,NIKON Zemax catalog 2017-11 (obtained from http://www.nikon.com)See also HIKARI glass data sheets,,,2017.0,optical glass,HIKARI-optical/J-SFH1,1.80809,22.738831,808227,,0.0226,9.1e-06,243 343,,
765,HIKARI J-SF2,,,,,,,,,,,,2.72,literature (manufacturer datasheet),,,,,,,specs,HIKARI-optical,388.865,2058.09,J-SF2,,1.6437699620425428,2.8682359999999997e-08,,,,,density 2.72 g/cm3 stated by the manufacturer's datasheet (J-SF2); formula NULL: a catalog optical glass (composition proprietary); no x-ray / neutron SLD,,,,,,NIKON Zemax catalog 2017-11 (obtained from http://www.nikon.com)See also HIKARI glass data sheets,,,2017.0,optical glass,HIKARI-optical/J-SF2,1.64769,33.723654,648337,,0.0053,9e-06,243 343,,
766,HIKARI J-SFH2,,,,,,,,,,,,3.82,literature (manufacturer datasheet),,,,,,,specs,HIKARI-optical,388.865,2058.09,J-SFH2,,1.8532914455077723,5.900276e-08,,,,,density 3.82 g/cm3 stated by the manufacturer's datasheet (J-SFH2); formula NULL: a catalog optical glass (composition proprietary); no x-ray / neutron SLD,,,,,,NIKON Zemax catalog 2017-11 (obtained from http://www.nikon.com)See also HIKARI glass data sheets,,,2017.0,optical glass,HIKARI-optical/J-SFH2,1.86074,23.077896,861231,,0.0202,8.4e-06,243 343,,
767,HIKARI J-SF03,,,,,,,,,,,,3.53,literature (manufacturer datasheet),,,,,,,specs,HIKARI-optical,388.865,2058.09,J-SF03,,1.8395389076221147,8.654472e-08,,,,,density 3.53 g/cm3 stated by the manufacturer's datasheet (J-SF03); formula NULL: a catalog optical glass (composition proprietary); no x-ray / neutron SLD,,,,,,NIKON Zemax catalog 2017-11 (obtained from http://www.nikon.com)See also HIKARI glass data sheets,,,2017.0,optical glass,HIKARI-optical/J-SF03,1.84666,23.796566,847238,,0.0171,8.1e-06,243 343,,
768,HIKARI J-SF03HS,,,,,,,,,,,,3.53,literature (manufacturer datasheet),,,,,,,specs,HIKARI-optical,388.865,2058.09,J-SF03HS,,1.8395389076221147,,,,,,density 3.53 g/cm3 stated by the manufacturer's datasheet (J-SF03HS); formula NULL: a catalog optical glass (composition proprietary); no x-ray / neutron SLD,,,,,,NIKON Zemax catalog 2017-11 (obtained from http://www.nikon.com)See also HIKARI glass data sheets,,,2017.0,optical glass,HIKARI-optical/J-SF03HS,1.84666,23.796566,847238,,0.0171,8.1e-06,243 343,,
769,HIKARI J-SFS3,,,,,,,,,,,,3.28,literature (manufacturer datasheet),,,,,,,specs,HIKARI-optical,388.865,2058.09,J-SFS3,,1.7786865396611318,5.917044e-08,,,,,density 3.28 g/cm3 stated by the manufacturer's datasheet (J-SFS3); formula NULL: a catalog optical glass (composition proprietary); no x-ray / neutron SLD,,,,,,NIKON Zemax catalog 2017-11 (obtained from http://www.nikon.com)See also HIKARI glass data sheets,,,2017.0,optical glass,HIKARI-optical/J-SFS3,1.7847,26.268169,785263,,0.0128,8.4e-06,243 343,,
770,HIKARI J-SF4,,,,,,,,,,,,3.22,literature (manufacturer datasheet),,,,,,,specs,HIKARI-optical,388.865,2058.09,J-SF4,,1.7496714262399786,4.554068e-08,,,,,density 3.22 g/cm3 stated by the manufacturer's datasheet (J-SF4); formula NULL: a catalog optical glass (composition proprietary); no x-ray / neutron SLD,,,,,,NIKON Zemax catalog 2017-11 (obtained from http://www.nikon.com)See also HIKARI glass data sheets,,,2017.0,optical glass,HIKARI-optical/J-SF4,1.7552,27.57111,755276,,0.0112,8.4e-06,243 343,,
771,HIKARI J-SF5,,,,,,,,,,,,2.9,literature (manufacturer datasheet),,,,,,,specs,HIKARI-optical,388.865,2058.09,J-SF5,,1.668447292392015,4.7350099999999996e-08,,,,,density 2.9 g/cm3 stated by the manufacturer's datasheet (J-SF5); formula NULL: a catalog optical glass (composition proprietary); no x-ray / neutron SLD,,,,,,NIKON Zemax catalog 2017-11 (obtained from http://www.nikon.com)See also HIKARI glass data sheets,,,2017.0,optical glass,HIKARI-optical/J-SF5,1.6727,32.185454,673322,,0.0069,8.5e-06,243 343,,
772,HIKARI J-SF6,,,,,,,,,,,,3.34,literature (manufacturer datasheet),,,,,,,specs,HIKARI-optical,388.865,2058.09,J-SF6,,1.7988230203380298,6.77301e-08,,,,,density 3.34 g/cm3 stated by the manufacturer's datasheet (J-SF6); formula NULL: a catalog optical glass (composition proprietary); no x-ray / neutron SLD,,,,,,NIKON Zemax catalog 2017-11 (obtained from http://www.nikon.com)See also HIKARI glass data sheets,,,2017.0,optical glass,HIKARI-optical/J-SF6,1.80518,25.448348,805254,,0.014,8.6e-06,243 343,,
773,HIKARI J-SF6HS,,,,,,,,,,,,3.34,literature (manufacturer datasheet),,,,,,,specs,HIKARI-optical,388.865,2058.09,J-SF6HS,,1.7988230203380298,4.390358e-08,,,,,density 3.34 g/cm3 stated by the manufacturer's datasheet (J-SF6HS); formula NULL: a catalog optical glass (composition proprietary); no x-ray / neutron SLD,,,,,,NIKON Zemax catalog 2017-11 (obtained from http://www.nikon.com)See also HIKARI glass data sheets,,,2017.0,optical glass,HIKARI-optical/J-SF6HS,1.80518,25.448348,805254,,0.014,8.6e-06,243 343,,
774,HIKARI J-SF7,,,,,,,,,,,,2.76,literature (manufacturer datasheet),,,,,,,specs,HIKARI-optical,388.865,2058.09,J-SF7,,1.6360157846500674,3.7190580000000004e-08,,,,,density 2.76 g/cm3 stated by the manufacturer's datasheet (J-SF7); formula NULL: a catalog optical glass (composition proprietary); no x-ray / neutron SLD,,,,,,NIKON Zemax catalog 2017-11 (obtained from http://www.nikon.com)See also HIKARI glass data sheets,,,2017.0,optical glass,HIKARI-optical/J-SF7,1.6398,34.546201,640345,,0.0051,7.9e-06,243 343,,
775,HIKARI J-SF8,,,,,,,,,,,,2.93,literature (manufacturer datasheet),,,,,,,specs,HIKARI-optical,388.865,2058.09,J-SF8,,1.6844381399348163,3.211832e-08,,,,,density 2.93 g/cm3 stated by the manufacturer's datasheet (J-SF8); formula NULL: a catalog optical glass (composition proprietary); no x-ray / neutron SLD,,,,,,NIKON Zemax catalog 2017-11 (obtained from http://www.nikon.com)See also HIKARI glass data sheets,,,2017.0,optical glass,HIKARI-optical/J-SF8,1.68893,31.163593,689312,,0.0072,9.2e-06,243 343,,
776,HIKARI J-SF10,,,,,,,,,,,,3.06,literature (manufacturer datasheet),,,,,,,specs,HIKARI-optical,388.865,2058.09,J-SF10,,1.7230615332643322,5.0626339999999995e-08,,,,,density 3.06 g/cm3 stated by the manufacturer's datasheet (J-SF10); formula NULL: a catalog optical glass (composition proprietary); no x-ray / neutron SLD,,,,,,NIKON Zemax catalog 2017-11 (obtained from http://www.nikon.com)See also HIKARI glass data sheets,,,2017.0,optical glass,HIKARI-optical/J-SF10,1.72825,28.378835,728284,,0.0101,8.9e-06,243 343,,
777,HIKARI J-SF11,,,,,,,,,,,,3.25,literature (manufacturer datasheet),,,,,,,specs,HIKARI-optical,388.865,2058.09,J-SF11,,1.778568353511205,4.226784e-08,,,,,density 3.25 g/cm3 stated by the manufacturer's datasheet (J-SF11); formula NULL: a catalog optical glass (composition proprietary); no x-ray / neutron SLD,,,,,,NIKON Zemax catalog 2017-11 (obtained from http://www.nikon.com)See also HIKARI glass data sheets,,,2017.0,optical glass,HIKARI-optical/J-SF11,1.78472,25.63842,785256,,0.0144,8.6e-06,243 343,,
778,HIKARI J-SF13,,,,,,,,,,,,3.1,literature (manufacturer datasheet),,,,,,,specs,HIKARI-optical,388.865,2058.09,J-SF13,,1.735377975912992,6.426972e-08,,,,,density 3.1 g/cm3 stated by the manufacturer's datasheet (J-SF13); formula NULL: a catalog optical glass (composition proprietary); no x-ray / neutron SLD,,,,,,NIKON Zemax catalog 2017-11 (obtained from http://www.nikon.com)See also HIKARI glass data sheets,,,2017.0,optical glass,HIKARI-optical/J-SF13,1.74077,27.740933,741277,,0.011,8.6e-06,243 343,,
779,HIKARI J-SF14,,,,,,,,,,,,3.17,literature (manufacturer datasheet),,,,,,,specs,HIKARI-optical,388.865,2058.09,J-SF14,,1.7560482597849099,3.7020440000000005e-08,,,,,density 3.17 g/cm3 stated by the manufacturer's datasheet (J-SF14); formula NULL: a catalog optical glass (composition proprietary); no x-ray / neutron SLD,,,,,,NIKON Zemax catalog 2017-11 (obtained from http://www.nikon.com)See also HIKARI glass data sheets,,,2017.0,optical glass,HIKARI-optical/J-SF14,1.76182,26.584374,762266,,0.013,8.3e-06,243 343,,
780,HIKARI J-SF15,,,,,,,,,,,,2.95,literature (manufacturer datasheet),,,,,,,specs,HIKARI-optical,388.865,2058.09,J-SF15,,1.694245667747794,4.89872e-08,,,,,density 2.95 g/cm3 stated by the manufacturer's datasheet (J-SF15); formula NULL: a catalog optical glass (composition proprietary); no x-ray / neutron SLD,,,,,,NIKON Zemax catalog 2017-11 (obtained from http://www.nikon.com)See also HIKARI glass data sheets,,,2017.0,optical glass,HIKARI-optical/J-SF15,1.69895,30.13069,699301,,0.0083,9.2e-06,243 343,,
781,HIKARI Q-SF6S,,,,,,,,,,,,3.34,literature (manufacturer datasheet),,,,,,,specs,HIKARI-optical,388.8865,2058.09,Q-SF6S,,1.796689367326692,6.77301e-08,,,,,density 3.34 g/cm3 stated by the manufacturer's datasheet (Q-SF6S); formula NULL: a catalog optical glass (composition proprietary); no x-ray / neutron SLD,,,,,,NIKON Zemax catalog 2017-11 (obtained from http://www.nikon.com)See also HIKARI glass data sheets,,,2017.0,optical glass,HIKARI-optical/Q-SF6S,1.80301,25.531943,803255,,0.0138,8.6e-06,243 343,,For mold lens
782,HIKARI BAF3,,,,,,,,,,,,3.28,literature (manufacturer datasheet),,,,,,,specs,HIKARI-optical,400.0,700.0,BAF3,,1.580060965754407,5.039746e-09,,,,,density 3.28 g/cm3 stated by the manufacturer's datasheet (BAF3); formula NULL: a catalog optical glass (composition proprietary); no x-ray / neutron SLD,,,,,,NIKON Zemax catalog 2017-11 (obtained from http://www.nikon.com)See also HIKARI glass data sheets,,,2017.0,optical glass,HIKARI-optical/BAF3,1.58267,46.476929,583465,,0.0009,9.1e-06,243 343,preferred,
783,HIKARI BAF4,,,,,,,,,,,,3.37,literature (manufacturer datasheet),,,,,,,specs,HIKARI-optical,400.0,700.0,BAF4,,1.602755270345148,6.665592e-09,,,,,density 3.37 g/cm3 stated by the manufacturer's datasheet (BAF4); formula NULL: a catalog optical glass (composition proprietary); no x-ray / neutron SLD,,,,,,NIKON Zemax catalog 2017-11 (obtained from http://www.nikon.com)See also HIKARI glass data sheets,,,2017.0,optical glass,HIKARI-optical/BAF4,1.60562,43.767629,606438,,0.0009,7.8e-06,243 343,preferred,
784,HIKARI BAF8,,,,,,,,,,,,3.42,literature (manufacturer datasheet),,,,,,,specs,HIKARI-optical,400.0,700.0,BAF8,,1.6209814291976048,1.0084326000000001e-08,,,,,density 3.42 g/cm3 stated by the manufacturer's datasheet (BAF8); formula NULL: a catalog optical glass (composition proprietary); no x-ray / neutron SLD,,,,,,NIKON Zemax catalog 2017-11 (obtained from http://www.nikon.com)See also HIKARI glass data sheets,,,2017.0,optical glass,HIKARI-optical/BAF8,1.623741,47.07698,624471,,-0.0023,8.4e-06,243 343,preferred,
785,HIKARI BAF10,,,,,,,,,,,,3.83,literature (manufacturer datasheet),,,,,,,specs,HIKARI-optical,400.0,700.0,BAF10,,1.6670648951279148,2.01897e-08,,,,,density 3.83 g/cm3 stated by the manufacturer's datasheet (BAF10); formula NULL: a catalog optical glass (composition proprietary); no x-ray / neutron SLD,,,,,,NIKON Zemax catalog 2017-11 (obtained from http://www.nikon.com)See also HIKARI glass data sheets,,,2017.0,optical glass,HIKARI-optical/BAF10,1.67003,47.049915,670471,670470,-0.0008,8.5e-06,243 343,preferred,
786,HIKARI BAF11,,,,,,,,,,,,3.83,literature (manufacturer datasheet),,,,,,,specs,HIKARI-optical,400.0,700.0,BAF11,,1.6638470754709862,8.458480000000001e-09,,,,,density 3.83 g/cm3 stated by the manufacturer's datasheet (BAF11); formula NULL: a catalog optical glass (composition proprietary); no x-ray / neutron SLD,,,,,,NIKON Zemax catalog 2017-11 (obtained from http://www.nikon.com)See also HIKARI glass data sheets,,,2017.0,optical glass,HIKARI-optical/BAF11,1.66672,48.360121,667484,,-0.0009,8.4e-06,243 343,preferred,
787,HIKARI E-BAF3,,,,,,,,,,,,2.77,literature (manufacturer datasheet),,,,,,,specs,HIKARI-optical,400.0,700.0,E-BAF3,,1.5800609466050899,5.039746e-09,,,,,density 2.77 g/cm3 stated by the manufacturer's datasheet (E-BAF3); formula NULL: a catalog optical glass (composition proprietary); no x-ray / neutron SLD,,,,,,NIKON Zemax catalog 2017-11 (obtained from http://www.nikon.com)See also HIKARI glass data sheets,,,2017.0,optical glass,HIKARI-optical/E-BAF3,1.58267,46.476921,583465,,0.0009,7.6e-06,243 343,preferred,
788,HIKARI E-BAF4,,,,,,,,,,,,2.89,literature (manufacturer datasheet),,,,,,,specs,HIKARI-optical,400.0,700.0,E-BAF4,,1.6027551363649075,5.039746e-09,,,,,density 2.89 g/cm3 stated by the manufacturer's datasheet (E-BAF4); formula NULL: a catalog optical glass (composition proprietary); no x-ray / neutron SLD,,,,,,NIKON Zemax catalog 2017-11 (obtained from http://www.nikon.com)See also HIKARI glass data sheets,,,2017.0,optical glass,HIKARI-optical/E-BAF4,1.60562,43.767613,606438,,0.0009,7.5e-06,243 343,preferred,
789,HIKARI E-BAF8,,,,,,,,,,,,3.14,literature (manufacturer datasheet),,,,,,,specs,HIKARI-optical,400.0,700.0,E-BAF8,,1.620979053456501,1.17116e-08,,,,,density 3.14 g/cm3 stated by the manufacturer's datasheet (E-BAF8); formula NULL: a catalog optical glass (composition proprietary); no x-ray / neutron SLD,,,,,,NIKON Zemax catalog 2017-11 (obtained from http://www.nikon.com)See also HIKARI glass data sheets,,,2017.0,optical glass,HIKARI-optical/E-BAF8,1.62374,47.044346,624470,,-0.0031,8e-06,243 343,preferred,
790,HIKARI E-BAF10,,,,,,,,,,,,3.82,literature (manufacturer datasheet),,,,,,,specs,HIKARI-optical,400.0,700.0,E-BAF10,,1.667074632515998,8.458480000000001e-09,,,,,density 3.82 g/cm3 stated by the manufacturer's datasheet (E-BAF10); formula NULL: a catalog optical glass (composition proprietary); no x-ray / neutron SLD,,,,,,NIKON Zemax catalog 2017-11 (obtained from http://www.nikon.com)See also HIKARI glass data sheets,,,2017.0,optical glass,HIKARI-optical/E-BAF10,1.670029,47.236541,670472,,-0.0022,7.3e-06,243 343,preferred,
791,HIKARI E-BAF11,,,,,,,,,,,,3.53,literature (manufacturer datasheet),,,,,,,specs,HIKARI-optical,400.0,700.0,E-BAF11,,1.663840022062,1.188124e-08,,,,,density 3.53 g/cm3 stated by the manufacturer's datasheet (E-BAF11); formula NULL: a catalog optical glass (composition proprietary); no x-ray / neutron SLD,,,,,,NIKON Zemax catalog 2017-11 (obtained from http://www.nikon.com)See also HIKARI glass data sheets,,,2017.0,optical glass,HIKARI-optical/E-BAF11,1.666718,48.315694,667483,,-0.0028,7.6e-06,243 343,preferred,
792,HIKARI E-BAF12,,,,,,,,,,,,3.22,literature (manufacturer datasheet),,,,,,,specs,HIKARI-optical,400.0,700.0,E-BAF12,,1.6363422711838804,8.458480000000001e-09,,,,,density 3.22 g/cm3 stated by the manufacturer's datasheet (E-BAF12); formula NULL: a catalog optical glass (composition proprietary); no x-ray / neutron SLD,,,,,,NIKON Zemax catalog 2017-11 (obtained from http://www.nikon.com)See also HIKARI glass data sheets,,,2017.0,optical glass,HIKARI-optical/E-BAF12,1.6393,44.882939,639449,,-0.0007,8e-06,243 343,preferred,
793,HIKARI J-BAF3,,,,,,,,,,,,2.74,literature (manufacturer datasheet),,,,,,,specs,HIKARI-optical,365.015,2058.09,J-BAF3,,1.5800635743660656,3.375066e-08,,,,,density 2.74 g/cm3 stated by the manufacturer's datasheet (J-BAF3); formula NULL: a catalog optical glass (composition proprietary); no x-ray / neutron SLD,,,,,,NIKON Zemax catalog 2017-11 (obtained from http://www.nikon.com)See also HIKARI glass data sheets,,,2017.0,optical glass,HIKARI-optical/J-BAF3,1.58267,46.484267,583465,,-0.0001,8.5e-06,243 343,,
794,HIKARI J-BAF4,,,,,,,,,,,,2.89,literature (manufacturer datasheet),,,,,,,specs,HIKARI-optical,365.015,2058.09,J-BAF4,,1.6027349361906247,3.882462e-08,,,,,density 2.89 g/cm3 stated by the manufacturer's datasheet (J-BAF4); formula NULL: a catalog optical glass (composition proprietary); no x-ray / neutron SLD,,,,,,NIKON Zemax catalog 2017-11 (obtained from http://www.nikon.com)See also HIKARI glass data sheets,,,2017.0,optical glass,HIKARI-optical/J-BAF4,1.60562,43.484529,606435,,0.0013,6.2e-06,243 343,preferred,
795,HIKARI J-BAF8,,,,,,,,,,,,3.14,literature (manufacturer datasheet),,,,,,,specs,HIKARI-optical,365.015,2058.09,J-BAF8,,1.6209780535051805,3.03147e-08,,,,,density 3.14 g/cm3 stated by the manufacturer's datasheet (J-BAF8); formula NULL: a catalog optical glass (composition proprietary); no x-ray / neutron SLD,,,,,,NIKON Zemax catalog 2017-11 (obtained from http://www.nikon.com)See also HIKARI glass data sheets,,,2017.0,optical glass,HIKARI-optical/J-BAF8,1.62374,47.008663,624470,,-0.0005,6.7e-06,243 343,preferred,
796,HIKARI J-BAF10,,,,,,,,,,,,3.57,literature (manufacturer datasheet),,,,,,,specs,HIKARI-optical,365.015,2058.09,J-BAF10,,1.6670712545743738,2.868236e-08,,,,,density 3.57 g/cm3 stated by the manufacturer's datasheet (J-BAF10); formula NULL: a catalog optical glass (composition proprietary); no x-ray / neutron SLD,,,,,,NIKON Zemax catalog 2017-11 (obtained from http://www.nikon.com)See also HIKARI glass data sheets,,,2017.0,optical glass,HIKARI-optical/J-BAF10,1.67003,47.141079,670471,,-0.0027,6.7e-06,243 343,,
797,HIKARI J-BAF11,,,,,,,,,,,,3.59,literature (manufacturer datasheet),,,,,,,specs,HIKARI-optical,365.015,2058.09,J-BAF11,,1.663844340314,2.868236e-08,,,,,density 3.59 g/cm3 stated by the manufacturer's datasheet (J-BAF11); formula NULL: a catalog optical glass (composition proprietary); no x-ray / neutron SLD,,,,,,NIKON Zemax catalog 2017-11 (obtained from http://www.nikon.com)See also HIKARI glass data sheets,,,2017.0,optical glass,HIKARI-optical/J-BAF11,1.66672,48.331725,667483,,-0.0029,6.7e-06,243 343,,
798,HIKARI J-BAF12,,,,,,,,,,,,3.23,literature (manufacturer datasheet),,,,,,,specs,HIKARI-optical,365.015,2058.09,J-BAF12,,1.636341386070139,2.361906e-08,,,,,density 3.23 g/cm3 stated by the manufacturer's datasheet (J-BAF12); formula NULL: a catalog optical glass (composition proprietary); no x-ray / neutron SLD,,,,,,NIKON Zemax catalog 2017-11 (obtained from http://www.nikon.com)See also HIKARI glass data sheets,,,2017.0,optical glass,HIKARI-optical/J-BAF12,1.6393,44.834133,639448,,0.0005,6.7e-06,243 343,,
799,HIKARI E-BALF4,,,,,,,,,,,,3.13,literature (manufacturer datasheet),,,,,,,specs,HIKARI-optical,400.0,700.0,E-BALF4,,1.5773082769208415,5.039746e-09,,,,,density 3.13 g/cm3 stated by the manufacturer's datasheet (E-BALF4); formula NULL: a catalog optical glass (composition proprietary); no x-ray / neutron SLD,,,,,,NIKON Zemax catalog 2017-11 (obtained from http://www.nikon.com)See also HIKARI glass data sheets,,,2017.0,optical glass,HIKARI-optical/E-BALF4,1.57957,53.711462,580537,,-0.0011,1e-05,243 343,preferred,
800,HIKARI J-BALF4,,,,,,,,,,,,3.13,literature (manufacturer datasheet),,,,,,,specs,HIKARI-optical,365.015,2058.09,J-BALF4,,1.5773059550722532,2.198978e-08,,,,,density 3.13 g/cm3 stated by the manufacturer's datasheet (J-BALF4); formula NULL: a catalog optical glass (composition proprietary); no x-ray / neutron SLD,,,,,,NIKON Zemax catalog 2017-11 (obtained from http://www.nikon.com)See also HIKARI glass data sheets,,,2017.0,optical glass,HIKARI-optical/J-BALF4,1.57957,53.74283,580537,,-0.0023,8e-06,243 343,,
801,HIKARI BASF2,,,,,,,,,,,,3.93,literature (manufacturer datasheet),,,,,,,specs,HIKARI-optical,400.0,700.0,BASF2,,1.6606680698924032,5.039746e-09,,,,,density 3.93 g/cm3 stated by the manufacturer's datasheet (BASF2); formula NULL: a catalog optical glass (composition proprietary); no x-ray / neutron SLD,,,,,,NIKON Zemax catalog 2017-11 (obtained from http://www.nikon.com)See also HIKARI glass data sheets,,,2017.0,optical glass,HIKARI-optical/BASF2,1.66446,35.913505,664359,,0.0017,9.3e-06,243 343,preferred,
802,HIKARI BASF4,,,,,,,,,,,,3.91,literature (manufacturer datasheet),,,,,,,specs,HIKARI-optical,400.0,700.0,BASF4,,1.6477828832361963,5.039746e-09,,,,,density 3.91 g/cm3 stated by the manufacturer's datasheet (BASF4); formula NULL: a catalog optical glass (composition proprietary); no x-ray / neutron SLD,,,,,,NIKON Zemax catalog 2017-11 (obtained from http://www.nikon.com)See also HIKARI glass data sheets,,,2017.0,optical glass,HIKARI-optical/BASF4,1.65128,38.218241,651382,,0.001,1.01e-05,243 343,preferred,
803,HIKARI BASF6,,,,,,,,,,,,3.79,literature (manufacturer datasheet),,,,,,,specs,HIKARI-optical,400.0,700.0,BASF6,,1.6642715300269224,2.198978e-08,,,,,density 3.79 g/cm3 stated by the manufacturer's datasheet (BASF6); formula NULL: a catalog optical glass (composition proprietary); no x-ray / neutron SLD,,,,,,NIKON Zemax catalog 2017-11 (obtained from http://www.nikon.com)See also HIKARI glass data sheets,,,2017.0,optical glass,HIKARI-optical/BASF6,1.667551,42.00945,668420,,0.0006,9e-06,243 343,preferred,
804,HIKARI BASF7,,,,,,,,,,,,3.98,literature (manufacturer datasheet),,,,,,,specs,HIKARI-optical,400.0,700.0,BASF7,,1.6980203880607145,5.039746e-09,,,,,density 3.98 g/cm3 stated by the manufacturer's datasheet (BASF7); formula NULL: a catalog optical glass (composition proprietary); no x-ray / neutron SLD,,,,,,NIKON Zemax catalog 2017-11 (obtained from http://www.nikon.com)See also HIKARI glass data sheets,,,2017.0,optical glass,HIKARI-optical/BASF7,1.70154,41.166978,702412,,-0.0003,8.8e-06,243 343,preferred,
805,HIKARI BASF8,,,,,,,,,,,,3.79,literature (manufacturer datasheet),,,,,,,specs,HIKARI-optical,400.0,700.0,BASF8,,1.7195122214207998,8.458480000000001e-09,,,,,density 3.79 g/cm3 stated by the manufacturer's datasheet (BASF8); formula NULL: a catalog optical glass (composition proprietary); no x-ray / neutron SLD,,,,,,NIKON Zemax catalog 2017-11 (obtained from http://www.nikon.com)See also HIKARI glass data sheets,,,2017.0,optical glass,HIKARI-optical/BASF8,1.723421,37.969147,723380,,0.0039,9e-06,243 343,preferred,
806,HIKARI BASF12,,,,,,,,,,,,3.93,literature (manufacturer datasheet),,,,,,,specs,HIKARI-optical,400.0,700.0,BASF12,,1.6664665314554887,0.0,,,,,density 3.93 g/cm3 stated by the manufacturer's datasheet (BASF12); formula NULL: a catalog optical glass (composition proprietary); no x-ray / neutron SLD,,,,,,NIKON Zemax catalog 2017-11 (obtained from http://www.nikon.com)See also HIKARI glass data sheets,,,2017.0,optical glass,HIKARI-optical/BASF12,1.66998,39.233289,670392,,0.0002,9.1e-06,243 343,preferred,
807,HIKARI J-BASF2,,,,,,,,,,,,3.08,literature (manufacturer datasheet),,,,,,,specs,HIKARI-optical,365.015,2058.09,J-BASF2,,1.660667952447259,4.390358e-08,,,,,density 3.08 g/cm3 stated by the manufacturer's datasheet (J-BASF2); formula NULL: a catalog optical glass (composition proprietary); no x-ray / neutron SLD,,,,,,NIKON Zemax catalog 2017-11 (obtained from http://www.nikon.com)See also HIKARI glass data sheets,,,2017.0,optical glass,HIKARI-optical/J-BASF2,1.66446,35.870305,664359,,0.0048,8.4e-06,243 343,,
808,HIKARI J-BASF6,,,,,,,,,,,,3.21,literature (manufacturer datasheet),,,,,,,specs,HIKARI-optical,365.015,2058.09,J-BASF6,,1.6642528545976578,4.046036e-08,,,,,density 3.21 g/cm3 stated by the manufacturer's datasheet (J-BASF6); formula NULL: a catalog optical glass (composition proprietary); no x-ray / neutron SLD,,,,,,NIKON Zemax catalog 2017-11 (obtained from http://www.nikon.com)See also HIKARI glass data sheets,,,2017.0,optical glass,HIKARI-optical/J-BASF6,1.66755,41.873908,668419,,0.001,6.6e-06,243 343,,
809,HIKARI J-BASF7,,,,,,,,,,,,3.63,literature (manufacturer datasheet),,,,,,,specs,HIKARI-optical,388.865,2058.09,J-BASF7,,1.6980109162956172,4.554068e-08,,,,,density 3.63 g/cm3 stated by the manufacturer's datasheet (J-BASF7); formula NULL: a catalog optical glass (composition proprietary); no x-ray / neutron SLD,,,,,,NIKON Zemax catalog 2017-11 (obtained from http://www.nikon.com)See also HIKARI glass data sheets,,,2017.0,optical glass,HIKARI-optical/J-BASF7,1.70154,41.018469,702410,,0.0003,6.7e-06,243 343,,
810,HIKARI J-BASF8,,,,,,,,,,,,3.61,literature (manufacturer datasheet),,,,,,,specs,HIKARI-optical,365.015,2058.09,J-BASF8,,1.7195138066667877,4.046036e-08,,,,,density 3.61 g/cm3 stated by the manufacturer's datasheet (J-BASF8); formula NULL: a catalog optical glass (composition proprietary); no x-ray / neutron SLD,,,,,,NIKON Zemax catalog 2017-11 (obtained from http://www.nikon.com)See also HIKARI glass data sheets,,,2017.0,optical glass,HIKARI-optical/J-BASF8,1.72342,38.029744,723380,,0.0024,6.9e-06,243 343,,
811,HIKARI E-BASF2,,,,,,,,,,,,3.1,literature (manufacturer datasheet),,,,,,,specs,HIKARI-optical,400.0,700.0,E-BASF2,,1.6606679403949929,5.039746e-09,,,,,density 3.1 g/cm3 stated by the manufacturer's datasheet (E-BASF2); formula NULL: a catalog optical glass (composition proprietary); no x-ray / neutron SLD,,,,,,NIKON Zemax catalog 2017-11 (obtained from http://www.nikon.com)See also HIKARI glass data sheets,,,2017.0,optical glass,HIKARI-optical/E-BASF2,1.66446,35.9135,664359,,0.0017,1.03e-05,243 343,preferred,
812,HIKARI E-BASF6,,,,,,,,,,,,3.2,literature (manufacturer datasheet),,,,,,,specs,HIKARI-optical,400.0,700.0,E-BASF6,,1.6642667264794415,0.0,,,,,density 3.2 g/cm3 stated by the manufacturer's datasheet (E-BASF6); formula NULL: a catalog optical glass (composition proprietary); no x-ray / neutron SLD,,,,,,NIKON Zemax catalog 2017-11 (obtained from http://www.nikon.com)See also HIKARI glass data sheets,,,2017.0,optical glass,HIKARI-optical/E-BASF6,1.667551,41.964323,668420,,0.0003,8e-06,243 343,preferred,
813,HIKARI E-BASF7,,,,,,,,,,,,3.55,literature (manufacturer datasheet),,,,,,,specs,HIKARI-optical,400.0,700.0,E-BASF7,,1.698020502616064,5.039746e-09,,,,,density 3.55 g/cm3 stated by the manufacturer's datasheet (E-BASF7); formula NULL: a catalog optical glass (composition proprietary); no x-ray / neutron SLD,,,,,,NIKON Zemax catalog 2017-11 (obtained from http://www.nikon.com)See also HIKARI glass data sheets,,,2017.0,optical glass,HIKARI-optical/E-BASF7,1.70154,41.166985,702412,,-0.0003,8.3e-06,243 343,preferred,
814,HIKARI E-BASF8,,,,,,,,,,,,3.58,literature (manufacturer datasheet),,,,,,,specs,HIKARI-optical,400.0,700.0,E-BASF8,,1.719505462203631,5.039746e-09,,,,,density 3.58 g/cm3 stated by the manufacturer's datasheet (E-BASF8); formula NULL: a catalog optical glass (composition proprietary); no x-ray / neutron SLD,,,,,,NIKON Zemax catalog 2017-11 (obtained from http://www.nikon.com)See also HIKARI glass data sheets,,,2017.0,optical glass,HIKARI-optical/E-BASF8,1.72342,37.950657,723380,,0.0028,8.6e-06,243 343,preferred,
815,HIKARI LAF2,,,,,,,,,,,,4.09,literature (manufacturer datasheet),,,,,,,specs,HIKARI-optical,400.0,700.0,LAF2,,1.740552327878683,5.039746e-09,,,,,density 4.09 g/cm3 stated by the manufacturer's datasheet (LAF2); formula NULL: a catalog optical glass (composition proprietary); no x-ray / neutron SLD,,,,,,NIKON Zemax catalog 2017-11 (obtained from http://www.nikon.com)See also HIKARI glass data sheets,,,2017.0,optical glass,HIKARI-optical/LAF2,1.744,45.009021,744450,,-0.0068,7.7e-06,243 343,preferred,
816,HIKARI LAF3,,,,,,,,,,,,3.77,literature (manufacturer datasheet),,,,,,,specs,HIKARI-optical,400.0,700.0,LAF3,,1.7138717207122964,5.039746e-09,,,,,density 3.77 g/cm3 stated by the manufacturer's datasheet (LAF3); formula NULL: a catalog optical glass (composition proprietary); no x-ray / neutron SLD,,,,,,NIKON Zemax catalog 2017-11 (obtained from http://www.nikon.com)See also HIKARI glass data sheets,,,2017.0,optical glass,HIKARI-optical/LAF3,1.717,48.125992,717481,,-0.0078,7.9e-06,243 343,preferred,
817,HIKARI LAF7,,,,,,,,,,,,4.41,literature (manufacturer datasheet),,,,,,,specs,HIKARI-optical,400.0,700.0,LAF7,,1.7451130205175585,5.039746e-09,,,,,density 4.41 g/cm3 stated by the manufacturer's datasheet (LAF7); formula NULL: a catalog optical glass (composition proprietary); no x-ray / neutron SLD,,,,,,NIKON Zemax catalog 2017-11 (obtained from http://www.nikon.com)See also HIKARI glass data sheets,,,2017.0,optical glass,HIKARI-optical/LAF7,1.749501,35.186731,750352,,-0.0027,6.3e-06,243 343,preferred,
818,HIKARI LAF9,,,,,,,,,,,,4.97,literature (manufacturer datasheet),,,,,,,specs,HIKARI-optical,400.0,700.0,LAF9,,1.789399667148755,5.039746e-09,,,,,density 4.97 g/cm3 stated by the manufacturer's datasheet (LAF9); formula NULL: a catalog optical glass (composition proprietary); no x-ray / neutron SLD,,,,,,NIKON Zemax catalog 2017-11 (obtained from http://www.nikon.com)See also HIKARI glass data sheets,,,2017.0,optical glass,HIKARI-optical/LAF9,1.79504,28.565137,795286,,0.0036,7.5e-06,243 343,preferred,
819,HIKARI LAF09,,,,,,,,,,,,4.019,literature (manufacturer datasheet),,,,,,,specs,HIKARI-optical,400.0,700.0,LAF09,,1.6940084421255617,5.039746e-09,,,,,density 4.019 g/cm3 stated by the manufacturer's datasheet (LAF09); formula NULL: a catalog optical glass (composition proprietary); no x-ray / neutron SLD,,,,,,NIKON Zemax catalog 2017-11 (obtained from http://www.nikon.com)See also HIKARI glass data sheets,,,2017.0,optical glass,HIKARI-optical/LAF09,1.697,48.530571,697485,,-0.0018,8.3e-06,243 343,preferred,
820,HIKARI LAF11,,,,,,,,,,,,4.58,literature (manufacturer datasheet),,,,,,,specs,HIKARI-optical,400.0,700.0,LAF11,,1.7520340643193029,5.039746e-09,,,,,density 4.58 g/cm3 stated by the manufacturer's datasheet (LAF11); formula NULL: a catalog optical glass (composition proprietary); no x-ray / neutron SLD,,,,,,NIKON Zemax catalog 2017-11 (obtained from http://www.nikon.com)See also HIKARI glass data sheets,,,2017.0,optical glass,HIKARI-optical/LAF11,1.75692,31.704801,757317,,-0.0001,6.4e-06,243 343,preferred,
821,HIKARI E-LAF01,,,,,,,,,,,,3.69,literature (manufacturer datasheet),,,,,,,specs,HIKARI-optical,400.0,700.0,E-LAF01,,1.6969599760238072,5.039746e-09,,,,,density 3.69 g/cm3 stated by the manufacturer's datasheet (E-LAF01); formula NULL: a catalog optical glass (composition proprietary); no x-ray / neutron SLD,,,,,,NIKON Zemax catalog 2017-11 (obtained from http://www.nikon.com)See also HIKARI glass data sheets,,,2017.0,optical glass,HIKARI-optical/E-LAF01,1.699998,48.078853,700481,,-0.0043,9.1e-06,243 343,preferred,
822,HIKARI E-LAF2,,,,,,,,,,,,4.16,literature (manufacturer datasheet),,,,,,,specs,HIKARI-optical,400.0,700.0,E-LAF2,,1.7405479110894604,5.039746e-09,,,,,density 4.16 g/cm3 stated by the manufacturer's datasheet (E-LAF2); formula NULL: a catalog optical glass (composition proprietary); no x-ray / neutron SLD,,,,,,NIKON Zemax catalog 2017-11 (obtained from http://www.nikon.com)See also HIKARI glass data sheets,,,2017.0,optical glass,HIKARI-optical/E-LAF2,1.743997,44.786312,744448,,-0.0037,7.6e-06,243 343,preferred,
823,HIKARI E-LAF02,,,,,,,,,,,,3.66,literature (manufacturer datasheet),,,,,,,specs,HIKARI-optical,400.0,700.0,E-LAF02,,1.7165865983835926,5.039746e-09,,,,,density 3.66 g/cm3 stated by the manufacturer's datasheet (E-LAF02); formula NULL: a catalog optical glass (composition proprietary); no x-ray / neutron SLD,,,,,,NIKON Zemax catalog 2017-11 (obtained from http://www.nikon.com)See also HIKARI glass data sheets,,,2017.0,optical glass,HIKARI-optical/E-LAF02,1.72,43.683353,720437,,-0.0014,8.2e-06,243 343,preferred,
824,HIKARI E-LAFH2,,,,,,,,,,,,3.58,literature (manufacturer datasheet),,,,,,,specs,HIKARI-optical,400.0,700.0,E-LAFH2,,1.7989921138797558,8.458480000000001e-09,,,,,density 3.58 g/cm3 stated by the manufacturer's datasheet (E-LAFH2); formula NULL: a catalog optical glass (composition proprietary); no x-ray / neutron SLD,,,,,,NIKON Zemax catalog 2017-11 (obtained from http://www.nikon.com)See also HIKARI glass data sheets,,,2017.0,optical glass,HIKARI-optical/E-LAFH2,1.80384,33.889217,804339,,0.0032,7.5e-06,243 343,preferred,
825,HIKARI E-LAF3,,,,,,,,,,,,3.89,literature (manufacturer datasheet),,,,,,,specs,HIKARI-optical,400.0,700.0,E-LAF3,,1.7138852675855463,0.0,,,,,density 3.89 g/cm3 stated by the manufacturer's datasheet (E-LAF3); formula NULL: a catalog optical glass (composition proprietary); no x-ray / neutron SLD,,,,,,NIKON Zemax catalog 2017-11 (obtained from http://www.nikon.com)See also HIKARI glass data sheets,,,2017.0,optical glass,HIKARI-optical/E-LAF3,1.717004,47.933096,717479,,-0.0033,9.6e-06,243 343,preferred,
826,HIKARI E-LAFH3,,,,,,,,,,,,3.63,literature (manufacturer datasheet),,,,,,,specs,HIKARI-optical,400.0,700.0,E-LAFH3,,1.7894339230801393,8.636951999999999e-08,,,,,density 3.63 g/cm3 stated by the manufacturer's datasheet (E-LAFH3); formula NULL: a catalog optical glass (composition proprietary); no x-ray / neutron SLD,,,,,,NIKON Zemax catalog 2017-11 (obtained from http://www.nikon.com)See also HIKARI glass data sheets,,,2017.0,optical glass,HIKARI-optical/E-LAFH3,1.795041,28.688901,795287,,0.0107,8.6e-06,243 343,preferred,
827,HIKARI E-LAF04,,,,,,,,,,,,4.08,literature (manufacturer datasheet),,,,,,,specs,HIKARI-optical,400.0,700.0,E-LAF04,,1.7536817559656181,3.7020440000000005e-08,,,,,density 4.08 g/cm3 stated by the manufacturer's datasheet (E-LAF04); formula NULL: a catalog optical glass (composition proprietary); no x-ray / neutron SLD,,,,,,NIKON Zemax catalog 2017-11 (obtained from http://www.nikon.com)See also HIKARI glass data sheets,,,2017.0,optical glass,HIKARI-optical/E-LAF04,1.756998,47.826989,757478,,-0.0074,6.9e-06,243 343,preferred,
828,HIKARI E-LAF05,,,,,,,,,,,,3.94,literature (manufacturer datasheet),,,,,,,specs,HIKARI-optical,400.0,700.0,E-LAF05,,1.7580824764674212,1.0084326000000001e-08,,,,,density 3.94 g/cm3 stated by the manufacturer's datasheet (E-LAF05); formula NULL: a catalog optical glass (composition proprietary); no x-ray / neutron SLD,,,,,,NIKON Zemax catalog 2017-11 (obtained from http://www.nikon.com)See also HIKARI glass data sheets,,,2017.0,optical glass,HIKARI-optical/E-LAF05,1.762001,40.107044,762401,,-0.0005,7.8e-06,243 343,preferred,
829,HIKARI E-LAF7,,,,,,,,,,,,3.61,literature (manufacturer datasheet),,,,,,,specs,HIKARI-optical,400.0,700.0,E-LAF7,,1.745147825759455,8.458480000000001e-09,,,,,density 3.61 g/cm3 stated by the manufacturer's datasheet (E-LAF7); formula NULL: a catalog optical glass (composition proprietary); no x-ray / neutron SLD,,,,,,NIKON Zemax catalog 2017-11 (obtained from http://www.nikon.com)See also HIKARI glass data sheets,,,2017.0,optical glass,HIKARI-optical/E-LAF7,1.749497,35.281419,749353,,0.0019,8.7e-06,243 343,preferred,
830,HIKARI E-LAF9,,,,,,,,,,,,3.51,literature (manufacturer datasheet),,,,,,,specs,HIKARI-optical,400.0,700.0,E-LAF9,,1.7894103789656062,1.856042e-08,,,,,density 3.51 g/cm3 stated by the manufacturer's datasheet (E-LAF9); formula NULL: a catalog optical glass (composition proprietary); no x-ray / neutron SLD,,,,,,NIKON Zemax catalog 2017-11 (obtained from http://www.nikon.com)See also HIKARI glass data sheets,,,2017.0,optical glass,HIKARI-optical/E-LAF9,1.79504,28.542951,795285,,0.011,8.4e-06,243 343,preferred,
831,HIKARI E-LAF09,,,,,,,,,,,,3.67,literature (manufacturer datasheet),,,,,,,specs,HIKARI-optical,400.0,700.0,E-LAF09,,1.6940085838678243,0.0,,,,,density 3.67 g/cm3 stated by the manufacturer's datasheet (E-LAF09); formula NULL: a catalog optical glass (composition proprietary); no x-ray / neutron SLD,,,,,,NIKON Zemax catalog 2017-11 (obtained from http://www.nikon.com)See also HIKARI glass data sheets,,,2017.0,optical glass,HIKARI-optical/E-LAF09,1.697,48.53059,697485,,-0.0018,8.7e-06,243 343,preferred,
832,HIKARI E-LAF010,,,,,,,,,,,,4.07,literature (manufacturer datasheet),,,,,,,specs,HIKARI-optical,400.0,700.0,E-LAF010,,1.7400339062097427,5.039746e-09,,,,,density 4.07 g/cm3 stated by the manufacturer's datasheet (E-LAF010); formula NULL: a catalog optical glass (composition proprietary); no x-ray / neutron SLD,,,,,,NIKON Zemax catalog 2017-11 (obtained from http://www.nikon.com)See also HIKARI glass data sheets,,,2017.0,optical glass,HIKARI-optical/E-LAF010,1.7432,49.314451,743493,,-0.0089,6.6e-06,243 343,preferred,
833,HIKARI E-LAF11,,,,,,,,,,,,3.52,literature (manufacturer datasheet),,,,,,,specs,HIKARI-optical,400.0,700.0,E-LAF11,,1.752046706310629,8.458480000000001e-09,,,,,density 3.52 g/cm3 stated by the manufacturer's datasheet (E-LAF11); formula NULL: a catalog optical glass (composition proprietary); no x-ray / neutron SLD,,,,,,NIKON Zemax catalog 2017-11 (obtained from http://www.nikon.com)See also HIKARI glass data sheets,,,2017.0,optical glass,HIKARI-optical/E-LAF11,1.75692,31.591329,757316,,0.0056,9.1e-06,243 343,preferred,
834,HIKARI E-LAF016,,,,,,,,,,,,3.63,literature (manufacturer datasheet),,,,,,,specs,HIKARI-optical,400.0,700.0,E-LAF016,,1.7963005691525742,5.039746e-09,,,,,density 3.63 g/cm3 stated by the manufacturer's datasheet (E-LAF016); formula NULL: a catalog optical glass (composition proprietary); no x-ray / neutron SLD,,,,,,NIKON Zemax catalog 2017-11 (obtained from http://www.nikon.com)See also HIKARI glass data sheets,,,2017.0,optical glass,HIKARI-optical/E-LAF016,1.800999,34.963582,801350,,0.0005,7.6e-06,243 343,preferred,
835,HIKARI J-LAF01,,,,,,,,,,,,3.68,literature (manufacturer datasheet),,,,,,,specs,HIKARI-optical,388.865,2058.09,J-LAF01,,1.6969655549780944,2.8682359999999997e-08,,,,,density 3.68 g/cm3 stated by the manufacturer's datasheet (J-LAF01); formula NULL: a catalog optical glass (composition proprietary); no x-ray / neutron SLD,,,,,,NIKON Zemax catalog 2017-11 (obtained from http://www.nikon.com)See also HIKARI glass data sheets,,,2017.0,optical glass,HIKARI-optical/J-LAF01,1.7,48.103628,700481,,-0.0033,7.3e-06,243 343,,
836,HIKARI J-LAF2,,,,,,,,,,,,4.16,literature (manufacturer datasheet),,,,,,,specs,HIKARI-optical,365.015,2058.09,J-LAF2,,1.740544570695863,1.856042e-08,,,,,density 4.16 g/cm3 stated by the manufacturer's datasheet (J-LAF2); formula NULL: a catalog optical glass (composition proprietary); no x-ray / neutron SLD,,,,,,NIKON Zemax catalog 2017-11 (obtained from http://www.nikon.com)See also HIKARI glass data sheets,,,2017.0,optical glass,HIKARI-optical/J-LAF2,1.744,44.804167,744448,,-0.0056,5.8e-06,243 343,,
837,HIKARI J-LAF02,,,,,,,,,,,,3.88,literature (manufacturer datasheet),,,,,,,specs,HIKARI-optical,365.015,2058.09,J-LAF02,,1.716577967055627,2.868236e-08,,,,,density 3.88 g/cm3 stated by the manufacturer's datasheet (J-LAF02); formula NULL: a catalog optical glass (composition proprietary); no x-ray / neutron SLD,,,,,,NIKON Zemax catalog 2017-11 (obtained from http://www.nikon.com)See also HIKARI glass data sheets,,,2017.0,optical glass,HIKARI-optical/J-LAF02,1.72,43.610054,720436,,-0.0029,6.8e-06,243 343,,
838,HIKARI J-LAF3,,,,,,,,,,,,3.93,literature (manufacturer datasheet),,,,,,,specs,HIKARI-optical,365.015,2058.09,J-LAF3,,1.713877953578486,2.5249699999999998e-08,,,,,density 3.93 g/cm3 stated by the manufacturer's datasheet (J-LAF3); formula NULL: a catalog optical glass (composition proprietary); no x-ray / neutron SLD,,,,,,NIKON Zemax catalog 2017-11 (obtained from http://www.nikon.com)See also HIKARI glass data sheets,,,2017.0,optical glass,HIKARI-optical/J-LAF3,1.717,47.974566,717480,,-0.0053,6.1e-06,243 343,,
839,HIKARI J-LAFH3,,,,,,,,,,,,3.61,literature (manufacturer datasheet),,,,,,,specs,HIKARI-optical,388.865,2058.09,J-LAFH3,,1.7894367479180031,4.046036e-08,,,,,density 3.61 g/cm3 stated by the manufacturer's datasheet (J-LAFH3); formula NULL: a catalog optical glass (composition proprietary); no x-ray / neutron SLD,,,,,,NIKON Zemax catalog 2017-11 (obtained from http://www.nikon.com)See also HIKARI glass data sheets,,,2017.0,optical glass,HIKARI-optical/J-LAFH3,1.79504,28.692277,795287,,0.0103,6.8e-06,243 343,,
840,HIKARI J-LAFH3HS,,,,,,,,,,,,3.61,literature (manufacturer datasheet),,,,,,,specs,HIKARI-optical,388.865,2058.09,J-LAFH3HS,,1.7894367479180031,3.522158e-08,,,,,density 3.61 g/cm3 stated by the manufacturer's datasheet (J-LAFH3HS); formula NULL: a catalog optical glass (composition proprietary); no x-ray / neutron SLD,,,,,,NIKON Zemax catalog 2017-11 (obtained from http://www.nikon.com)See also HIKARI glass data sheets,,,2017.0,optical glass,HIKARI-optical/J-LAFH3HS,1.79504,28.692277,795287,,0.0103,6.8e-06,243 343,,
841,HIKARI J-LAF04,,,,,,,,,,,,4.07,literature (manufacturer datasheet),,,,,,,specs,HIKARI-optical,388.865,2058.09,J-LAF04,,1.7536866822889405,3.375066e-08,,,,,density 4.07 g/cm3 stated by the manufacturer's datasheet (J-LAF04); formula NULL: a catalog optical glass (composition proprietary); no x-ray / neutron SLD,,,,,,NIKON Zemax catalog 2017-11 (obtained from http://www.nikon.com)See also HIKARI glass data sheets,,,2017.0,optical glass,HIKARI-optical/J-LAF04,1.757,47.862723,757479,,-0.0084,5.4e-06,243 343,,
842,HIKARI J-LAF05,,,,,,,,,,,,3.94,literature (manufacturer datasheet),,,,,,,specs,HIKARI-optical,365.015,2058.09,J-LAF05,,1.7580775173767604,3.375066e-08,,,,,density 3.94 g/cm3 stated by the manufacturer's datasheet (J-LAF05); formula NULL: a catalog optical glass (composition proprietary); no x-ray / neutron SLD,,,,,,NIKON Zemax catalog 2017-11 (obtained from http://www.nikon.com)See also HIKARI glass data sheets,,,2017.0,optical glass,HIKARI-optical/J-LAF05,1.762,40.113731,762401,,-0.0046,6.3e-06,243 343,,
843,HIKARI J-LAF7,,,,,,,,,,,,3.62,literature (manufacturer datasheet),,,,,,,specs,HIKARI-optical,388.865,2058.09,J-LAF7,,1.7451480199149934,4.89872e-08,,,,,density 3.62 g/cm3 stated by the manufacturer's datasheet (J-LAF7); formula NULL: a catalog optical glass (composition proprietary); no x-ray / neutron SLD,,,,,,NIKON Zemax catalog 2017-11 (obtained from http://www.nikon.com)See also HIKARI glass data sheets,,,2017.0,optical glass,HIKARI-optical/J-LAF7,1.7495,35.248835,750352,,0.0029,7.3e-06,243 343,,
844,HIKARI J-LAF09,,,,,,,,,,,,3.74,literature (manufacturer datasheet),,,,,,,specs,HIKARI-optical,388.865,2058.09,J-LAF09,,1.6939960611955818,4.390358e-08,,,,,density 3.74 g/cm3 stated by the manufacturer's datasheet (J-LAF09); formula NULL: a catalog optical glass (composition proprietary); no x-ray / neutron SLD,,,,,,NIKON Zemax catalog 2017-11 (obtained from http://www.nikon.com)See also HIKARI glass data sheets,,,2017.0,optical glass,HIKARI-optical/J-LAF09,1.697,48.449887,697484,,-0.0043,6.9e-06,243 343,preferred,
845,HIKARI J-LAF010,,,,,,,,,,,,4.15,literature (manufacturer datasheet),,,,,,,specs,HIKARI-optical,365.015,2058.09,J-LAF010,,1.7400335959499897,3.375066e-08,,,,,density 4.15 g/cm3 stated by the manufacturer's datasheet (J-LAF010); formula NULL: a catalog optical glass (composition proprietary); no x-ray / neutron SLD,,,,,,NIKON Zemax catalog 2017-11 (obtained from http://www.nikon.com)See also HIKARI glass data sheets,,,2017.0,optical glass,HIKARI-optical/J-LAF010,1.7432,49.257188,743493,,-0.0092,4.9e-06,243 343,,
846,HIKARI J-LAF016,,,,,,,,,,,,3.63,literature (manufacturer datasheet),,,,,,,specs,HIKARI-optical,388.865,2058.09,J-LAF016,,1.796297167432015,3.882462e-08,,,,,density 3.63 g/cm3 stated by the manufacturer's datasheet (J-LAF016); formula NULL: a catalog optical glass (composition proprietary); no x-ray / neutron SLD,,,,,,NIKON Zemax catalog 2017-11 (obtained from http://www.nikon.com)See also HIKARI glass data sheets,,,2017.0,optical glass,HIKARI-optical/J-LAF016,1.801,34.923057,801349,,-0.0004,6.2e-06,243 343,,
847,HIKARI J-LAF016HS,,,,,,,,,,,,3.63,literature (manufacturer datasheet),,,,,,,specs,HIKARI-optical,388.865,2058.09,J-LAF016HS,,1.796297167432015,3.522158e-08,,,,,density 3.63 g/cm3 stated by the manufacturer's datasheet (J-LAF016HS); formula NULL: a catalog optical glass (composition proprietary); no x-ray / neutron SLD,,,,,,NIKON Zemax catalog 2017-11 (obtained from http://www.nikon.com)See also HIKARI glass data sheets,,,2017.0,optical glass,HIKARI-optical/J-LAF016HS,1.801,34.923057,801349,,-0.0004,6.2e-06,243 343,,
848,HIKARI P-LAF010S,,,,,,,,,,,,4.29,literature (manufacturer datasheet),,,,,,,specs,HIKARI-optical,400.0,700.0,P-LAF010S,,1.739840552157335,8.458480000000001e-09,,,,,density 4.29 g/cm3 stated by the manufacturer's datasheet (P-LAF010S); formula NULL: a catalog optical glass (composition proprietary); no x-ray / neutron SLD,,,,,,NIKON Zemax catalog 2017-11 (obtained from http://www.nikon.com)See also HIKARI glass data sheets,,,2017.0,optical glass,HIKARI-optical/P-LAF010S,1.742999,49.277592,743493,,-0.0078,7.2e-06,243 343,preferred,Low Tg glass
849,HIKARI Q-LAFPH1S,,,,,,,,,,,,4.25,literature (manufacturer datasheet),,,,,,,specs,HIKARI-optical,365.015,2058.09,Q-LAFPH1S,,1.739951966774262,5.039746e-09,,,,,density 4.25 g/cm3 stated by the manufacturer's datasheet (Q-LAFPH1S); formula NULL: a catalog optical glass (composition proprietary); no x-ray / neutron SLD,,,,,,NIKON Zemax catalog 2017-11 (obtained from http://www.nikon.com)See also HIKARI glass data sheets,,,2017.0,optical glass,HIKARI-optical/Q-LAFPH1S,1.743104,49.436916,743494,,-0.0084,5.2e-06,243 343,,For mold lens
850,HIKARI Q-LAF010S,,,,,,,,,,,,4.29,literature (manufacturer datasheet),,,,,,,specs,HIKARI-optical,365.015,2058.09,Q-LAF010S,,1.7398382115969389,1.856042e-08,,,,,density 4.29 g/cm3 stated by the manufacturer's datasheet (Q-LAF010S); formula NULL: a catalog optical glass (composition proprietary); no x-ray / neutron SLD,,,,,,NIKON Zemax catalog 2017-11 (obtained from http://www.nikon.com)See also HIKARI glass data sheets,,,2017.0,optical glass,HIKARI-optical/Q-LAF010S,1.743,49.24759,743492,,-0.0083,5.4e-06,243 343,,For mold lens
851,HIKARI LASF01,,,,,,,,,,,,4.27,literature (manufacturer datasheet),,,,,,,specs,HIKARI-optical,400.0,700.0,LASF01,,1.7821933678871429,6.665592e-09,,,,,density 4.27 g/cm3 stated by the manufacturer's datasheet (LASF01); formula NULL: a catalog optical glass (composition proprietary); no x-ray / neutron SLD,,,,,,NIKON Zemax catalog 2017-11 (obtained from http://www.nikon.com)See also HIKARI glass data sheets,,,2017.0,optical glass,HIKARI-optical/LASF01,1.7859,44.174079,786442,,-0.007,7.4e-06,243 343,preferred,
852,HIKARI LASF02,,,,,,,,,,,,4.33,literature (manufacturer datasheet),,,,,,,specs,HIKARI-optical,400.0,700.0,LASF02,,1.795586359734205,5.039746e-09,,,,,density 4.33 g/cm3 stated by the manufacturer's datasheet (LASF02); formula NULL: a catalog optical glass (composition proprietary); no x-ray / neutron SLD,,,,,,NIKON Zemax catalog 2017-11 (obtained from http://www.nikon.com)See also HIKARI glass data sheets,,,2017.0,optical glass,HIKARI-optical/LASF02,1.79952,42.242359,800422,,-0.0075,7.4e-06,243 343,preferred,
853,HIKARI LASFH6,,,,,,,,,,,,4.62,literature (manufacturer datasheet),,,,,,,specs,HIKARI-optical,400.0,700.0,LASFH6,,1.8011491439942815,1.17116e-08,,,,,density 4.62 g/cm3 stated by the manufacturer's datasheet (LASFH6); formula NULL: a catalog optical glass (composition proprietary); no x-ray / neutron SLD,,,,,,NIKON Zemax catalog 2017-11 (obtained from http://www.nikon.com)See also HIKARI glass data sheets,,,2017.0,optical glass,HIKARI-optical/LASFH6,1.8061,33.267264,806333,,-0.0004,7.5e-06,243 343,preferred,
854,HIKARI LASF010,,,,,,,,,,,,4.32,literature (manufacturer datasheet),,,,,,,specs,HIKARI-optical,400.0,700.0,LASF010,,1.8293998200894632,5.039746e-09,,,,,density 4.32 g/cm3 stated by the manufacturer's datasheet (LASF010); formula NULL: a catalog optical glass (composition proprietary); no x-ray / neutron SLD,,,,,,NIKON Zemax catalog 2017-11 (obtained from http://www.nikon.com)See also HIKARI glass data sheets,,,2017.0,optical glass,HIKARI-optical/LASF010,1.834,37.338765,834373,,-0.003,7.9e-06,243 343,preferred,
855,HIKARI E-LASF01,,,,,,,,,,,,4.24,literature (manufacturer datasheet),,,,,,,specs,HIKARI-optical,400.0,700.0,E-LASF01,,1.7821934373966455,5.039746e-09,,,,,density 4.24 g/cm3 stated by the manufacturer's datasheet (E-LASF01); formula NULL: a catalog optical glass (composition proprietary); no x-ray / neutron SLD,,,,,,NIKON Zemax catalog 2017-11 (obtained from http://www.nikon.com)See also HIKARI glass data sheets,,,2017.0,optical glass,HIKARI-optical/E-LASF01,1.7859,44.174088,786442,,-0.007,7.6e-06,243 343,preferred,
856,HIKARI E-LASF02,,,,,,,,,,,,4.32,literature (manufacturer datasheet),,,,,,,specs,HIKARI-optical,400.0,700.0,E-LASF02,,1.7955863317968612,5.039746e-09,,,,,density 4.32 g/cm3 stated by the manufacturer's datasheet (E-LASF02); formula NULL: a catalog optical glass (composition proprietary); no x-ray / neutron SLD,,,,,,NIKON Zemax catalog 2017-11 (obtained from http://www.nikon.com)See also HIKARI glass data sheets,,,2017.0,optical glass,HIKARI-optical/E-LASF02,1.79952,42.242361,800422,,-0.0075,6.8e-06,243 343,preferred,
857,HIKARI E-LASFH2,,,,,,,,,,,,4.1,literature (manufacturer datasheet),,,,,,,specs,HIKARI-optical,400.0,700.0,E-LASFH2,,1.7634172387170635,6.665592e-09,,,,,density 4.1 g/cm3 stated by the manufacturer's datasheet (E-LASFH2); formula NULL: a catalog optical glass (composition proprietary); no x-ray / neutron SLD,,,,,,NIKON Zemax catalog 2017-11 (obtained from http://www.nikon.com)See also HIKARI glass data sheets,,,2017.0,optical glass,HIKARI-optical/E-LASFH2,1.76684,46.804913,767468,,-0.0073,6.8e-06,243 343,preferred,
858,HIKARI E-LASF03,,,,,,,,,,,,4.31,literature (manufacturer datasheet),,,,,,,specs,HIKARI-optical,400.0,700.0,E-LASF03,,1.8020240172605662,8.458480000000001e-09,,,,,density 4.31 g/cm3 stated by the manufacturer's datasheet (E-LASF03); formula NULL: a catalog optical glass (composition proprietary); no x-ray / neutron SLD,,,,,,NIKON Zemax catalog 2017-11 (obtained from http://www.nikon.com)See also HIKARI glass data sheets,,,2017.0,optical glass,HIKARI-optical/E-LASF03,1.8061,40.942316,806409,,-0.0063,6.7e-06,243 343,preferred,
859,HIKARI E-LASF04,,,,,,,,,,,,4.56,literature (manufacturer datasheet),,,,,,,specs,HIKARI-optical,400.0,700.0,E-LASF04,,1.8117050160134596,0.0,,,,,density 4.56 g/cm3 stated by the manufacturer's datasheet (E-LASF04); formula NULL: a catalog optical glass (composition proprietary); no x-ray / neutron SLD,,,,,,NIKON Zemax catalog 2017-11 (obtained from http://www.nikon.com)See also HIKARI glass data sheets,,,2017.0,optical glass,HIKARI-optical/E-LASF04,1.81554,44.342093,816443,,-0.009,7.6e-06,243 343,preferred,
860,HIKARI E-LASF05,,,,,,,,,,,,4.79,literature (manufacturer datasheet),,,,,,,specs,HIKARI-optical,400.0,700.0,E-LASF05,,1.8307417970091278,7.630598e-08,,,,,density 4.79 g/cm3 stated by the manufacturer's datasheet (E-LASF05); formula NULL: a catalog optical glass (composition proprietary); no x-ray / neutron SLD,,,,,,NIKON Zemax catalog 2017-11 (obtained from http://www.nikon.com)See also HIKARI glass data sheets,,,2017.0,optical glass,HIKARI-optical/E-LASF05,1.834807,42.722417,835427,,-0.009,7.5e-06,243 343,preferred,
861,HIKARI E-LASFH6,,,,,,,,,,,,3.76,literature (manufacturer datasheet),,,,,,,specs,HIKARI-optical,400.0,700.0,E-LASFH6,,1.8011487316688721,4.554068e-08,,,,,density 3.76 g/cm3 stated by the manufacturer's datasheet (E-LASFH6); formula NULL: a catalog optical glass (composition proprietary); no x-ray / neutron SLD,,,,,,NIKON Zemax catalog 2017-11 (obtained from http://www.nikon.com)See also HIKARI glass data sheets,,,2017.0,optical glass,HIKARI-optical/E-LASFH6,1.8061,33.265207,806333,,0.0025,8.3e-06,243 343,preferred,
862,HIKARI E-LASF08,,,,,,,,,,,,5.48,literature (manufacturer datasheet),,,,,,,specs,HIKARI-optical,400.0,700.0,E-LASF08,,1.8785071023358941,4.554068e-08,,,,,density 5.48 g/cm3 stated by the manufacturer's datasheet (E-LASF08); formula NULL: a catalog optical glass (composition proprietary); no x-ray / neutron SLD,,,,,,NIKON Zemax catalog 2017-11 (obtained from http://www.nikon.com)See also HIKARI glass data sheets,,,2017.0,optical glass,HIKARI-optical/E-LASF08,1.882997,40.764336,883408,,-0.0092,7.8e-06,243 343,preferred,
863,HIKARI E-LASF09,,,,,,,,,,,,4.98,literature (manufacturer datasheet),,,,,,,specs,HIKARI-optical,400.0,700.0,E-LASF09,,1.8123425941843487,0.0,,,,,density 4.98 g/cm3 stated by the manufacturer's datasheet (E-LASF09); formula NULL: a catalog optical glass (composition proprietary); no x-ray / neutron SLD,,,,,,NIKON Zemax catalog 2017-11 (obtained from http://www.nikon.com)See also HIKARI glass data sheets,,,2017.0,optical glass,HIKARI-optical/E-LASF09,1.816,46.623347,816466,,-0.0092,7.7e-06,243 343,preferred,
864,HIKARI E-LASFH9,,,,,,,,,,,,5.52,literature (manufacturer datasheet),,,,,,,specs,HIKARI-optical,400.0,700.0,E-LASFH9,,1.8974563274812242,0.0,,,,,density 5.52 g/cm3 stated by the manufacturer's datasheet (E-LASFH9); formula NULL: a catalog optical glass (composition proprietary); no x-ray / neutron SLD,,,,,,NIKON Zemax catalog 2017-11 (obtained from http://www.nikon.com)See also HIKARI glass data sheets,,,2017.0,optical glass,HIKARI-optical/E-LASFH9,1.90265,35.699754,903357,,-0.0046,7.5e-06,243 343,preferred,
865,HIKARI E-LASF010,,,,,,,,,,,,4.28,literature (manufacturer datasheet),,,,,,,specs,HIKARI-optical,400.0,700.0,E-LASF010,,1.8293757160137698,5.039746e-09,,,,,density 4.28 g/cm3 stated by the manufacturer's datasheet (E-LASF010); formula NULL: a catalog optical glass (composition proprietary); no x-ray / neutron SLD,,,,,,NIKON Zemax catalog 2017-11 (obtained from http://www.nikon.com)See also HIKARI glass data sheets,,,2017.0,optical glass,HIKARI-optical/E-LASF010,1.834,37.159899,834372,,-0.0046,6.8e-06,243 343,preferred,
866,HIKARI E-LASF013,,,,,,,,,,,,4.2,literature (manufacturer datasheet),,,,,,,specs,HIKARI-optical,400.0,700.0,E-LASF013,,1.800195994097382,2.01897e-08,,,,,density 4.2 g/cm3 stated by the manufacturer's datasheet (E-LASF013); formula NULL: a catalog optical glass (composition proprietary); no x-ray / neutron SLD,,,,,,NIKON Zemax catalog 2017-11 (obtained from http://www.nikon.com)See also HIKARI glass data sheets,,,2017.0,optical glass,HIKARI-optical/E-LASF013,1.804398,39.578982,804396,,-0.0052,6.5e-06,243 343,preferred,
867,HIKARI E-LASFH13,,,,,,,,,,,,4.66,literature (manufacturer datasheet),,,,,,,specs,HIKARI-optical,400.0,700.0,E-LASFH13,,1.8977792312984318,8.802191999999999e-08,,,,,density 4.66 g/cm3 stated by the manufacturer's datasheet (E-LASFH13); formula NULL: a catalog optical glass (composition proprietary); no x-ray / neutron SLD,,,,,,NIKON Zemax catalog 2017-11 (obtained from http://www.nikon.com)See also HIKARI glass data sheets,,,2017.0,optical glass,HIKARI-optical/E-LASFH13,1.90366,31.273204,904313,,0.0037,7.9e-06,243 343,preferred,
868,HIKARI E-LASF014,,,,,,,,,,,,4.36,literature (manufacturer datasheet),,,,,,,specs,HIKARI-optical,400.0,700.0,E-LASF014,,1.784519258668663,2.6882039999999998e-08,,,,,density 4.36 g/cm3 stated by the manufacturer's datasheet (E-LASF014); formula NULL: a catalog optical glass (composition proprietary); no x-ray / neutron SLD,,,,,,NIKON Zemax catalog 2017-11 (obtained from http://www.nikon.com)See also HIKARI glass data sheets,,,2017.0,optical glass,HIKARI-optical/E-LASF014,1.788001,47.378774,788474,,-0.0089,7.1e-06,243 343,preferred,
869,HIKARI E-LASF015,,,,,,,,,,,,4.59,literature (manufacturer datasheet),,,,,,,specs,HIKARI-optical,400.0,700.0,E-LASF015,,1.800391117122227,5.039746e-09,,,,,density 4.59 g/cm3 stated by the manufacturer's datasheet (E-LASF015); formula NULL: a catalog optical glass (composition proprietary); no x-ray / neutron SLD,,,,,,NIKON Zemax catalog 2017-11 (obtained from http://www.nikon.com)See also HIKARI glass data sheets,,,2017.0,optical glass,HIKARI-optical/E-LASF015,1.804,46.575968,804466,,-0.0089,7.8e-06,243 343,preferred,
870,HIKARI E-LASFH15,,,,,,,,,,,,4.78,literature (manufacturer datasheet),,,,,,,specs,HIKARI-optical,400.0,700.0,E-LASFH15,,1.943437157736658,3.882462e-08,,,,,density 4.78 g/cm3 stated by the manufacturer's datasheet (E-LASFH15); formula NULL: a catalog optical glass (composition proprietary); no x-ray / neutron SLD,,,,,,NIKON Zemax catalog 2017-11 (obtained from http://www.nikon.com)See also HIKARI glass data sheets,,,2017.0,optical glass,HIKARI-optical/E-LASFH15,1.95,29.36536,950294,,0.0058,8.6e-06,243 343,preferred,
871,HIKARI E-LASF016,,,,,,,,,,,,4.25,literature (manufacturer datasheet),,,,,,,specs,HIKARI-optical,400.0,700.0,E-LASF016,,1.7692291834125746,5.039746e-09,,,,,density 4.25 g/cm3 stated by the manufacturer's datasheet (E-LASF016); formula NULL: a catalog optical glass (composition proprietary); no x-ray / neutron SLD,,,,,,NIKON Zemax catalog 2017-11 (obtained from http://www.nikon.com)See also HIKARI glass data sheets,,,2017.0,optical glass,HIKARI-optical/E-LASF016,1.772499,49.60759,772496,,-0.009,7.1e-06,243 343,preferred,
872,HIKARI E-LASF017,,,,,,,,,,,,4.33,literature (manufacturer datasheet),,,,,,,specs,HIKARI-optical,400.0,700.0,E-LASF017,,1.7913338854013365,5.039746e-09,,,,,density 4.33 g/cm3 stated by the manufacturer's datasheet (E-LASF017); formula NULL: a catalog optical glass (composition proprietary); no x-ray / neutron SLD,,,,,,NIKON Zemax catalog 2017-11 (obtained from http://www.nikon.com)See also HIKARI glass data sheets,,,2017.0,optical glass,HIKARI-optical/E-LASF017,1.794997,45.287974,795453,,-0.0086,7e-06,243 343,preferred,
873,HIKARI E-LASFH17,,,,,,,,,,,,4.68,literature (manufacturer datasheet),,,,,,,specs,HIKARI-optical,400.0,700.0,E-LASFH17,,1.9927827265435751,6.410214e-08,,,,,density 4.68 g/cm3 stated by the manufacturer's datasheet (E-LASFH17); formula NULL: a catalog optical glass (composition proprietary); no x-ray / neutron SLD,,,,,,NIKON Zemax catalog 2017-11 (obtained from http://www.nikon.com)See also HIKARI glass data sheets,,,2017.0,optical glass,HIKARI-optical/E-LASFH17,2.00069,25.454379,001255,,0.0131,8.1e-06,243 343,preferred,
874,HIKARI E-LASF021,,,,,,,,,,,,4.34,literature (manufacturer datasheet),,,,,,,specs,HIKARI-optical,400.0,700.0,E-LASF021,,1.844901079097109,6.591361999999999e-08,,,,,density 4.34 g/cm3 stated by the manufacturer's datasheet (E-LASF021); formula NULL: a catalog optical glass (composition proprietary); no x-ray / neutron SLD,,,,,,NIKON Zemax catalog 2017-11 (obtained from http://www.nikon.com)See also HIKARI glass data sheets,,,2017.0,optical glass,HIKARI-optical/E-LASF021,1.85026,32.348145,850323,,0.0041,8.1e-06,243 343,preferred,
875,HIKARI J-LASF01,,,,,,,,,,,,4.25,literature (manufacturer datasheet),,,,,,,specs,HIKARI-optical,365.015,2058.09,J-LASF01,,1.782194501725039,1.3507085999999999e-08,,,,,density 4.25 g/cm3 stated by the manufacturer's datasheet (J-LASF01); formula NULL: a catalog optical glass (composition proprietary); no x-ray / neutron SLD,,,,,,NIKON Zemax catalog 2017-11 (obtained from http://www.nikon.com)See also HIKARI glass data sheets,,,2017.0,optical glass,HIKARI-optical/J-LASF01,1.7859,44.169881,786442,,-0.0078,5.9e-06,243 343,,
876,HIKARI J-LASF02,,,,,,,,,,,,4.51,literature (manufacturer datasheet),,,,,,,specs,HIKARI-optical,365.015,2058.09,J-LASF02,,1.7955770381427756,3.702044e-08,,,,,density 4.51 g/cm3 stated by the manufacturer's datasheet (J-LASF02); formula NULL: a catalog optical glass (composition proprietary); no x-ray / neutron SLD,,,,,,NIKON Zemax catalog 2017-11 (obtained from http://www.nikon.com)See also HIKARI glass data sheets,,,2017.0,optical glass,HIKARI-optical/J-LASF02,1.79952,42.086944,800421,,-0.007,5.3e-06,243 343,,
877,HIKARI J-LASFH2,,,,,,,,,,,,4.11,literature (manufacturer datasheet),,,,,,,specs,HIKARI-optical,388.865,2058.09,J-LASFH2,,1.7634108194292393,3.53847e-08,,,,,density 4.11 g/cm3 stated by the manufacturer's datasheet (J-LASFH2); formula NULL: a catalog optical glass (composition proprietary); no x-ray / neutron SLD,,,,,,NIKON Zemax catalog 2017-11 (obtained from http://www.nikon.com)See also HIKARI glass data sheets,,,2017.0,optical glass,HIKARI-optical/J-LASFH2,1.76684,46.777867,767468,,-0.0083,5.5e-06,243 343,,
878,HIKARI J-LASF03,,,,,,,,,,,,4.31,literature (manufacturer datasheet),,,,,,,specs,HIKARI-optical,365.015,2058.09,J-LASF03,,1.802020064233242,2.5249699999999998e-08,,,,,density 4.31 g/cm3 stated by the manufacturer's datasheet (J-LASF03); formula NULL: a catalog optical glass (composition proprietary); no x-ray / neutron SLD,,,,,,NIKON Zemax catalog 2017-11 (obtained from http://www.nikon.com)See also HIKARI glass data sheets,,,2017.0,optical glass,HIKARI-optical/J-LASF03,1.8061,40.975266,806410,,-0.0068,5.2e-06,243 343,,
879,HIKARI J-LASF05,,,,,,,,,,,,4.79,literature (manufacturer datasheet),,,,,,,specs,HIKARI-optical,365.015,2058.09,J-LASF05,,1.8307515117585416,2.5249699999999998e-08,,,,,density 4.79 g/cm3 stated by the manufacturer's datasheet (J-LASF05); formula NULL: a catalog optical glass (composition proprietary); no x-ray / neutron SLD,,,,,,NIKON Zemax catalog 2017-11 (obtained from http://www.nikon.com)See also HIKARI glass data sheets,,,2017.0,optical glass,HIKARI-optical/J-LASF05,1.83481,42.733437,835427,,-0.0079,5.5e-06,243 343,,
880,HIKARI J-LASF05HS,,,,,,,,,,,,4.79,literature (manufacturer datasheet),,,,,,,specs,HIKARI-optical,365.015,2058.09,J-LASF05HS,,1.8307515117585416,2.5086719999999998e-08,,,,,density 4.79 g/cm3 stated by the manufacturer's datasheet (J-LASF05HS); formula NULL: a catalog optical glass (composition proprietary); no x-ray / neutron SLD,,,,,,NIKON Zemax catalog 2017-11 (obtained from http://www.nikon.com)See also HIKARI glass data sheets,,,2017.0,optical glass,HIKARI-optical/J-LASF05HS,1.83481,42.733437,835427,,-0.0079,5.5e-06,243 343,,
881,HIKARI J-LASFH6,,,,,,,,,,,,3.77,literature (manufacturer datasheet),,,,,,,specs,HIKARI-optical,365.015,2058.09,J-LASFH6,,1.8011609001634783,2.5249699999999998e-08,,,,,density 3.77 g/cm3 stated by the manufacturer's datasheet (J-LASFH6); formula NULL: a catalog optical glass (composition proprietary); no x-ray / neutron SLD,,,,,,NIKON Zemax catalog 2017-11 (obtained from http://www.nikon.com)See also HIKARI glass data sheets,,,2017.0,optical glass,HIKARI-optical/J-LASFH6,1.8061,33.344981,806333,,0.002,7.1e-06,243 343,,
882,HIKARI J-LASF08,,,,,,,,,,,,5.47,literature (manufacturer datasheet),,,,,,,specs,HIKARI-optical,388.865,2058.09,J-LASF08,,1.8784971309929486,3.7020440000000005e-08,,,,,density 5.47 g/cm3 stated by the manufacturer's datasheet (J-LASF08); formula NULL: a catalog optical glass (composition proprietary); no x-ray / neutron SLD,,,,,,NIKON Zemax catalog 2017-11 (obtained from http://www.nikon.com)See also HIKARI glass data sheets,,,2017.0,optical glass,HIKARI-optical/J-LASF08,1.883,40.657188,883407,,-0.0093,6.4e-06,243 343,preferred,
883,HIKARI J-LASF08A,,,,,,,,,,,,5.41,literature (manufacturer datasheet),,,,,,,specs,HIKARI-optical,365.015,2058.09,J-LASF08A,,1.8785035679779782,6.245654e-08,,,,,density 5.41 g/cm3 stated by the manufacturer's datasheet (J-LASF08A); formula NULL: a catalog optical glass (composition proprietary); no x-ray / neutron SLD,,,,,,NIKON Zemax catalog 2017-11 (obtained from http://www.nikon.com)See also HIKARI glass data sheets,,,2017.0,optical glass,HIKARI-optical/J-LASF08A,1.883,40.688965,883407,,-0.0088,6.2e-06,243 343,,
884,HIKARI J-LASF09,,,,,,,,,,,,4.98,literature (manufacturer datasheet),,,,,,,specs,HIKARI-optical,365.015,2058.09,J-LASF09,,1.8123385400271643,3.375066e-08,,,,,density 4.98 g/cm3 stated by the manufacturer's datasheet (J-LASF09); formula NULL: a catalog optical glass (composition proprietary); no x-ray / neutron SLD,,,,,,NIKON Zemax catalog 2017-11 (obtained from http://www.nikon.com)See also HIKARI glass data sheets,,,2017.0,optical glass,HIKARI-optical/J-LASF09,1.816,46.589656,816466,,-0.0095,5.8e-06,243 343,preferred,
885,HIKARI J-LASF09A,,,,,,,,,,,,4.99,literature (manufacturer datasheet),,,,,,,specs,HIKARI-optical,365.015,2058.09,J-LASF09A,,1.8123393338046851,2.851608e-08,,,,,density 4.99 g/cm3 stated by the manufacturer's datasheet (J-LASF09A); formula NULL: a catalog optical glass (composition proprietary); no x-ray / neutron SLD,,,,,,NIKON Zemax catalog 2017-11 (obtained from http://www.nikon.com)See also HIKARI glass data sheets,,,2017.0,optical glass,HIKARI-optical/J-LASF09A,1.816,46.594128,816466,,-0.0096,5.6e-06,243 343,,
886,HIKARI J-LASFH9,,,,,,,,,,,,5.17,literature (manufacturer datasheet),,,,,,,specs,HIKARI-optical,365.015,2058.09,J-LASFH9,,1.897459201096757,4.89872e-08,,,,,density 5.17 g/cm3 stated by the manufacturer's datasheet (J-LASFH9); formula NULL: a catalog optical glass (composition proprietary); no x-ray / neutron SLD,,,,,,NIKON Zemax catalog 2017-11 (obtained from http://www.nikon.com)See also HIKARI glass data sheets,,,2017.0,optical glass,HIKARI-optical/J-LASFH9,1.90265,35.725382,903357,,-0.0039,6.5e-06,243 343,preferred,
887,HIKARI J-LASFH9A,,,,,,,,,,,,4.91,literature (manufacturer datasheet),,,,,,,specs,HIKARI-optical,365.015,2058.09,J-LASFH9A,,1.8974696058646232,,,,,,density 4.91 g/cm3 stated by the manufacturer's datasheet (J-LASFH9A); formula NULL: a catalog optical glass (composition proprietary); no x-ray / neutron SLD,,,,,,NIKON Zemax catalog 2017-11 (obtained from http://www.nikon.com)See also HIKARI glass data sheets,,,2017.0,optical glass,HIKARI-optical/J-LASFH9A,1.90265,35.770703,903358,,-0.0028,6.2e-06,243 343,,
888,HIKARI J-LASF010,,,,,,,,,,,,4.28,literature (manufacturer datasheet),,,,,,,specs,HIKARI-optical,365.015,2058.09,J-LASF010,,1.8293784933090882,3.211832e-08,,,,,density 4.28 g/cm3 stated by the manufacturer's datasheet (J-LASF010); formula NULL: a catalog optical glass (composition proprietary); no x-ray / neutron SLD,,,,,,NIKON Zemax catalog 2017-11 (obtained from http://www.nikon.com)See also HIKARI glass data sheets,,,2017.0,optical glass,HIKARI-optical/J-LASF010,1.834,37.183793,834372,,-0.0042,5.4e-06,243 343,,
889,HIKARI J-LASF013,,,,,,,,,,,,4.2,literature (manufacturer datasheet),,,,,,,specs,HIKARI-optical,365.015,2058.09,J-LASF013,,1.8001963535469634,1.3507085999999999e-08,,,,,density 4.2 g/cm3 stated by the manufacturer's datasheet (J-LASF013); formula NULL: a catalog optical glass (composition proprietary); no x-ray / neutron SLD,,,,,,NIKON Zemax catalog 2017-11 (obtained from http://www.nikon.com)See also HIKARI glass data sheets,,,2017.0,optical glass,HIKARI-optical/J-LASF013,1.8044,39.607321,804396,,-0.006,5.1e-06,243 343,,
890,HIKARI J-LASFH13,,,,,,,,,,,,4.66,literature (manufacturer datasheet),,,,,,,specs,HIKARI-optical,388.865,2058.09,J-LASFH13,,1.8977797210592666,7.778024e-08,,,,,density 4.66 g/cm3 stated by the manufacturer's datasheet (J-LASFH13); formula NULL: a catalog optical glass (composition proprietary); no x-ray / neutron SLD,,,,,,NIKON Zemax catalog 2017-11 (obtained from http://www.nikon.com)See also HIKARI glass data sheets,,,2017.0,optical glass,HIKARI-optical/J-LASFH13,1.90366,31.274235,904313,,0.0029,6.7e-06,243 343,,
891,HIKARI J-LASFH13HS,,,,,,,,,,,,4.66,literature (manufacturer datasheet),,,,,,,specs,HIKARI-optical,388.865,2058.09,J-LASFH13HS,,1.8977797210592666,1.0176674000000001e-07,,,,,density 4.66 g/cm3 stated by the manufacturer's datasheet (J-LASFH13HS); formula NULL: a catalog optical glass (composition proprietary); no x-ray / neutron SLD,,,,,,NIKON Zemax catalog 2017-11 (obtained from http://www.nikon.com)See also HIKARI glass data sheets,,,2017.0,optical glass,HIKARI-optical/J-LASFH13HS,1.90366,31.274235,904313,,0.0029,6.7e-06,243 343,,
892,HIKARI J-LASF014,,,,,,,,,,,,4.36,literature (manufacturer datasheet),,,,,,,specs,HIKARI-optical,365.015,2058.09,J-LASF014,,1.7845173706358206,2.361906e-08,,,,,density 4.36 g/cm3 stated by the manufacturer's datasheet (J-LASF014); formula NULL: a catalog optical glass (composition proprietary); no x-ray / neutron SLD,,,,,,NIKON Zemax catalog 2017-11 (obtained from http://www.nikon.com)See also HIKARI glass data sheets,,,2017.0,optical glass,HIKARI-optical/J-LASF014,1.788,47.354706,788474,,-0.009,5.7e-06,243 343,,
893,HIKARI J-LASF015,,,,,,,,,,,,4.57,literature (manufacturer datasheet),,,,,,,specs,HIKARI-optical,365.015,2058.09,J-LASF015,,1.8003950315287147,3.882462e-08,,,,,density 4.57 g/cm3 stated by the manufacturer's datasheet (J-LASF015); formula NULL: a catalog optical glass (composition proprietary); no x-ray / neutron SLD,,,,,,NIKON Zemax catalog 2017-11 (obtained from http://www.nikon.com)See also HIKARI glass data sheets,,,2017.0,optical glass,HIKARI-optical/J-LASF015,1.804,46.59767,804466,,-0.0087,6e-06,243 343,,
894,HIKARI J-LASFH15,,,,,,,,,,,,4.79,literature (manufacturer datasheet),,,,,,,specs,HIKARI-optical,388.865,2058.09,J-LASFH15,,1.943438762070947,4.2097460000000004e-08,,,,,density 4.79 g/cm3 stated by the manufacturer's datasheet (J-LASFH15); formula NULL: a catalog optical glass (composition proprietary); no x-ray / neutron SLD,,,,,,NIKON Zemax catalog 2017-11 (obtained from http://www.nikon.com)See also HIKARI glass data sheets,,,2017.0,optical glass,HIKARI-optical/J-LASFH15,1.95,29.366344,950294,,0.005,7.4e-06,243 343,,
895,HIKARI J-LASF016,,,,,,,,,,,,4.26,literature (manufacturer datasheet),,,,,,,specs,HIKARI-optical,365.015,2058.09,J-LASF016,,1.769231201832765,2.01897e-08,,,,,density 4.26 g/cm3 stated by the manufacturer's datasheet (J-LASF016); formula NULL: a catalog optical glass (composition proprietary); no x-ray / neutron SLD,,,,,,NIKON Zemax catalog 2017-11 (obtained from http://www.nikon.com)See also HIKARI glass data sheets,,,2017.0,optical glass,HIKARI-optical/J-LASF016,1.7725,49.620185,772496,,-0.0093,5.5e-06,243 343,,
896,HIKARI J-LASFH16,,,,,,,,,,,,5.1,literature (manufacturer datasheet),,,,,,,specs,HIKARI-optical,388.865,2058.09,J-LASFH16,,1.9940278530148632,2.7051720000000003e-08,,,,,density 5.1 g/cm3 stated by the manufacturer's datasheet (J-LASFH16); formula NULL: a catalog optical glass (composition proprietary); no x-ray / neutron SLD,,,,,,NIKON Zemax catalog 2017-11 (obtained from http://www.nikon.com)See also HIKARI glass data sheets,,,2017.0,optical glass,HIKARI-optical/J-LASFH16,2.001,29.123651,001291,,0.0041,7.1e-06,243 343,,
897,HIKARI J-LASF017,,,,,,,,,,,,4.34,literature (manufacturer datasheet),,,,,,,specs,HIKARI-optical,365.015,2058.09,J-LASF017,,1.7913377105308133,2.5249699999999998e-08,,,,,density 4.34 g/cm3 stated by the manufacturer's datasheet (J-LASF017); formula NULL: a catalog optical glass (composition proprietary); no x-ray / neutron SLD,,,,,,NIKON Zemax catalog 2017-11 (obtained from http://www.nikon.com)See also HIKARI glass data sheets,,,2017.0,optical glass,HIKARI-optical/J-LASF017,1.795,45.309666,795453,,-0.0085,6.4e-06,243 343,,
898,HIKARI J-LASFH17,,,,,,,,,,,,4.69,literature (manufacturer datasheet),,,,,,,specs,HIKARI-optical,388.865,2058.09,J-LASFH17,,1.99278664776611,4.390358e-08,,,,,density 4.69 g/cm3 stated by the manufacturer's datasheet (J-LASFH17); formula NULL: a catalog optical glass (composition proprietary); no x-ray / neutron SLD,,,,,,NIKON Zemax catalog 2017-11 (obtained from http://www.nikon.com)See also HIKARI glass data sheets,,,2017.0,optical glass,HIKARI-optical/J-LASFH17,2.00069,25.455728,001255,,0.0123,6.8e-06,243 343,,
899,HIKARI J-LASFH17HS,,,,,,,,,,,,4.69,literature (manufacturer datasheet),,,,,,,specs,HIKARI-optical,388.865,2058.09,J-LASFH17HS,,1.99278664776611,7.43159e-08,,,,,density 4.69 g/cm3 stated by the manufacturer's datasheet (J-LASFH17HS); formula NULL: a catalog optical glass (composition proprietary); no x-ray / neutron SLD,,,,,,NIKON Zemax catalog 2017-11 (obtained from http://www.nikon.com)See also HIKARI glass data sheets,,,2017.0,optical glass,HIKARI-optical/J-LASFH17HS,2.00069,25.455728,001255,,0.0123,6.8e-06,243 343,,
900,HIKARI J-LASF021,,,,,,,,,,,,4.37,literature (manufacturer datasheet),,,,,,,specs,HIKARI-optical,388.865,2058.09,J-LASF021,,1.844905307239286,4.554068e-08,,,,,density 4.37 g/cm3 stated by the manufacturer's datasheet (J-LASF021); formula NULL: a catalog optical glass (composition proprietary); no x-ray / neutron SLD,,,,,,NIKON Zemax catalog 2017-11 (obtained from http://www.nikon.com)See also HIKARI glass data sheets,,,2017.0,optical glass,HIKARI-optical/J-LASF021,1.85026,32.352867,850324,,0.0046,7e-06,243 343,,
901,HIKARI J-LASF021HS,,,,,,,,,,,,4.37,literature (manufacturer datasheet),,,,,,,specs,HIKARI-optical,388.865,2058.09,J-LASF021HS,,1.844905307239286,6.755922000000001e-08,,,,,density 4.37 g/cm3 stated by the manufacturer's datasheet (J-LASF021HS); formula NULL: a catalog optical glass (composition proprietary); no x-ray / neutron SLD,,,,,,NIKON Zemax catalog 2017-11 (obtained from http://www.nikon.com)See also HIKARI glass data sheets,,,2017.0,optical glass,HIKARI-optical/J-LASF021HS,1.85026,32.352867,850324,,0.0046,7e-06,243 343,,
902,HIKARI J-LASFH21,,,,,,,,,,,,5.05,literature (manufacturer datasheet),,,,,,,specs,HIKARI-optical,388.865,2058.09,J-LASFH21,,1.947732140326979,4.046036e-08,,,,,density 5.05 g/cm3 stated by the manufacturer's datasheet (J-LASFH21); formula NULL: a catalog optical glass (composition proprietary); no x-ray / neutron SLD,,,,,,NIKON Zemax catalog 2017-11 (obtained from http://www.nikon.com)See also HIKARI glass data sheets,,,2017.0,optical glass,HIKARI-optical/J-LASFH21,1.95375,32.334656,954323,,0.0004,7e-06,243 343,,
903,HIKARI J-LASFH22,,,,,,,,,,,,5.08,literature (manufacturer datasheet),,,,,,,specs,HIKARI-optical,365.015,2058.09,J-LASFH22,,1.8444690617758142,6.9374e-08,,,,,density 5.08 g/cm3 stated by the manufacturer's datasheet (J-LASFH22); formula NULL: a catalog optical glass (composition proprietary); no x-ray / neutron SLD,,,,,,NIKON Zemax catalog 2017-11 (obtained from http://www.nikon.com)See also HIKARI glass data sheets,,,2017.0,optical glass,HIKARI-optical/J-LASFH22,1.8485,43.790731,848438,,-0.0089,6.3e-06,243 343,,
904,HIKARI J-LASFH23,,,,,,,,,,,,3.9,literature (manufacturer datasheet),,,,,,,specs,HIKARI-optical,388.865,2058.09,J-LASFH23,,1.843659099810871,4.554068e-08,,,,,density 3.9 g/cm3 stated by the manufacturer's datasheet (J-LASFH23); formula NULL: a catalog optical glass (composition proprietary); no x-ray / neutron SLD,,,,,,NIKON Zemax catalog 2017-11 (obtained from http://www.nikon.com)See also HIKARI glass data sheets,,,2017.0,optical glass,HIKARI-optical/J-LASFH23,1.85,27.027002,850270,,0.0103,7.6e-06,243 343,,
905,HIKARI J-LASFH24,,,,,,,,,,,,4.1,literature (manufacturer datasheet),,,,,,,specs,HIKARI-optical,388.865,2058.09,J-LASFH24,,1.8948324005756187,5.571666e-08,,,,,density 4.1 g/cm3 stated by the manufacturer's datasheet (J-LASFH24); formula NULL: a catalog optical glass (composition proprietary); no x-ray / neutron SLD,,,,,,NIKON Zemax catalog 2017-11 (obtained from http://www.nikon.com)See also HIKARI glass data sheets,,,2017.0,optical glass,HIKARI-optical/J-LASFH24,1.902,25.263033,902253,,0.0146,7.7e-06,243 343,,
906,HIKARI J-LASFH24HS,,,,,,,,,,,,4.1,literature (manufacturer datasheet),,,,,,,specs,HIKARI-optical,388.865,2058.09,J-LASFH24HS,,1.8948324005756187,5.5552939999999995e-08,,,,,density 4.1 g/cm3 stated by the manufacturer's datasheet (J-LASFH24HS); formula NULL: a catalog optical glass (composition proprietary); no x-ray / neutron SLD,,,,,,NIKON Zemax catalog 2017-11 (obtained from http://www.nikon.com)See also HIKARI glass data sheets,,,2017.0,optical glass,HIKARI-optical/J-LASFH24HS,1.902,25.263033,902253,,,7.7e-06,243 343,,
907,HIKARI P-LASF03S,,,,,,,,,,,,4.47,literature (manufacturer datasheet),,,,,,,specs,HIKARI-optical,400.0,700.0,P-LASF03S,,1.8019464498274045,2.851608e-08,,,,,density 4.47 g/cm3 stated by the manufacturer's datasheet (P-LASF03S); formula NULL: a catalog optical glass (composition proprietary); no x-ray / neutron SLD,,,,,,NIKON Zemax catalog 2017-11 (obtained from http://www.nikon.com)See also HIKARI glass data sheets,,,2017.0,optical glass,HIKARI-optical/P-LASF03S,1.80604,40.774175,806408,,-0.0063,6.9e-06,243 343,preferred,Low Tg glass
908,HIKARI P-LASFH11S,,,,,,,,,,,,4.63,literature (manufacturer datasheet),,,,,,,specs,HIKARI-optical,400.0,700.0,P-LASFH11S,,1.770443494555295,5.9170439999999994e-08,,,,,density 4.63 g/cm3 stated by the manufacturer's datasheet (P-LASFH11S); formula NULL: a catalog optical glass (composition proprietary); no x-ray / neutron SLD,,,,,,NIKON Zemax catalog 2017-11 (obtained from http://www.nikon.com)See also HIKARI glass data sheets,,,2017.0,optical glass,HIKARI-optical/P-LASFH11S,1.77387,47.253126,774473,,-0.0088,7.4e-06,243 343,preferred,Low Tg glass
909,HIKARI P-LASFH12S,,,,,,,,,,,,4.68,literature (manufacturer datasheet),,,,,,,specs,HIKARI-optical,400.0,700.0,P-LASFH12S,,1.7869633269844238,3.7020440000000005e-08,,,,,density 4.68 g/cm3 stated by the manufacturer's datasheet (P-LASFH12S); formula NULL: a catalog optical glass (composition proprietary); no x-ray / neutron SLD,,,,,,NIKON Zemax catalog 2017-11 (obtained from http://www.nikon.com)See also HIKARI glass data sheets,,,2017.0,optical glass,HIKARI-optical/P-LASFH12S,1.790628,44.984151,791450,,-0.0086,7.5e-06,243 343,preferred,Low Tg glass
910,HIKARI P-LASFH18S,,,,,,,,,,,,5.27,literature (manufacturer datasheet),,,,,,,specs,HIKARI-optical,400.0,700.0,P-LASFH18S,,1.8467700415454416,1.0084326000000001e-08,,,,,density 5.27 g/cm3 stated by the manufacturer's datasheet (P-LASFH18S); formula NULL: a catalog optical glass (composition proprietary); no x-ray / neutron SLD,,,,,,NIKON Zemax catalog 2017-11 (obtained from http://www.nikon.com)See also HIKARI glass data sheets,,,2017.0,optical glass,HIKARI-optical/P-LASFH18S,1.85117,40.049954,851400,,-0.0072,7.3e-06,243 343,preferred,Low Tg glass
911,HIKARI P-LASFH19S,,,,,,,,,,,,4.98,literature (manufacturer datasheet),,,,,,,specs,HIKARI-optical,400.0,700.0,P-LASFH19S,,1.8169808733731478,6.665592e-09,,,,,density 4.98 g/cm3 stated by the manufacturer's datasheet (P-LASFH19S); formula NULL: a catalog optical glass (composition proprietary); no x-ray / neutron SLD,,,,,,NIKON Zemax catalog 2017-11 (obtained from http://www.nikon.com)See also HIKARI glass data sheets,,,2017.0,optical glass,HIKARI-optical/P-LASFH19S,1.82098,42.656255,821427,,-0.008,6.8e-06,243 343,preferred,Low Tg glass
912,HIKARI Q-LASFPH2S,,,,,,,,,,,,4.52,literature (manufacturer datasheet),,,,,,,specs,HIKARI-optical,365.015,2058.09,Q-LASFPH2S,,1.7620127842853046,3.03147e-08,,,,,density 4.52 g/cm3 stated by the manufacturer's datasheet (Q-LASFPH2S); formula NULL: a catalog optical glass (composition proprietary); no x-ray / neutron SLD,,,,,,NIKON Zemax catalog 2017-11 (obtained from http://www.nikon.com)See also HIKARI glass data sheets,,,2017.0,optical glass,HIKARI-optical/Q-LASFPH2S,1.765437,46.751378,765468,,-0.0095,5.3e-06,243 343,,For mold lens
913,HIKARI Q-LASF03S,,,,,,,,,,,,4.48,literature (manufacturer datasheet),,,,,,,specs,HIKARI-optical,365.015,2058.09,Q-LASF03S,,1.8019420480662955,3.53847e-08,,,,,density 4.48 g/cm3 stated by the manufacturer's datasheet (Q-LASF03S); formula NULL: a catalog optical glass (composition proprietary); no x-ray / neutron SLD,,,,,,NIKON Zemax catalog 2017-11 (obtained from http://www.nikon.com)See also HIKARI glass data sheets,,,2017.0,optical glass,HIKARI-optical/Q-LASF03S,1.80604,40.737356,806407,,-0.007,7.1e-06,243 343,,For mold lens
914,HIKARI Q-LASFPH3S,,,,,,,,,,,,4.83,literature (manufacturer datasheet),,,,,,,specs,HIKARI-optical,365.015,2058.09,Q-LASFPH3S,,1.791588834439816,3.53847e-08,,,,,density 4.83 g/cm3 stated by the manufacturer's datasheet (Q-LASFPH3S); formula NULL: a catalog optical glass (composition proprietary); no x-ray / neutron SLD,,,,,,NIKON Zemax catalog 2017-11 (obtained from http://www.nikon.com)See also HIKARI glass data sheets,,,2017.0,optical glass,HIKARI-optical/Q-LASFPH3S,1.795256,45.252757,795453,,-0.0095,5.9e-06,243 343,,For mold lens
915,HIKARI Q-LASFH11S,,,,,,,,,,,,4.64,literature (manufacturer datasheet),,,,,,,specs,HIKARI-optical,388.865,2058.09,Q-LASFH11S,,1.7704436023023087,1.856042e-08,,,,,density 4.64 g/cm3 stated by the manufacturer's datasheet (Q-LASFH11S); formula NULL: a catalog optical glass (composition proprietary); no x-ray / neutron SLD,,,,,,NIKON Zemax catalog 2017-11 (obtained from http://www.nikon.com)See also HIKARI glass data sheets,,,2017.0,optical glass,HIKARI-optical/Q-LASFH11S,1.77387,47.252399,774473,,-0.0094,6e-06,243 343,,For mold lens
916,HIKARI Q-LASFH12S,,,,,,,,,,,,4.68,literature (manufacturer datasheet),,,,,,,specs,HIKARI-optical,388.865,2058.09,Q-LASFH12S,,1.7869651428288946,2.361906e-08,,,,,density 4.68 g/cm3 stated by the manufacturer's datasheet (Q-LASFH12S); formula NULL: a catalog optical glass (composition proprietary); no x-ray / neutron SLD,,,,,,NIKON Zemax catalog 2017-11 (obtained from http://www.nikon.com)See also HIKARI glass data sheets,,,2017.0,optical glass,HIKARI-optical/Q-LASFH12S,1.79063,44.984543,791450,,-0.0093,5.8e-06,243 343,,For mold lens
917,HIKARI Q-LASFH18S,,,,,,,,,,,,5.3,literature (manufacturer datasheet),,,,,,,specs,HIKARI-optical,388.865,2058.09,Q-LASFH18S,,1.8467700472946158,3.53847e-08,,,,,density 5.3 g/cm3 stated by the manufacturer's datasheet (Q-LASFH18S); formula NULL: a catalog optical glass (composition proprietary); no x-ray / neutron SLD,,,,,,NIKON Zemax catalog 2017-11 (obtained from http://www.nikon.com)See also HIKARI glass data sheets,,,2017.0,optical glass,HIKARI-optical/Q-LASFH18S,1.85117,40.049815,851400,,-0.0079,5.9e-06,243 343,preferred,For mold lens
918,HIKARI Q-LASFH19S,,,,,,,,,,,,4.97,literature (manufacturer datasheet),,,,,,,specs,HIKARI-optical,365.015,2058.09,Q-LASFH19S,,1.8169808584877103,2.361906e-08,,,,,density 4.97 g/cm3 stated by the manufacturer's datasheet (Q-LASFH19S); formula NULL: a catalog optical glass (composition proprietary); no x-ray / neutron SLD,,,,,,NIKON Zemax catalog 2017-11 (obtained from http://www.nikon.com)See also HIKARI glass data sheets,,,2017.0,optical glass,HIKARI-optical/Q-LASFH19S,1.82098,42.656702,821427,,-0.0086,5.8e-06,243 343,preferred,For mold lens
919,HIKARI Q-LASFH58S,,,,,,,,,,,,5.03,literature (manufacturer datasheet),,,,,,,specs,HIKARI-optical,365.015,2058.09,Q-LASFH58S,,1.8466858658524283,3.882462e-08,,,,,density 5.03 g/cm3 stated by the manufacturer's datasheet (Q-LASFH58S); formula NULL: a catalog optical glass (composition proprietary); no x-ray / neutron SLD,,,,,,NIKON Zemax catalog 2017-11 (obtained from http://www.nikon.com)See also HIKARI glass data sheets,,,2017.0,optical glass,HIKARI-optical/Q-LASFH58S,1.85108,40.123706,851401,,0.0085,6.1e-06,243 343,,
920,HIKARI Q-LASFH59S,,,,,,,,,,,,4.81,literature (manufacturer datasheet),,,,,,,specs,HIKARI-optical,365.015,2058.09,Q-LASFH59S,,1.8169689645224583,3.882462e-08,,,,,density 4.81 g/cm3 stated by the manufacturer's datasheet (Q-LASFH59S); formula NULL: a catalog optical glass (composition proprietary); no x-ray / neutron SLD,,,,,,NIKON Zemax catalog 2017-11 (obtained from http://www.nikon.com)See also HIKARI glass data sheets,,,2017.0,optical glass,HIKARI-optical/Q-LASFH59S,1.82098,42.502165,821425,,-81.0,6e-06,243 343,,
921,HIKARI KZFH1,,,,,,,,,,,,1.0,literature (manufacturer datasheet),,,,,,,specs,HIKARI-optical,400.0,700.0,KZFH1,,1.609777869525444,5.039746e-09,,,,,density 1.0 g/cm3 stated by the manufacturer's datasheet (KZFH1); formula NULL: a catalog optical glass (composition proprietary); no x-ray / neutron SLD,,,,,,NIKON Zemax catalog 2017-11 (obtained from http://www.nikon.com)See also HIKARI glass data sheets,,,2017.0,optical glass,HIKARI-optical/KZFH1,1.612658,44.404011,613444,,-0.008,,,preferred,
922,HIKARI KZFH2,,,,,,,,,,,,1.0,literature (manufacturer datasheet),,,,,,,specs,HIKARI-optical,400.0,700.0,KZFH2,,1.6680488685325363,5.039746e-09,,,,,density 1.0 g/cm3 stated by the manufacturer's datasheet (KZFH2); formula NULL: a catalog optical glass (composition proprietary); no x-ray / neutron SLD,,,,,,NIKON Zemax catalog 2017-11 (obtained from http://www.nikon.com)See also HIKARI glass data sheets,,,2017.0,optical glass,HIKARI-optical/KZFH2,1.671629,38.797887,672388,,-0.0059,,,preferred,
923,HIKARI KZFS4,,,,,,,,,,,,3.2,literature (manufacturer datasheet),,,,,,,specs,HIKARI-optical,400.0,700.0,KZFS4,,1.610506202873462,5.039746e-09,,,,,density 3.2 g/cm3 stated by the manufacturer's datasheet (KZFS4); formula NULL: a catalog optical glass (composition proprietary); no x-ray / neutron SLD,,,,,,NIKON Zemax catalog 2017-11 (obtained from http://www.nikon.com)See also HIKARI glass data sheets,,,2017.0,optical glass,HIKARI-optical/KZFS4,1.6134,44.291828,613443,,-0.0097,5.4e-06,243 343,preferred,
924,HIKARI E-KZFH1,,,,,,,,,,,,2.8,literature (manufacturer datasheet),,,,,,,specs,HIKARI-optical,400.0,700.0,E-KZFH1,,1.6097863194294326,2.5249699999999998e-08,,,,,density 2.8 g/cm3 stated by the manufacturer's datasheet (E-KZFH1); formula NULL: a catalog optical glass (composition proprietary); no x-ray / neutron SLD,,,,,,NIKON Zemax catalog 2017-11 (obtained from http://www.nikon.com)See also HIKARI glass data sheets,,,2017.0,optical glass,HIKARI-optical/E-KZFH1,1.61266,44.461379,613445,,-0.005,7.3e-06,243 343,preferred,
925,HIKARI J-KZFH1,,,,,,,,,,,,2.8,literature (manufacturer datasheet),,,,,,,specs,HIKARI-optical,365.015,2058.09,J-KZFH1,,1.6097862644535175,2.361906e-08,,,,,density 2.8 g/cm3 stated by the manufacturer's datasheet (J-KZFH1); formula NULL: a catalog optical glass (composition proprietary); no x-ray / neutron SLD,,,,,,NIKON Zemax catalog 2017-11 (obtained from http://www.nikon.com)See also HIKARI glass data sheets,,,2017.0,optical glass,HIKARI-optical/J-KZFH1,1.61266,44.457955,613445,,-0.0058,5.7e-06,243 343,,
926,HIKARI J-KZFH4,,,,,,,,,,,,2.62,literature (manufacturer datasheet),,,,,,,specs,HIKARI-optical,365.015,2058.09,J-KZFH4,,1.5508571504249493,2.361906e-08,,,,,density 2.62 g/cm3 stated by the manufacturer's datasheet (J-KZFH4); formula NULL: a catalog optical glass (composition proprietary); no x-ray / neutron SLD,,,,,,NIKON Zemax catalog 2017-11 (obtained from http://www.nikon.com)See also HIKARI glass data sheets,,,2017.0,optical glass,HIKARI-optical/J-KZFH4,1.552981,55.071703,553551,,-0.0073,4.8e-06,243 343,,
927,HIKARI KF6,,,,,,,,,,,,2.66,literature (manufacturer datasheet),,,,,,,specs,HIKARI-optical,400.0,700.0,KF6,,1.5153432594543015,5.039746e-09,,,,,density 2.66 g/cm3 stated by the manufacturer's datasheet (KF6); formula NULL: a catalog optical glass (composition proprietary); no x-ray / neutron SLD,,,,,,NIKON Zemax catalog 2017-11 (obtained from http://www.nikon.com)See also HIKARI glass data sheets,,,2017.0,optical glass,HIKARI-optical/KF6,1.51742,52.30467,517523,,-0.0007,8.3e-06,243 343,preferred,
928,HIKARI E-KF6,,,,,,,,,,,,2.48,literature (manufacturer datasheet),,,,,,,specs,HIKARI-optical,400.0,700.0,E-KF6,,1.5153432678938992,5.039746e-09,,,,,density 2.48 g/cm3 stated by the manufacturer's datasheet (E-KF6); formula NULL: a catalog optical glass (composition proprietary); no x-ray / neutron SLD,,,,,,NIKON Zemax catalog 2017-11 (obtained from http://www.nikon.com)See also HIKARI glass data sheets,,,2017.0,optical glass,HIKARI-optical/E-KF6,1.51742,52.304664,517523,,-0.0007,8.7e-06,243 343,preferred,
929,HIKARI J-KF6,,,,,,,,,,,,2.47,literature (manufacturer datasheet),,,,,,,specs,HIKARI-optical,365.015,2058.09,J-KF6,,1.515340682902475,1.5134359999999997e-08,,,,,density 2.47 g/cm3 stated by the manufacturer's datasheet (J-KF6); formula NULL: a catalog optical glass (composition proprietary); no x-ray / neutron SLD,,,,,,NIKON Zemax catalog 2017-11 (obtained from http://www.nikon.com)See also HIKARI glass data sheets,,,2017.0,optical glass,HIKARI-optical/J-KF6,1.51742,52.203782,517522,,0.0011,6.8e-06,243 343,,
930,CDGM H-K1,,,,,,,,,,,,2.47,literature (manufacturer datasheet),,,,,,,specs,CDGM-optical,302.0,2325.0,H-K1,,1.497962943352003,2.01897e-08,,,,,density 2.47 g/cm3 stated by the manufacturer's datasheet (H-K1); formula NULL: a catalog optical glass (composition proprietary); no x-ray / neutron SLD,,,,,,CDGM Zemax catalog 2022-06 (obtained from http://www.cdgmgd.com)See also CDGM optical glass data sheets,,,2022.0,optical glass,CDGM-optical/H-K1,1.49967,62.071979,500621,,0.0006,8.7e-06,243 343,,
931,CDGM H-K2,,,,,,,,,,,,2.42,literature (manufacturer datasheet),,,,,,,specs,CDGM-optical,302.0,2325.0,H-K2,,1.4988491418867287,2.01897e-08,,,,,density 2.42 g/cm3 stated by the manufacturer's datasheet (H-K2); formula NULL: a catalog optical glass (composition proprietary); no x-ray / neutron SLD,,,,,,CDGM Zemax catalog 2022-06 (obtained from http://www.cdgmgd.com)See also CDGM optical glass data sheets,,,2022.0,optical glass,CDGM-optical/H-K2,1.50047,66.020774,500660,,-0.001,5.5e-06,243 343,,
932,CDGM H-K3,,,,,,,,,,,,2.4,literature (manufacturer datasheet),,,,,,,specs,CDGM-optical,302.0,2325.0,H-K3,,1.5029628020473096,2.01897e-08,,,,,density 2.4 g/cm3 stated by the manufacturer's datasheet (H-K3); formula NULL: a catalog optical glass (composition proprietary); no x-ray / neutron SLD,,,,,,CDGM Zemax catalog 2022-06 (obtained from http://www.cdgmgd.com)See also CDGM optical glass data sheets,,,2022.0,optical glass,CDGM-optical/H-K3,1.50463,64.720718,505647,,-0.0025,5.8e-06,243 343,,
933,CDGM K4A,,,,,,,,,,,,2.43,literature (manufacturer datasheet),,,,,,,specs,CDGM-optical,365.0,2325.0,K4A,,1.5062502646571985,2.182034e-08,,,,,density 2.43 g/cm3 stated by the manufacturer's datasheet (K4A); formula NULL: a catalog optical glass (composition proprietary); no x-ray / neutron SLD,,,,,,CDGM Zemax catalog 2022-06 (obtained from http://www.cdgmgd.com)See also CDGM optical glass data sheets,,,2022.0,optical glass,CDGM-optical/K4A,1.50802,61.052897,508611,,-0.0028,4.7e-06,243 343,,
934,CDGM H-K5,,,,,,,,,,,,2.47,literature (manufacturer datasheet),,,,,,,specs,CDGM-optical,365.0,1014.0,H-K5,,1.5083594554823174,1.513436e-08,,,,,density 2.47 g/cm3 stated by the manufacturer's datasheet (H-K5); formula NULL: a catalog optical glass (composition proprietary); no x-ray / neutron SLD,,,,,,CDGM Zemax catalog 2022-06 (obtained from http://www.cdgmgd.com)See also CDGM optical glass data sheets,,,2022.0,optical glass,CDGM-optical/H-K5,1.510072,63.364525,510634,,0.0012,7.5e-06,243 343,,
935,CDGM H-K6,,,,,,,,,,,,2.53,literature (manufacturer datasheet),,,,,,,specs,CDGM-optical,365.0,1014.0,H-K6,,1.5093349858084169,1.0084326e-08,,,,,density 2.53 g/cm3 stated by the manufacturer's datasheet (H-K6); formula NULL: a catalog optical glass (composition proprietary); no x-ray / neutron SLD,,,,,,CDGM Zemax catalog 2022-06 (obtained from http://www.cdgmgd.com)See also CDGM optical glass data sheets,,,2022.0,optical glass,CDGM-optical/H-K6,1.511125,60.478905,511605,,,8.5e-06,243 343,,
936,CDGM H-K7,,,,,,,,,,,,2.54,literature (manufacturer datasheet),,,,,,,specs,CDGM-optical,302.0,2325.0,H-K7,,1.512982863796135,1.3340880000000002e-08,,,,,density 2.54 g/cm3 stated by the manufacturer's datasheet (H-K7); formula NULL: a catalog optical glass (composition proprietary); no x-ray / neutron SLD,,,,,,CDGM Zemax catalog 2022-06 (obtained from http://www.cdgmgd.com)See also CDGM optical glass data sheets,,,2022.0,optical glass,CDGM-optical/H-K7,1.51478,60.634896,515606,,0.0001,8.5e-06,243 343,,
937,CDGM H-K8,,,,,,,,,,,,2.58,literature (manufacturer datasheet),,,,,,,specs,CDGM-optical,302.0,2325.0,H-K8,,1.5141034784644678,2.182034e-08,,,,,density 2.58 g/cm3 stated by the manufacturer's datasheet (H-K8); formula NULL: a catalog optical glass (composition proprietary); no x-ray / neutron SLD,,,,,,CDGM Zemax catalog 2022-06 (obtained from http://www.cdgmgd.com)See also CDGM optical glass data sheets,,,2022.0,optical glass,CDGM-optical/H-K8,1.51602,56.794825,516568,,-0.0024,8.7e-06,243 343,,
938,CDGM D-K9,,,,,,,,,,,,2.41,literature (manufacturer datasheet),,,,,,,specs,CDGM-optical,302.0,2325.0,D-K9,,1.514609202951129,1.1711599999999999e-08,,,,,density 2.41 g/cm3 stated by the manufacturer's datasheet (D-K9); formula NULL: a catalog optical glass (composition proprietary); no x-ray / neutron SLD,,,,,,CDGM Zemax catalog 2022-06 (obtained from http://www.cdgmgd.com)See also CDGM optical glass data sheets,,,2022.0,optical glass,CDGM-optical/D-K9,1.51633,64.058952,516641,,-0.0027,6.3e-06,243 343,,anneal rate:4°C/h
939,CDGM D-K9-25,,,,,,,,,,,,2.41,literature (manufacturer datasheet),,,,,,,specs,CDGM-optical,302.0,2325.0,D-K9-25,,1.5140492372432075,1.1711599999999999e-08,,,,,density 2.41 g/cm3 stated by the manufacturer's datasheet (D-K9-25); formula NULL: a catalog optical glass (composition proprietary); no x-ray / neutron SLD,,,,,,CDGM Zemax catalog 2022-06 (obtained from http://www.cdgmgd.com)See also CDGM optical glass data sheets,,,2022.0,optical glass,CDGM-optical/D-K9-25,1.51577,63.989637,516640,,-0.0029,6.3e-06,243 343,,anneal rate:25°C/h
940,CDGM D-K9GT,,,,,,,,,,,,2.41,literature (manufacturer datasheet),,,,,,,specs,CDGM-optical,302.0,2325.0,D-K9GT,,1.514609202951129,1.0084326e-08,,,,,density 2.41 g/cm3 stated by the manufacturer's datasheet (D-K9GT); formula NULL: a catalog optical glass (composition proprietary); no x-ray / neutron SLD,,,,,,CDGM Zemax catalog 2022-06 (obtained from http://www.cdgmgd.com)See also CDGM optical glass data sheets,,,2022.0,optical glass,CDGM-optical/D-K9GT,1.51633,64.058952,516641,,-0.0027,6.3e-06,243 343,,anneal rate:4°C/h
941,CDGM D-K9GT-25,,,,,,,,,,,,2.41,literature (manufacturer datasheet),,,,,,,specs,CDGM-optical,302.0,2325.0,D-K9GT-25,,1.5140492372432075,1.0084326e-08,,,,,density 2.41 g/cm3 stated by the manufacturer's datasheet (D-K9GT-25); formula NULL: a catalog optical glass (composition proprietary); no x-ray / neutron SLD,,,,,,CDGM Zemax catalog 2022-06 (obtained from http://www.cdgmgd.com)See also CDGM optical glass data sheets,,,2022.0,optical glass,CDGM-optical/D-K9GT-25,1.51577,63.989637,516640,,-0.0029,6.3e-06,243 343,,anneal rate:25°C/h
942,CDGM H-K9L,,,,,,,,,,,,2.52,literature (manufacturer datasheet),,,,,,,specs,CDGM-optical,302.0,2325.0,H-K9L,,1.5150847980944404,1.513436e-08,,,,,density 2.52 g/cm3 stated by the manufacturer's datasheet (H-K9L); formula NULL: a catalog optical glass (composition proprietary); no x-ray / neutron SLD,,,,,,CDGM Zemax catalog 2022-06 (obtained from http://www.cdgmgd.com)See also CDGM optical glass data sheets,,,2022.0,optical glass,CDGM-optical/H-K9L,1.5168,64.198732,517642,,-0.0005,7.6e-06,243 343,standard,
943,CDGM H-K9LA,,,,,,,,,,,,2.51,literature (manufacturer datasheet),,,,,,,specs,CDGM-optical,302.0,2325.0,H-K9LA,,1.515083157264283,1.0084326e-08,,,,,density 2.51 g/cm3 stated by the manufacturer's datasheet (H-K9LA); formula NULL: a catalog optical glass (composition proprietary); no x-ray / neutron SLD,,,,,,CDGM Zemax catalog 2022-06 (obtained from http://www.cdgmgd.com)See also CDGM optical glass data sheets,,,2022.0,optical glass,CDGM-optical/H-K9LA,1.5168,64.198695,517642,,-0.0013,7.2e-06,243 343,standard,
944,CDGM H-K9LAGT,,,,,,,,,,,,2.51,literature (manufacturer datasheet),,,,,,,specs,CDGM-optical,302.0,2325.0,H-K9LAGT,,1.515083157264283,1.0084326e-08,,,,,density 2.51 g/cm3 stated by the manufacturer's datasheet (H-K9LAGT); formula NULL: a catalog optical glass (composition proprietary); no x-ray / neutron SLD,,,,,,CDGM Zemax catalog 2022-06 (obtained from http://www.cdgmgd.com)See also CDGM optical glass data sheets,,,2022.0,optical glass,CDGM-optical/H-K9LAGT,1.5168,64.198695,517642,,-0.0013,7.2e-06,243 343,,
945,CDGM H-K9LGT,,,,,,,,,,,,2.52,literature (manufacturer datasheet),,,,,,,specs,CDGM-optical,302.0,2325.0,H-K9LGT,,1.5150847980944404,1.0084326e-08,,,,,density 2.52 g/cm3 stated by the manufacturer's datasheet (H-K9LGT); formula NULL: a catalog optical glass (composition proprietary); no x-ray / neutron SLD,,,,,,CDGM Zemax catalog 2022-06 (obtained from http://www.cdgmgd.com)See also CDGM optical glass data sheets,,,2022.0,optical glass,CDGM-optical/H-K9LGT,1.5168,64.198732,517642,,-0.0005,7.6e-06,243 343,standard,
946,CDGM H-K9Lstar,,,,,,,,,,,,2.52,literature (manufacturer datasheet),,,,,,,specs,CDGM-optical,302.0,2325.0,H-K9Lstar,,1.5150847980944404,1.513436e-08,,,,,density 2.52 g/cm3 stated by the manufacturer's datasheet (H-K9Lstar); formula NULL: a catalog optical glass (composition proprietary); no x-ray / neutron SLD,,,,,,CDGM Zemax catalog 2022-06 (obtained from http://www.cdgmgd.com)See also CDGM optical glass data sheets,,,2022.0,optical glass,CDGM-optical/H-K9Lstar,1.5168,64.198732,517642,,-0.0005,7.6e-06,243 343,standard,
947,CDGM H-K10,,,,,,,,,,,,2.5,literature (manufacturer datasheet),,,,,,,specs,CDGM-optical,313.0,2325.0,H-K10,,1.5163232764799532,2.01897e-08,,,,,density 2.5 g/cm3 stated by the manufacturer's datasheet (H-K10); formula NULL: a catalog optical glass (composition proprietary); no x-ray / neutron SLD,,,,,,CDGM Zemax catalog 2022-06 (obtained from http://www.cdgmgd.com)See also CDGM optical glass data sheets,,,2022.0,optical glass,CDGM-optical/H-K10,1.51818,58.949331,518590,518589,,9e-06,243 343,,
948,CDGM H-K11,,,,,,,,,,,,2.69,literature (manufacturer datasheet),,,,,,,specs,CDGM-optical,302.0,2325.0,H-K11,,1.5245304084209803,1.0084326e-08,,,,,density 2.69 g/cm3 stated by the manufacturer's datasheet (H-K11); formula NULL: a catalog optical glass (composition proprietary); no x-ray / neutron SLD,,,,,,CDGM Zemax catalog 2022-06 (obtained from http://www.cdgmgd.com)See also CDGM optical glass data sheets,,,2022.0,optical glass,CDGM-optical/H-K11,1.52638,60.15737,526602,,0.0005,9.4e-06,243 343,,
949,CDGM H-K12,,,,,,,,,,,,2.72,literature (manufacturer datasheet),,,,,,,specs,CDGM-optical,365.0,1014.0,H-K12,,1.5315645153388997,1.513436e-08,,,,,density 2.72 g/cm3 stated by the manufacturer's datasheet (H-K12); formula NULL: a catalog optical glass (composition proprietary); no x-ray / neutron SLD,,,,,,CDGM Zemax catalog 2022-06 (obtained from http://www.cdgmgd.com)See also CDGM optical glass data sheets,,,2022.0,optical glass,CDGM-optical/H-K12,1.533589,55.469983,534555,,-0.0023,9.2e-06,243 343,,
950,CDGM H-K50,,,,,,,,,,,,2.52,literature (manufacturer datasheet),,,,,,,specs,CDGM-optical,302.0,2325.0,H-K50,,1.520632361429326,3.882462e-08,,,,,density 2.52 g/cm3 stated by the manufacturer's datasheet (H-K50); formula NULL: a catalog optical glass (composition proprietary); no x-ray / neutron SLD,,,,,,CDGM Zemax catalog 2022-06 (obtained from http://www.cdgmgd.com)See also CDGM optical glass data sheets,,,2022.0,optical glass,CDGM-optical/H-K50,1.52249,59.480754,522595,,-0.0003,7.9e-06,243 343,,
951,CDGM H-K51,,,,,,,,,,,,2.53,literature (manufacturer datasheet),,,,,,,specs,CDGM-optical,365.0,2325.0,H-K51,,1.5211868785385823,2.361906e-08,,,,,density 2.53 g/cm3 stated by the manufacturer's datasheet (H-K51); formula NULL: a catalog optical glass (composition proprietary); no x-ray / neutron SLD,,,,,,CDGM Zemax catalog 2022-06 (obtained from http://www.cdgmgd.com)See also CDGM optical glass data sheets,,,2022.0,optical glass,CDGM-optical/H-K51,1.52307,58.639792,523586,,-0.0007,8e-06,243 343,standard,
952,CDGM D-K59,,,,,,,,,,,,2.41,literature (manufacturer datasheet),,,,,,,specs,CDGM-optical,302.0,2325.0,D-K59,,1.5158608582035353,3.53847e-08,,,,,density 2.41 g/cm3 stated by the manufacturer's datasheet (D-K59); formula NULL: a catalog optical glass (composition proprietary); no x-ray / neutron SLD,,,,,,CDGM Zemax catalog 2022-06 (obtained from http://www.cdgmgd.com)See also CDGM optical glass data sheets,,,2022.0,optical glass,CDGM-optical/D-K59,1.5176,63.499991,518635,,-0.0025,6e-06,243 343,,anneal rate:4°C/h
953,CDGM D-K59-25,,,,,,,,,,,,2.41,literature (manufacturer datasheet),,,,,,,specs,CDGM-optical,302.0,2325.0,D-K59-25,,1.5152401714623143,3.53847e-08,,,,,density 2.41 g/cm3 stated by the manufacturer's datasheet (D-K59-25); formula NULL: a catalog optical glass (composition proprietary); no x-ray / neutron SLD,,,,,,CDGM Zemax catalog 2022-06 (obtained from http://www.cdgmgd.com)See also CDGM optical glass data sheets,,,2022.0,optical glass,CDGM-optical/D-K59-25,1.51698,63.4085,517634,,-0.0029,6e-06,243 343,,anneal rate:25°C/h
954,CDGM H-K90GTI,,,,,,,,,,,,2.52,literature (manufacturer datasheet),,,,,,,specs,CDGM-optical,302.0,2325.0,H-K90GTI,,1.5177319140088932,3.383524e-09,,,,,density 2.52 g/cm3 stated by the manufacturer's datasheet (H-K90GTI); formula NULL: a catalog optical glass (composition proprietary); no x-ray / neutron SLD,,,,,,CDGM Zemax catalog 2022-06 (obtained from http://www.cdgmgd.com)See also CDGM optical glass data sheets,,,2022.0,optical glass,CDGM-optical/H-K90GTI,1.51948,63.291634,519633,,-0.0016,7.8e-06,243 343,,i line glass
955,CDGM H-QK1,,,,,,,,,,,,2.3,literature (manufacturer datasheet),,,,,,,specs,CDGM-optical,302.0,2325.0,H-QK1,,1.4689657674138112,1.0084326e-08,,,,,density 2.3 g/cm3 stated by the manufacturer's datasheet (H-QK1); formula NULL: a catalog optical glass (composition proprietary); no x-ray / neutron SLD,,,,,,CDGM Zemax catalog 2022-06 (obtained from http://www.cdgmgd.com)See also CDGM optical glass data sheets,,,2022.0,optical glass,CDGM-optical/H-QK1,1.47047,66.876032,470669,,0.0005,7.3e-06,243 343,,
956,CDGM D-QK3L,,,,,,,,,,,,2.43,literature (manufacturer datasheet),,,,,,,specs,CDGM-optical,302.0,2325.0,D-QK3L,,1.4860062856888097,1.1711599999999999e-08,,,,,density 2.43 g/cm3 stated by the manufacturer's datasheet (D-QK3L); formula NULL: a catalog optical glass (composition proprietary); no x-ray / neutron SLD,,,,,,CDGM Zemax catalog 2022-06 (obtained from http://www.cdgmgd.com)See also CDGM optical glass data sheets,,,2022.0,optical glass,CDGM-optical/D-QK3L,1.48749,70.440487,487704,,0.0035,9.1e-06,243 343,,anneal rate:4°C/h
957,CDGM D-QK3L-25,,,,,,,,,,,,2.43,literature (manufacturer datasheet),,,,,,,specs,CDGM-optical,302.0,2325.0,D-QK3L-25,,1.4853873534942699,1.1711599999999999e-08,,,,,density 2.43 g/cm3 stated by the manufacturer's datasheet (D-QK3L-25); formula NULL: a catalog optical glass (composition proprietary); no x-ray / neutron SLD,,,,,,CDGM Zemax catalog 2022-06 (obtained from http://www.cdgmgd.com)See also CDGM optical glass data sheets,,,2022.0,optical glass,CDGM-optical/D-QK3L-25,1.48687,70.417086,487704,,0.0033,9.1e-06,243 343,,anneal rate:25°C/h
958,CDGM H-QK3L,,,,,,,,,,,,2.43,literature (manufacturer datasheet),,,,,,,specs,CDGM-optical,302.0,2325.0,H-QK3L,,1.4860062856888097,1.1711599999999999e-08,,,,,density 2.43 g/cm3 stated by the manufacturer's datasheet (H-QK3L); formula NULL: a catalog optical glass (composition proprietary); no x-ray / neutron SLD,,,,,,CDGM Zemax catalog 2022-06 (obtained from http://www.cdgmgd.com)See also CDGM optical glass data sheets,,,2022.0,optical glass,CDGM-optical/H-QK3L,1.48749,70.440487,487704,,0.0035,9.2e-06,243 343,standard,
959,CDGM H-QK3LGTI,,,,,,,,,,,,2.43,literature (manufacturer datasheet),,,,,,,specs,CDGM-optical,302.0,2325.0,H-QK3LGTI,,1.4860062856888097,1.0099748000000002e-08,,,,,density 2.43 g/cm3 stated by the manufacturer's datasheet (H-QK3LGTI); formula NULL: a catalog optical glass (composition proprietary); no x-ray / neutron SLD,,,,,,CDGM Zemax catalog 2022-06 (obtained from http://www.cdgmgd.com)See also CDGM optical glass data sheets,,,2022.0,optical glass,CDGM-optical/H-QK3LGTI,1.48749,70.440487,487704,,0.0035,9.2e-06,243 343,,i line glass
960,CDGM H-ZK1,,,,,,,,,,,,3.06,literature (manufacturer datasheet),,,,,,,specs,CDGM-optical,302.0,2325.0,H-ZK1,,1.566957527323995,1.513436e-08,,,,,density 3.06 g/cm3 stated by the manufacturer's datasheet (H-ZK1); formula NULL: a catalog optical glass (composition proprietary); no x-ray / neutron SLD,,,,,,CDGM Zemax catalog 2022-06 (obtained from http://www.cdgmgd.com)See also CDGM optical glass data sheets,,,2022.0,optical glass,CDGM-optical/H-ZK1,1.56888,62.95699,569630,,-0.0011,6.1e-06,243 343,,
961,CDGM H-ZK2,,,,,,,,,,,,3.24,literature (manufacturer datasheet),,,,,,,specs,CDGM-optical,302.0,2325.0,H-ZK2,,1.5810552682132846,2.01897e-08,,,,,density 3.24 g/cm3 stated by the manufacturer's datasheet (H-ZK2); formula NULL: a catalog optical glass (composition proprietary); no x-ray / neutron SLD,,,,,,CDGM Zemax catalog 2022-06 (obtained from http://www.cdgmgd.com)See also CDGM optical glass data sheets,,,2022.0,optical glass,CDGM-optical/H-ZK2,1.58313,59.460082,583595,,-0.0016,6.1e-06,243 343,,
962,CDGM D-ZK2,,,,,,,,,,,,2.96,literature (manufacturer datasheet),,,,,,,specs,CDGM-optical,302.0,2325.0,D-ZK2,,1.5810493382162176,1.513436e-08,,,,,density 2.96 g/cm3 stated by the manufacturer's datasheet (D-ZK2); formula NULL: a catalog optical glass (composition proprietary); no x-ray / neutron SLD,,,,,,CDGM Zemax catalog 2022-06 (obtained from http://www.cdgmgd.com)See also CDGM optical glass data sheets,,,2022.0,optical glass,CDGM-optical/D-ZK2,1.58313,59.381686,583594,,-0.0033,7.3e-06,243 343,,anneal rate:4°C/h
963,CDGM D-ZK2-25,,,,,,,,,,,,2.96,literature (manufacturer datasheet),,,,,,,specs,CDGM-optical,302.0,2325.0,D-ZK2-25,,1.580329047900698,1.513436e-08,,,,,density 2.96 g/cm3 stated by the manufacturer's datasheet (D-ZK2-25); formula NULL: a catalog optical glass (composition proprietary); no x-ray / neutron SLD,,,,,,CDGM Zemax catalog 2022-06 (obtained from http://www.cdgmgd.com)See also CDGM optical glass data sheets,,,2022.0,optical glass,CDGM-optical/D-ZK2-25,1.58241,59.308255,582593,,-0.0035,7.3e-06,243 343,,anneal rate:25°C/h
964,CDGM D-ZK2L,,,,,,,,,,,,2.99,literature (manufacturer datasheet),,,,,,,specs,CDGM-optical,302.0,2325.0,D-ZK2L,,1.5849125360809317,2.52497e-08,,,,,density 2.99 g/cm3 stated by the manufacturer's datasheet (D-ZK2L); formula NULL: a catalog optical glass (composition proprietary); no x-ray / neutron SLD,,,,,,CDGM Zemax catalog 2022-06 (obtained from http://www.cdgmgd.com)See also CDGM optical glass data sheets,,,2022.0,optical glass,CDGM-optical/D-ZK2L,1.587,59.600321,587596,,-0.0033,9e-06,293 573,,anneal rate:4°C/h
965,CDGM D-ZK2L-25,,,,,,,,,,,,2.99,literature (manufacturer datasheet),,,,,,,specs,CDGM-optical,302.0,2325.0,D-ZK2L-25,,1.5841623883433624,2.52497e-08,,,,,density 2.99 g/cm3 stated by the manufacturer's datasheet (D-ZK2L-25); formula NULL: a catalog optical glass (composition proprietary); no x-ray / neutron SLD,,,,,,CDGM Zemax catalog 2022-06 (obtained from http://www.cdgmgd.com)See also CDGM optical glass data sheets,,,2022.0,optical glass,CDGM-optical/D-ZK2L-25,1.58625,59.524868,586595,,-0.0035,9e-06,293 573,,anneal rate:25°C/h
966,CDGM D-ZK3,,,,,,,,,,,,2.83,literature (manufacturer datasheet),,,,,,,specs,CDGM-optical,302.0,2325.0,D-ZK3,,1.5870790175212206,1.0084326e-08,,,,,density 2.83 g/cm3 stated by the manufacturer's datasheet (D-ZK3); formula NULL: a catalog optical glass (composition proprietary); no x-ray / neutron SLD,,,,,,CDGM Zemax catalog 2022-06 (obtained from http://www.cdgmgd.com)See also CDGM optical glass data sheets,,,2022.0,optical glass,CDGM-optical/D-ZK3,1.58913,61.152901,589612,,-0.0053,7.2e-06,243 343,,anneal rate:4°C/h
967,CDGM D-ZK3-25,,,,,,,,,,,,2.83,literature (manufacturer datasheet),,,,,,,specs,CDGM-optical,302.0,2325.0,D-ZK3-25,,1.5862876186271238,1.0084326e-08,,,,,density 2.83 g/cm3 stated by the manufacturer's datasheet (D-ZK3-25); formula NULL: a catalog optical glass (composition proprietary); no x-ray / neutron SLD,,,,,,CDGM Zemax catalog 2022-06 (obtained from http://www.cdgmgd.com)See also CDGM optical glass data sheets,,,2022.0,optical glass,CDGM-optical/D-ZK3-25,1.58833,61.284362,588613,,-0.0039,7.2e-06,243 343,,anneal rate:25°C/h
968,CDGM H-ZK3,,,,,,,,,,,,3.26,literature (manufacturer datasheet),,,,,,,specs,CDGM-optical,302.0,2325.0,H-ZK3,,1.587090068712073,8.458480000000001e-09,,,,,density 3.26 g/cm3 stated by the manufacturer's datasheet (H-ZK3); formula NULL: a catalog optical glass (composition proprietary); no x-ray / neutron SLD,,,,,,CDGM Zemax catalog 2022-06 (obtained from http://www.cdgmgd.com)See also CDGM optical glass data sheets,,,2022.0,optical glass,CDGM-optical/H-ZK3,1.58913,61.253571,589613,,-0.0017,5.2e-06,243 343,standard,
969,CDGM H-ZK3A,,,,,,,,,,,,3.31,literature (manufacturer datasheet),,,,,,,specs,CDGM-optical,302.0,2325.0,H-ZK3A,,1.5870902001142477,1.513436e-08,,,,,density 3.31 g/cm3 stated by the manufacturer's datasheet (H-ZK3A); formula NULL: a catalog optical glass (composition proprietary); no x-ray / neutron SLD,,,,,,CDGM Zemax catalog 2022-06 (obtained from http://www.cdgmgd.com)See also CDGM optical glass data sheets,,,2022.0,optical glass,CDGM-optical/H-ZK3A,1.58913,61.2531,589613,,-0.0013,5.5e-06,243 343,standard,
970,CDGM D-ZK3L,,,,,,,,,,,,2.84,literature (manufacturer datasheet),,,,,,,specs,CDGM-optical,302.0,2325.0,D-ZK3L,,1.5896272153530837,1.513436e-08,,,,,density 2.84 g/cm3 stated by the manufacturer's datasheet (D-ZK3L); formula NULL: a catalog optical glass (composition proprietary); no x-ray / neutron SLD,,,,,,CDGM Zemax catalog 2022-06 (obtained from http://www.cdgmgd.com)See also CDGM optical glass data sheets,,,2022.0,optical glass,CDGM-optical/D-ZK3L,1.5917,60.701147,592607,,-0.0045,9.2e-06,293 573,,anneal rate:4°C/h
971,CDGM D-ZK3L-25,,,,,,,,,,,,2.84,literature (manufacturer datasheet),,,,,,,specs,CDGM-optical,302.0,2325.0,D-ZK3L-25,,1.5888271736481199,1.513436e-08,,,,,density 2.84 g/cm3 stated by the manufacturer's datasheet (D-ZK3L-25); formula NULL: a catalog optical glass (composition proprietary); no x-ray / neutron SLD,,,,,,CDGM Zemax catalog 2022-06 (obtained from http://www.cdgmgd.com)See also CDGM optical glass data sheets,,,2022.0,optical glass,CDGM-optical/D-ZK3L-25,1.5909,60.618517,591606,,-0.0046,9.2e-06,293 573,,anneal rate:25°C/h
972,CDGM H-ZK4,,,,,,,,,,,,3.53,literature (manufacturer datasheet),,,,,,,specs,CDGM-optical,302.0,2325.0,H-ZK4,,1.6066258629389023,2.52497e-08,,,,,density 3.53 g/cm3 stated by the manufacturer's datasheet (H-ZK4); formula NULL: a catalog optical glass (composition proprietary); no x-ray / neutron SLD,,,,,,CDGM Zemax catalog 2022-06 (obtained from http://www.cdgmgd.com)See also CDGM optical glass data sheets,,,2022.0,optical glass,CDGM-optical/H-ZK4,1.60881,58.855991,609589,,-0.001,6.3e-06,243 343,,
973,CDGM H-ZK5,,,,,,,,,,,,3.58,literature (manufacturer datasheet),,,,,,,specs,CDGM-optical,302.0,2325.0,H-ZK5,,1.608867389412455,2.52497e-08,,,,,density 3.58 g/cm3 stated by the manufacturer's datasheet (H-ZK5); formula NULL: a catalog optical glass (composition proprietary); no x-ray / neutron SLD,,,,,,CDGM Zemax catalog 2022-06 (obtained from http://www.cdgmgd.com)See also CDGM optical glass data sheets,,,2022.0,optical glass,CDGM-optical/H-ZK5,1.61117,55.772437,611558,,-0.001,8.6e-06,243 343,,
974,CDGM H-ZK6,,,,,,,,,,,,3.54,literature (manufacturer datasheet),,,,,,,specs,CDGM-optical,313.0,2325.0,H-ZK6,,1.6105116268778539,4.046036e-08,,,,,density 3.54 g/cm3 stated by the manufacturer's datasheet (H-ZK6); formula NULL: a catalog optical glass (composition proprietary); no x-ray / neutron SLD,,,,,,CDGM Zemax catalog 2022-06 (obtained from http://www.cdgmgd.com)See also CDGM optical glass data sheets,,,2022.0,optical glass,CDGM-optical/H-ZK6,1.61272,58.577083,613586,,-0.0008,6.3e-06,243 343,,
975,CDGM H-ZK7,,,,,,,,,,,,3.51,literature (manufacturer datasheet),,,,,,,specs,CDGM-optical,365.0,1014.0,H-ZK7,,1.610951489849421,1.513436e-08,,,,,density 3.51 g/cm3 stated by the manufacturer's datasheet (H-ZK7); formula NULL: a catalog optical glass (composition proprietary); no x-ray / neutron SLD,,,,,,CDGM Zemax catalog 2022-06 (obtained from http://www.cdgmgd.com)See also CDGM optical glass data sheets,,,2022.0,optical glass,CDGM-optical/H-ZK7,1.613095,60.614383,613606,,-0.0041,6.1e-06,243 343,preferred,
976,CDGM H-ZK7A,,,,,,,,,,,,3.41,literature (manufacturer datasheet),,,,,,,specs,CDGM-optical,302.0,2325.0,H-ZK7A,,1.6109370910737164,1.1711599999999999e-08,,,,,density 3.41 g/cm3 stated by the manufacturer's datasheet (H-ZK7A); formula NULL: a catalog optical glass (composition proprietary); no x-ray / neutron SLD,,,,,,CDGM Zemax catalog 2022-06 (obtained from http://www.cdgmgd.com)See also CDGM optical glass data sheets,,,2022.0,optical glass,CDGM-optical/H-ZK7A,1.61309,60.355862,613604,,-0.0019,6.2e-06,243 343,,
977,CDGM H-ZK8,,,,,,,,,,,,3.58,literature (manufacturer datasheet),,,,,,,specs,CDGM-optical,313.0,2325.0,H-ZK8,,1.6117127668312954,2.01897e-08,,,,,density 3.58 g/cm3 stated by the manufacturer's datasheet (H-ZK8); formula NULL: a catalog optical glass (composition proprietary); no x-ray / neutron SLD,,,,,,CDGM Zemax catalog 2022-06 (obtained from http://www.cdgmgd.com)See also CDGM optical glass data sheets,,,2022.0,optical glass,CDGM-optical/H-ZK8,1.61405,55.116283,614551,,,8.6e-06,243 343,,
978,CDGM H-ZK9A,,,,,,,,,,,,3.53,literature (manufacturer datasheet),,,,,,,specs,CDGM-optical,365.0,1014.0,H-ZK9A,,1.6182307127308024,1.676364e-08,,,,,density 3.53 g/cm3 stated by the manufacturer's datasheet (H-ZK9A); formula NULL: a catalog optical glass (composition proprietary); no x-ray / neutron SLD,,,,,,CDGM Zemax catalog 2022-06 (obtained from http://www.cdgmgd.com)See also CDGM optical glass data sheets,,,2022.0,optical glass,CDGM-optical/H-ZK9A,1.620412,60.368242,620603,620604,-0.0031,6e-06,243 343,,
979,CDGM H-ZK9B,,,,,,,,,,,,3.58,literature (manufacturer datasheet),,,,,,,specs,CDGM-optical,302.0,2325.0,H-ZK9B,,1.6182314846367132,1.3507085999999999e-08,,,,,density 3.58 g/cm3 stated by the manufacturer's datasheet (H-ZK9B); formula NULL: a catalog optical glass (composition proprietary); no x-ray / neutron SLD,,,,,,CDGM Zemax catalog 2022-06 (obtained from http://www.cdgmgd.com)See also CDGM optical glass data sheets,,,2022.0,optical glass,CDGM-optical/H-ZK9B,1.62041,60.339343,620603,,-0.0016,6.2e-06,243 343,standard,
980,CDGM H-ZK10,,,,,,,,,,,,3.63,literature (manufacturer datasheet),,,,,,,specs,CDGM-optical,313.0,2325.0,H-ZK10,,1.6197888841072914,2.01897e-08,,,,,density 3.63 g/cm3 stated by the manufacturer's datasheet (H-ZK10); formula NULL: a catalog optical glass (composition proprietary); no x-ray / neutron SLD,,,,,,CDGM Zemax catalog 2022-06 (obtained from http://www.cdgmgd.com)See also CDGM optical glass data sheets,,,2022.0,optical glass,CDGM-optical/H-ZK10,1.6221,56.709831,622567,,-0.0018,6.5e-06,243 343,,
981,CDGM H-ZK10L,,,,,,,,,,,,3.63,literature (manufacturer datasheet),,,,,,,specs,CDGM-optical,313.0,2325.0,H-ZK10L,,1.6204948860796073,2.01897e-08,,,,,density 3.63 g/cm3 stated by the manufacturer's datasheet (H-ZK10L); formula NULL: a catalog optical glass (composition proprietary); no x-ray / neutron SLD,,,,,,CDGM Zemax catalog 2022-06 (obtained from http://www.cdgmgd.com)See also CDGM optical glass data sheets,,,2022.0,optical glass,CDGM-optical/H-ZK10L,1.6228,56.913492,623569,,-0.0011,6.5e-06,243 343,,
982,CDGM H-ZK11,,,,,,,,,,,,3.69,literature (manufacturer datasheet),,,,,,,specs,CDGM-optical,313.0,2325.0,H-ZK11,,1.636116647960032,2.182034e-08,,,,,density 3.69 g/cm3 stated by the manufacturer's datasheet (H-ZK11); formula NULL: a catalog optical glass (composition proprietary); no x-ray / neutron SLD,,,,,,CDGM Zemax catalog 2022-06 (obtained from http://www.cdgmgd.com)See also CDGM optical glass data sheets,,,2022.0,optical glass,CDGM-optical/H-ZK11,1.63854,55.446553,639555,639554,-0.0013,6.9e-06,243 343,standard,
983,CDGM H-ZK14,,,,,,,,,,,,3.44,literature (manufacturer datasheet),,,,,,,specs,CDGM-optical,302.0,2325.0,H-ZK14,,1.6010022539616098,1.513436e-08,,,,,density 3.44 g/cm3 stated by the manufacturer's datasheet (H-ZK14); formula NULL: a catalog optical glass (composition proprietary); no x-ray / neutron SLD,,,,,,CDGM Zemax catalog 2022-06 (obtained from http://www.cdgmgd.com)See also CDGM optical glass data sheets,,,2022.0,optical glass,CDGM-optical/H-ZK14,1.60311,60.603787,603606,,-0.0011,6.1e-06,243 343,standard,
984,CDGM H-ZK20,,,,,,,,,,,,3.66,literature (manufacturer datasheet),,,,,,,specs,CDGM-optical,302.0,2325.0,H-ZK20,,1.6148019226000265,2.01897e-08,,,,,density 3.66 g/cm3 stated by the manufacturer's datasheet (H-ZK20); formula NULL: a catalog optical glass (composition proprietary); no x-ray / neutron SLD,,,,,,CDGM Zemax catalog 2022-06 (obtained from http://www.cdgmgd.com)See also CDGM optical glass data sheets,,,2022.0,optical glass,CDGM-optical/H-ZK20,1.6172,53.913743,617539,,-0.0009,7.8e-06,243 343,,
985,CDGM D-ZK21,,,,,,,,,,,,2.99,literature (manufacturer datasheet),,,,,,,specs,CDGM-optical,302.0,2325.0,D-ZK21,,1.6221826405693989,1.1711599999999999e-08,,,,,density 2.99 g/cm3 stated by the manufacturer's datasheet (D-ZK21); formula NULL: a catalog optical glass (composition proprietary); no x-ray / neutron SLD,,,,,,CDGM Zemax catalog 2022-06 (obtained from http://www.cdgmgd.com)See also CDGM optical glass data sheets,,,2022.0,optical glass,CDGM-optical/D-ZK21,1.62446,58.207924,624582,,-0.0065,6.1e-06,243 343,,anneal rate:4°C/h
986,CDGM D-ZK21-25,,,,,,,,,,,,2.99,literature (manufacturer datasheet),,,,,,,specs,CDGM-optical,302.0,2325.0,D-ZK21-25,,1.6211826568681191,1.1711599999999999e-08,,,,,density 2.99 g/cm3 stated by the manufacturer's datasheet (D-ZK21-25); formula NULL: a catalog optical glass (composition proprietary); no x-ray / neutron SLD,,,,,,CDGM Zemax catalog 2022-06 (obtained from http://www.cdgmgd.com)See also CDGM optical glass data sheets,,,2022.0,optical glass,CDGM-optical/D-ZK21-25,1.62346,58.115078,623581,,-0.0066,6.1e-06,243 343,,anneal rate:25°C/h
987,CDGM H-ZK21,,,,,,,,,,,,3.56,literature (manufacturer datasheet),,,,,,,specs,CDGM-optical,302.0,2325.0,H-ZK21,,1.6207253211880572,2.6882039999999998e-08,,,,,density 3.56 g/cm3 stated by the manufacturer's datasheet (H-ZK21); formula NULL: a catalog optical glass (composition proprietary); no x-ray / neutron SLD,,,,,,CDGM Zemax catalog 2022-06 (obtained from http://www.cdgmgd.com)See also CDGM optical glass data sheets,,,2022.0,optical glass,CDGM-optical/H-ZK21,1.62299,58.120667,623581,,-0.0024,6.2e-06,243 343,standard,
988,CDGM H-ZK50,,,,,,,,,,,,3.54,literature (manufacturer datasheet),,,,,,,specs,CDGM-optical,302.0,2325.0,H-ZK50,,1.6051238675636437,3.03147e-08,,,,,density 3.54 g/cm3 stated by the manufacturer's datasheet (H-ZK50); formula NULL: a catalog optical glass (composition proprietary); no x-ray / neutron SLD,,,,,,CDGM Zemax catalog 2022-06 (obtained from http://www.cdgmgd.com)See also CDGM optical glass data sheets,,,2022.0,optical glass,CDGM-optical/H-ZK50,1.60738,56.654511,607567,,-0.001,6.8e-06,243 343,,
989,CDGM H-ZK50GT,,,,,,,,,,,,3.54,literature (manufacturer datasheet),,,,,,,specs,CDGM-optical,302.0,2325.0,H-ZK50GT,,1.6051238675636437,1.513436e-08,,,,,density 3.54 g/cm3 stated by the manufacturer's datasheet (H-ZK50GT); formula NULL: a catalog optical glass (composition proprietary); no x-ray / neutron SLD,,,,,,CDGM Zemax catalog 2022-06 (obtained from http://www.cdgmgd.com)See also CDGM optical glass data sheets,,,2022.0,optical glass,CDGM-optical/H-ZK50GT,1.60738,56.654511,607567,,-0.001,6.8e-06,243 343,,
990,CDGM D-ZK79,,,,,,,,,,,,3.19,literature (manufacturer datasheet),,,,,,,specs,CDGM-optical,302.0,2325.0,D-ZK79,,1.6066393770867962,2.01897e-08,,,,,density 3.19 g/cm3 stated by the manufacturer's datasheet (D-ZK79); formula NULL: a catalog optical glass (composition proprietary); no x-ray / neutron SLD,,,,,,CDGM Zemax catalog 2022-06 (obtained from http://www.cdgmgd.com)See also CDGM optical glass data sheets,,,2022.0,optical glass,CDGM-optical/D-ZK79,1.60886,57.895896,609579,,-0.0024,8.1e-06,243 343,,anneal rate:4°C/h
991,CDGM D-ZK79-25,,,,,,,,,,,,3.19,literature (manufacturer datasheet),,,,,,,specs,CDGM-optical,302.0,2325.0,D-ZK79-25,,1.605869467002664,2.01897e-08,,,,,density 3.19 g/cm3 stated by the manufacturer's datasheet (D-ZK79-25); formula NULL: a catalog optical glass (composition proprietary); no x-ray / neutron SLD,,,,,,CDGM Zemax catalog 2022-06 (obtained from http://www.cdgmgd.com)See also CDGM optical glass data sheets,,,2022.0,optical glass,CDGM-optical/D-ZK79-25,1.60809,57.820851,608578,,-0.0026,8.1e-06,243 343,,anneal rate:25°C/h
992,CDGM H-BAK1,,,,,,,,,,,,2.74,literature (manufacturer datasheet),,,,,,,specs,CDGM-optical,302.0,2325.0,H-BAK1,,1.528424533177929,1.513436e-08,,,,,density 2.74 g/cm3 stated by the manufacturer's datasheet (H-BAK1); formula NULL: a catalog optical glass (composition proprietary); no x-ray / neutron SLD,,,,,,CDGM Zemax catalog 2022-06 (obtained from http://www.cdgmgd.com)See also CDGM optical glass data sheets,,,2022.0,optical glass,CDGM-optical/H-BAK1,1.53028,60.466139,530605,,,7.3e-06,243 343,,
993,CDGM H-BAK2,,,,,,,,,,,,2.84,literature (manufacturer datasheet),,,,,,,specs,CDGM-optical,302.0,2325.0,H-BAK2,,1.5380499328801824,1.513436e-08,,,,,density 2.84 g/cm3 stated by the manufacturer's datasheet (H-BAK2); formula NULL: a catalog optical glass (composition proprietary); no x-ray / neutron SLD,,,,,,CDGM Zemax catalog 2022-06 (obtained from http://www.cdgmgd.com)See also CDGM optical glass data sheets,,,2022.0,optical glass,CDGM-optical/H-BAK2,1.53996,59.724182,540597,,0.0004,8e-06,243 343,,
994,CDGM H-BAK3,,,,,,,,,,,,2.84,literature (manufacturer datasheet),,,,,,,specs,CDGM-optical,302.0,2325.0,H-BAK3,,1.544927349570141,1.513436e-08,,,,,density 2.84 g/cm3 stated by the manufacturer's datasheet (H-BAK3); formula NULL: a catalog optical glass (composition proprietary); no x-ray / neutron SLD,,,,,,CDGM Zemax catalog 2022-06 (obtained from http://www.cdgmgd.com)See also CDGM optical glass data sheets,,,2022.0,optical glass,CDGM-optical/H-BAK3,1.54678,62.776077,547628,,-0.0014,6.2e-06,243 343,,
995,CDGM H-BAK4,,,,,,,,,,,,2.9,literature (manufacturer datasheet),,,,,,,specs,CDGM-optical,302.0,2325.0,H-BAK4,,1.5506245653670807,1.513436e-08,,,,,density 2.9 g/cm3 stated by the manufacturer's datasheet (H-BAK4); formula NULL: a catalog optical glass (composition proprietary); no x-ray / neutron SLD,,,,,,CDGM Zemax catalog 2022-06 (obtained from http://www.cdgmgd.com)See also CDGM optical glass data sheets,,,2022.0,optical glass,CDGM-optical/H-BAK4,1.55248,63.36549,552634,,-0.0009,6.1e-06,243 343,,
996,CDGM H-BAK5,,,,,,,,,,,,3.01,literature (manufacturer datasheet),,,,,,,specs,CDGM-optical,302.0,2325.0,H-BAK5,,1.5586623537378257,3.03147e-08,,,,,density 3.01 g/cm3 stated by the manufacturer's datasheet (H-BAK5); formula NULL: a catalog optical glass (composition proprietary); no x-ray / neutron SLD,,,,,,CDGM Zemax catalog 2022-06 (obtained from http://www.cdgmgd.com)See also CDGM optical glass data sheets,,,2022.0,optical glass,CDGM-optical/H-BAK5,1.56069,58.344731,561583,,-0.0007,7.6e-06,243 343,,
997,CDGM H-BAK6,,,,,,,,,,,,3.05,literature (manufacturer datasheet),,,,,,,specs,CDGM-optical,302.0,2325.0,H-BAK6,,1.5619144013061026,2.6882039999999998e-08,,,,,density 3.05 g/cm3 stated by the manufacturer's datasheet (H-BAK6); formula NULL: a catalog optical glass (composition proprietary); no x-ray / neutron SLD,,,,,,CDGM Zemax catalog 2022-06 (obtained from http://www.cdgmgd.com)See also CDGM optical glass data sheets,,,2022.0,optical glass,CDGM-optical/H-BAK6,1.56388,60.764747,564608,,-0.0006,6e-06,243 343,,
998,CDGM H-BAK7,,,,,,,,,,,,2.83,literature (manufacturer datasheet),,,,,,,specs,CDGM-optical,365.0,2325.0,H-BAK7,,1.566693971310049,3.194874e-08,,,,,density 2.83 g/cm3 stated by the manufacturer's datasheet (H-BAK7); formula NULL: a catalog optical glass (composition proprietary); no x-ray / neutron SLD,,,,,,CDGM Zemax catalog 2022-06 (obtained from http://www.cdgmgd.com)See also CDGM optical glass data sheets,,,2022.0,optical glass,CDGM-optical/H-BAK7,1.56883,56.041308,569560,,-0.0007,7.2e-06,243 343,standard,
999,CDGM H-BAK7A,,,,,,,,,,,,2.84,literature (manufacturer datasheet),,,,,,,specs,CDGM-optical,365.0,1014.0,H-BAK7A,,1.566690445687659,2.1820340000000002e-08,,,,,density 2.84 g/cm3 stated by the manufacturer's datasheet (H-BAK7A); formula NULL: a catalog optical glass (composition proprietary); no x-ray / neutron SLD,,,,,,CDGM Zemax catalog 2022-06 (obtained from http://www.cdgmgd.com)See also CDGM optical glass data sheets,,,2022.0,optical glass,CDGM-optical/H-BAK7A,1.568828,56.127804,569561,,-0.0026,6e-06,243 343,preferred,
1000,CDGM H-BAK7GT,,,,,,,,,,,,2.83,literature (manufacturer datasheet),,,,,,,specs,CDGM-optical,365.0,2325.0,H-BAK7GT,,1.566693971310049,1.513436e-08,,,,,density 2.83 g/cm3 stated by the manufacturer's datasheet (H-BAK7GT); formula NULL: a catalog optical glass (composition proprietary); no x-ray / neutron SLD,,,,,,CDGM Zemax catalog 2022-06 (obtained from http://www.cdgmgd.com)See also CDGM optical glass data sheets,,,2022.0,optical glass,CDGM-optical/H-BAK7GT,1.56883,56.041308,569560,,-0.0007,7.2e-06,243 343,standard,
1001,CDGM H-BAK8,,,,,,,,,,,,3.18,literature (manufacturer datasheet),,,,,,,specs,CDGM-optical,302.0,2325.0,H-BAK8,,1.5704015167527496,1.513436e-08,,,,,density 3.18 g/cm3 stated by the manufacturer's datasheet (H-BAK8); formula NULL: a catalog optical glass (composition proprietary); no x-ray / neutron SLD,,,,,,CDGM Zemax catalog 2022-06 (obtained from http://www.cdgmgd.com)See also CDGM optical glass data sheets,,,2022.0,optical glass,CDGM-optical/H-BAK8,1.5725,57.486797,573575,572575,-0.001,7.4e-06,243 343,,
1002,CDGM H-KF6,,,,,,,,,,,,2.47,literature (manufacturer datasheet),,,,,,,specs,CDGM-optical,365.0,2325.0,H-KF6,,1.5153402343013869,2.01897e-08,,,,,density 2.47 g/cm3 stated by the manufacturer's datasheet (H-KF6); formula NULL: a catalog optical glass (composition proprietary); no x-ray / neutron SLD,,,,,,CDGM Zemax catalog 2022-06 (obtained from http://www.cdgmgd.com)See also CDGM optical glass data sheets,,,2022.0,optical glass,CDGM-optical/H-KF6,1.51742,52.149249,517522,517521,0.0022,7e-06,243 343,,
1003,CDGM D-FK61,,,,,,,,,,,,3.9,literature (manufacturer datasheet),,,,,,,specs,CDGM-optical,302.0,2325.0,D-FK61,,1.495709745046639,1.0084326e-08,,,,,density 3.9 g/cm3 stated by the manufacturer's datasheet (D-FK61); formula NULL: a catalog optical glass (composition proprietary); no x-ray / neutron SLD,,,,,,CDGM Zemax catalog 2022-06 (obtained from http://www.cdgmgd.com)See also CDGM optical glass data sheets,,,2022.0,optical glass,CDGM-optical/D-FK61,1.497,81.611615,497816,,0.0322,1.45e-05,243 343,,anneal rate:4°C/h
1004,CDGM D-FK61-25,,,,,,,,,,,,3.9,literature (manufacturer datasheet),,,,,,,specs,CDGM-optical,302.0,2325.0,D-FK61-25,,1.4952395664254174,1.0084326e-08,,,,,density 3.9 g/cm3 stated by the manufacturer's datasheet (D-FK61-25); formula NULL: a catalog optical glass (composition proprietary); no x-ray / neutron SLD,,,,,,CDGM Zemax catalog 2022-06 (obtained from http://www.cdgmgd.com)See also CDGM optical glass data sheets,,,2022.0,optical glass,CDGM-optical/D-FK61-25,1.49653,81.531772,497815,,0.0321,1.45e-05,243 343,,anneal rate:25°C/h
1005,CDGM H-FK61,,,,,,,,,,,,3.7,literature (manufacturer datasheet),,,,,,,specs,CDGM-optical,302.0,2325.0,H-FK61,,1.4957081321130654,1.0084326e-08,,,,,density 3.7 g/cm3 stated by the manufacturer's datasheet (H-FK61); formula NULL: a catalog optical glass (composition proprietary); no x-ray / neutron SLD,,,,,,CDGM Zemax catalog 2022-06 (obtained from http://www.cdgmgd.com)See also CDGM optical glass data sheets,,,2022.0,optical glass,CDGM-optical/H-FK61,1.497,81.612838,497816,,0.0312,1.31e-05,243 343,standard,
1006,CDGM D-FK61A,,,,,,,,,,,,3.68,literature (manufacturer datasheet),,,,,,,specs,CDGM-optical,302.0,2325.0,D-FK61A,,1.4957077299025028,1.0084326e-08,,,,,density 3.68 g/cm3 stated by the manufacturer's datasheet (D-FK61A); formula NULL: a catalog optical glass (composition proprietary); no x-ray / neutron SLD,,,,,,CDGM Zemax catalog 2022-06 (obtained from http://www.cdgmgd.com)See also CDGM optical glass data sheets,,,2022.0,optical glass,CDGM-optical/D-FK61A,1.497,81.605419,497816,,0.031,1.26e-05,243 343,standard,anneal rate:4°C/h
1007,CDGM D-FK61A-25,,,,,,,,,,,,3.68,literature (manufacturer datasheet),,,,,,,specs,CDGM-optical,302.0,2325.0,D-FK61A-25,,1.4953578392261277,1.0084326e-08,,,,,density 3.68 g/cm3 stated by the manufacturer's datasheet (D-FK61A-25); formula NULL: a catalog optical glass (composition proprietary); no x-ray / neutron SLD,,,,,,CDGM Zemax catalog 2022-06 (obtained from http://www.cdgmgd.com)See also CDGM optical glass data sheets,,,2022.0,optical glass,CDGM-optical/D-FK61A-25,1.49665,81.549116,497816,497815,0.0309,1.26e-05,243 343,standard,anneal rate:25°C/h
1008,CDGM H-FK61B,,,,,,,,,,,,3.68,literature (manufacturer datasheet),,,,,,,specs,CDGM-optical,302.0,2325.0,H-FK61B,,1.4957077299025028,1.0084326e-08,,,,,density 3.68 g/cm3 stated by the manufacturer's datasheet (H-FK61B); formula NULL: a catalog optical glass (composition proprietary); no x-ray / neutron SLD,,,,,,CDGM Zemax catalog 2022-06 (obtained from http://www.cdgmgd.com)See also CDGM optical glass data sheets,,,2022.0,optical glass,CDGM-optical/H-FK61B,1.497,81.605419,497816,,0.031,1.27e-05,243 343,standard,
1009,CDGM H-FK71,,,,,,,,,,,,3.63,literature (manufacturer datasheet),,,,,,,specs,CDGM-optical,302.0,2325.0,H-FK71,,1.4554243029358866,2.198978e-08,,,,,density 3.63 g/cm3 stated by the manufacturer's datasheet (H-FK71); formula NULL: a catalog optical glass (composition proprietary); no x-ray / neutron SLD,,,,,,CDGM Zemax catalog 2022-06 (obtained from http://www.cdgmgd.com)See also CDGM optical glass data sheets,,,2022.0,optical glass,CDGM-optical/H-FK71,1.4565,90.273821,457903,456903,0.0429,1.36e-05,243 343,,
1010,CDGM H-FK71A,,,,,,,,,,,,3.64,literature (manufacturer datasheet),,,,,,,specs,CDGM-optical,365.0,1014.0,H-FK71A,,1.455424389778592,1.0084326e-08,,,,,density 3.64 g/cm3 stated by the manufacturer's datasheet (H-FK71A); formula NULL: a catalog optical glass (composition proprietary); no x-ray / neutron SLD,,,,,,CDGM Zemax catalog 2022-06 (obtained from http://www.cdgmgd.com)See also CDGM optical glass data sheets,,,2022.0,optical glass,CDGM-optical/H-FK71A,1.456498,90.470884,457905,456905,0.0415,1.36e-05,243 343,preferred,
1011,CDGM D-FK95,,,,,,,,,,,,3.52,literature (manufacturer datasheet),,,,,,,specs,CDGM-optical,302.0,2325.0,D-FK95,,1.4368135936316386,1.0084326e-08,,,,,density 3.52 g/cm3 stated by the manufacturer's datasheet (D-FK95); formula NULL: a catalog optical glass (composition proprietary); no x-ray / neutron SLD,,,,,,CDGM Zemax catalog 2022-06 (obtained from http://www.cdgmgd.com)See also CDGM optical glass data sheets,,,2022.0,optical glass,CDGM-optical/D-FK95,1.4378,94.523389,438945,,0.0487,1.43e-05,243 343,,anneal rate:4°C/h
1012,CDGM D-FK95-25,,,,,,,,,,,,3.52,literature (manufacturer datasheet),,,,,,,specs,CDGM-optical,302.0,2325.0,D-FK95-25,,1.4364533942841362,1.0084326e-08,,,,,density 3.52 g/cm3 stated by the manufacturer's datasheet (D-FK95-25); formula NULL: a catalog optical glass (composition proprietary); no x-ray / neutron SLD,,,,,,CDGM Zemax catalog 2022-06 (obtained from http://www.cdgmgd.com)See also CDGM optical glass data sheets,,,2022.0,optical glass,CDGM-optical/D-FK95-25,1.43744,94.438841,437944,,0.0486,1.43e-05,243 343,,anneal rate:25°C/h
1013,CDGM H-FK95N,,,,,,,,,,,,3.52,literature (manufacturer datasheet),,,,,,,specs,CDGM-optical,302.0,2325.0,H-FK95N,,1.4368135936316386,1.0084326e-08,,,,,density 3.52 g/cm3 stated by the manufacturer's datasheet (H-FK95N); formula NULL: a catalog optical glass (composition proprietary); no x-ray / neutron SLD,,,,,,CDGM Zemax catalog 2022-06 (obtained from http://www.cdgmgd.com)See also CDGM optical glass data sheets,,,2022.0,optical glass,CDGM-optical/H-FK95N,1.4378,94.523389,438945,,0.0487,1.44e-05,243 343,,
1014,CDGM H-LAK1,,,,,,,,,,,,3.94,literature (manufacturer datasheet),,,,,,,specs,CDGM-optical,302.0,2325.0,H-LAK1,,1.6570743256840093,5.0626339999999995e-08,,,,,density 3.94 g/cm3 stated by the manufacturer's datasheet (H-LAK1); formula NULL: a catalog optical glass (composition proprietary); no x-ray / neutron SLD,,,,,,CDGM Zemax catalog 2022-06 (obtained from http://www.cdgmgd.com)See also CDGM optical glass data sheets,,,2022.0,optical glass,CDGM-optical/H-LAK1,1.6595,57.34726,660574,660573,-0.0021,7.7e-06,243 343,,
1015,CDGM H-LAK2A,,,,,,,,,,,,3.94,literature (manufacturer datasheet),,,,,,,specs,CDGM-optical,302.0,2325.0,H-LAK2A,,1.689438761581721,2.52497e-08,,,,,density 3.94 g/cm3 stated by the manufacturer's datasheet (H-LAK2A); formula NULL: a catalog optical glass (composition proprietary); no x-ray / neutron SLD,,,,,,CDGM Zemax catalog 2022-06 (obtained from http://www.cdgmgd.com)See also CDGM optical glass data sheets,,,2022.0,optical glass,CDGM-optical/H-LAK2A,1.69211,54.539198,692545,,-0.0048,8e-06,243 343,,
1016,CDGM H-LAK3,,,,,,,,,,,,4.08,literature (manufacturer datasheet),,,,,,,specs,CDGM-optical,365.0,2325.0,H-LAK3,,1.7438477190091075,2.5249699999999998e-08,,,,,density 4.08 g/cm3 stated by the manufacturer's datasheet (H-LAK3); formula NULL: a catalog optical glass (composition proprietary); no x-ray / neutron SLD,,,,,,CDGM Zemax catalog 2022-06 (obtained from http://www.cdgmgd.com)See also CDGM optical glass data sheets,,,2022.0,optical glass,CDGM-optical/H-LAK3,1.74693,50.950085,747510,,-0.0085,6e-06,243 343,,
1017,CDGM H-LAK4L,,,,,,,,,,,,2.99,literature (manufacturer datasheet),,,,,,,specs,CDGM-optical,302.0,2325.0,H-LAK4L,,1.6377367580523343,1.513436e-08,,,,,density 2.99 g/cm3 stated by the manufacturer's datasheet (H-LAK4L); formula NULL: a catalog optical glass (composition proprietary); no x-ray / neutron SLD,,,,,,CDGM Zemax catalog 2022-06 (obtained from http://www.cdgmgd.com)See also CDGM optical glass data sheets,,,2022.0,optical glass,CDGM-optical/H-LAK4L,1.64,60.202769,640602,,-0.006,6e-06,243 343,,
1018,CDGM D-LAK5,,,,,,,,,,,,3.37,literature (manufacturer datasheet),,,,,,,specs,CDGM-optical,302.0,2325.0,D-LAK5,,1.6752921584849763,1.513436e-08,,,,,density 3.37 g/cm3 stated by the manufacturer's datasheet (D-LAK5); formula NULL: a catalog optical glass (composition proprietary); no x-ray / neutron SLD,,,,,,CDGM Zemax catalog 2022-06 (obtained from http://www.cdgmgd.com)See also CDGM optical glass data sheets,,,2022.0,optical glass,CDGM-optical/D-LAK5,1.6779,54.889665,678549,,-0.0067,7.3e-06,243 343,,anneal rate:4°C/h
1019,CDGM D-LAK5-25,,,,,,,,,,,,3.37,literature (manufacturer datasheet),,,,,,,specs,CDGM-optical,302.0,2325.0,D-LAK5-25,,1.6742522078647584,1.513436e-08,,,,,density 3.37 g/cm3 stated by the manufacturer's datasheet (D-LAK5-25); formula NULL: a catalog optical glass (composition proprietary); no x-ray / neutron SLD,,,,,,CDGM Zemax catalog 2022-06 (obtained from http://www.cdgmgd.com)See also CDGM optical glass data sheets,,,2022.0,optical glass,CDGM-optical/D-LAK5-25,1.67686,54.805426,677548,,-0.0069,7.3e-06,243 343,,anneal rate:25°C/h
1020,CDGM H-LAK5A,,,,,,,,,,,,3.8,literature (manufacturer datasheet),,,,,,,specs,CDGM-optical,302.0,2325.0,H-LAK5A,,1.675324817597621,2.182034e-08,,,,,density 3.8 g/cm3 stated by the manufacturer's datasheet (H-LAK5A); formula NULL: a catalog optical glass (composition proprietary); no x-ray / neutron SLD,,,,,,CDGM Zemax catalog 2022-06 (obtained from http://www.cdgmgd.com)See also CDGM optical glass data sheets,,,2022.0,optical glass,CDGM-optical/H-LAK5A,1.6779,55.51497,678555,,-0.0049,8e-06,243 343,,
1021,CDGM D-LAK6,,,,,,,,,,,,3.5,literature (manufacturer datasheet),,,,,,,specs,CDGM-optical,302.0,2325.0,D-LAK6,,1.6910859082785412,2.01897e-08,,,,,density 3.5 g/cm3 stated by the manufacturer's datasheet (D-LAK6); formula NULL: a catalog optical glass (composition proprietary); no x-ray / neutron SLD,,,,,,CDGM Zemax catalog 2022-06 (obtained from http://www.cdgmgd.com)See also CDGM optical glass data sheets,,,2022.0,optical glass,CDGM-optical/D-LAK6,1.69384,53.128245,694531,,-0.0082,7.5e-06,243 343,,anneal rate:4°C/h
1022,CDGM D-LAK6-25,,,,,,,,,,,,3.5,literature (manufacturer datasheet),,,,,,,specs,CDGM-optical,302.0,2325.0,D-LAK6-25,,1.6900558814090691,2.01897e-08,,,,,density 3.5 g/cm3 stated by the manufacturer's datasheet (D-LAK6-25); formula NULL: a catalog optical glass (composition proprietary); no x-ray / neutron SLD,,,,,,CDGM Zemax catalog 2022-06 (obtained from http://www.cdgmgd.com)See also CDGM optical glass data sheets,,,2022.0,optical glass,CDGM-optical/D-LAK6-25,1.69281,53.049215,693531,693530,-0.0083,7.5e-06,243 343,,anneal rate:25°C/h
1023,CDGM H-LAK6A,,,,,,,,,,,,3.59,literature (manufacturer datasheet),,,,,,,specs,CDGM-optical,302.0,2325.0,H-LAK6A,,1.6907573215177214,1.0084326e-08,,,,,density 3.59 g/cm3 stated by the manufacturer's datasheet (H-LAK6A); formula NULL: a catalog optical glass (composition proprietary); no x-ray / neutron SLD,,,,,,CDGM Zemax catalog 2022-06 (obtained from http://www.cdgmgd.com)See also CDGM optical glass data sheets,,,2022.0,optical glass,CDGM-optical/H-LAK6A,1.6935,53.380441,694534,,-0.0082,5.6e-06,243 343,,
1024,CDGM H-LAK7A,,,,,,,,,,,,3.74,literature (manufacturer datasheet),,,,,,,specs,CDGM-optical,302.0,2325.0,H-LAK7A,,1.7102018656509936,3.048768e-08,,,,,density 3.74 g/cm3 stated by the manufacturer's datasheet (H-LAK7A); formula NULL: a catalog optical glass (composition proprietary); no x-ray / neutron SLD,,,,,,CDGM Zemax catalog 2022-06 (obtained from http://www.cdgmgd.com)See also CDGM optical glass data sheets,,,2022.0,optical glass,CDGM-optical/H-LAK7A,1.713,53.832974,713538,,-0.0088,5.5e-06,243 343,standard,
1025,CDGM H-LAK8A,,,,,,,,,,,,3.77,literature (manufacturer datasheet),,,,,,,specs,CDGM-optical,302.0,2325.0,H-LAK8A,,1.7169922808324036,3.53847e-08,,,,,density 3.77 g/cm3 stated by the manufacturer's datasheet (H-LAK8A); formula NULL: a catalog optical glass (composition proprietary); no x-ray / neutron SLD,,,,,,CDGM Zemax catalog 2022-06 (obtained from http://www.cdgmgd.com)See also CDGM optical glass data sheets,,,2022.0,optical glass,CDGM-optical/H-LAK8A,1.72,50.343857,720503,,-0.0086,5.3e-06,243 343,,
1026,CDGM H-LAK8B,,,,,,,,,,,,3.88,literature (manufacturer datasheet),,,,,,,specs,CDGM-optical,302.0,2325.0,H-LAK8B,,1.7169976422298403,1.0084326e-08,,,,,density 3.88 g/cm3 stated by the manufacturer's datasheet (H-LAK8B); formula NULL: a catalog optical glass (composition proprietary); no x-ray / neutron SLD,,,,,,CDGM Zemax catalog 2022-06 (obtained from http://www.cdgmgd.com)See also CDGM optical glass data sheets,,,2022.0,optical glass,CDGM-optical/H-LAK8B,1.72,50.280736,720503,,-0.0068,7.6e-06,243 343,,
1027,CDGM H-LAK10,,,,,,,,,,,,3.73,literature (manufacturer datasheet),,,,,,,specs,CDGM-optical,302.0,2325.0,H-LAK10,,1.6486765251350728,3.03147e-08,,,,,density 3.73 g/cm3 stated by the manufacturer's datasheet (H-LAK10); formula NULL: a catalog optical glass (composition proprietary); no x-ray / neutron SLD,,,,,,CDGM Zemax catalog 2022-06 (obtained from http://www.cdgmgd.com)See also CDGM optical glass data sheets,,,2022.0,optical glass,CDGM-optical/H-LAK10,1.65113,55.890872,651559,,-0.003,7.1e-06,243 343,,
1028,CDGM H-LAK11,,,,,,,,,,,,4.019,literature (manufacturer datasheet),,,,,,,specs,CDGM-optical,302.0,2325.0,H-LAK11,,1.6620528808753379,3.194874e-08,,,,,density 4.019 g/cm3 stated by the manufacturer's datasheet (H-LAK11); formula NULL: a catalog optical glass (composition proprietary); no x-ray / neutron SLD,,,,,,CDGM Zemax catalog 2022-06 (obtained from http://www.cdgmgd.com)See also CDGM optical glass data sheets,,,2022.0,optical glass,CDGM-optical/H-LAK11,1.66461,54.612239,665546,,-0.0025,7.2e-06,243 343,,
1029,CDGM H-LAK12,,,,,,,,,,,,3.71,literature (manufacturer datasheet),,,,,,,specs,CDGM-optical,302.0,2325.0,H-LAK12,,1.6941741310902485,2.6882039999999998e-08,,,,,density 3.71 g/cm3 stated by the manufacturer's datasheet (H-LAK12); formula NULL: a catalog optical glass (composition proprietary); no x-ray / neutron SLD,,,,,,CDGM Zemax catalog 2022-06 (obtained from http://www.cdgmgd.com)See also CDGM optical glass data sheets,,,2022.0,optical glass,CDGM-optical/H-LAK12,1.6968,56.175305,697562,,-0.0071,6.4e-06,243 343,,
1030,CDGM H-LAK50A,,,,,,,,,,,,3.5,literature (manufacturer datasheet),,,,,,,specs,CDGM-optical,302.0,2325.0,H-LAK50A,,1.6492345638519585,2.182034e-08,,,,,density 3.5 g/cm3 stated by the manufacturer's datasheet (H-LAK50A); formula NULL: a catalog optical glass (composition proprietary); no x-ray / neutron SLD,,,,,,CDGM Zemax catalog 2022-06 (obtained from http://www.cdgmgd.com)See also CDGM optical glass data sheets,,,2022.0,optical glass,CDGM-optical/H-LAK50A,1.6516,58.403057,652584,,-0.005,6.3e-06,243 343,,
1031,CDGM H-LAK51A,,,,,,,,,,,,3.56,literature (manufacturer datasheet),,,,,,,specs,CDGM-optical,302.0,2325.0,H-LAK51A,,1.6941461496833774,2.52497e-08,,,,,density 3.56 g/cm3 stated by the manufacturer's datasheet (H-LAK51A); formula NULL: a catalog optical glass (composition proprietary); no x-ray / neutron SLD,,,,,,CDGM Zemax catalog 2022-06 (obtained from http://www.cdgmgd.com)See also CDGM optical glass data sheets,,,2022.0,optical glass,CDGM-optical/H-LAK51A,1.6968,55.526357,697555,,-0.007,6.3e-06,243 343,standard,
1032,CDGM D-LAK52,,,,,,,,,,,,4.0,literature (manufacturer datasheet),,,,,,,specs,CDGM-optical,302.0,2325.0,D-LAK52,,1.7276415207052631,1.0084326e-08,,,,,density 4.0 g/cm3 stated by the manufacturer's datasheet (D-LAK52); formula NULL: a catalog optical glass (composition proprietary); no x-ray / neutron SLD,,,,,,CDGM Zemax catalog 2022-06 (obtained from http://www.cdgmgd.com)See also CDGM optical glass data sheets,,,2022.0,optical glass,CDGM-optical/D-LAK52,1.7305,53.944268,731539,730539,-0.0083,6.1e-06,243 343,,anneal rate:4°C/h
1033,CDGM D-LAK52-25,,,,,,,,,,,,4.0,literature (manufacturer datasheet),,,,,,,specs,CDGM-optical,302.0,2325.0,D-LAK52-25,,1.7263814666448534,1.0084326e-08,,,,,density 4.0 g/cm3 stated by the manufacturer's datasheet (D-LAK52-25); formula NULL: a catalog optical glass (composition proprietary); no x-ray / neutron SLD,,,,,,CDGM Zemax catalog 2022-06 (obtained from http://www.cdgmgd.com)See also CDGM optical glass data sheets,,,2022.0,optical glass,CDGM-optical/D-LAK52-25,1.72924,53.851219,729539,,-0.0084,6.1e-06,243 343,,anneal rate:25°C/h
1034,CDGM H-LAK52,,,,,,,,,,,,4.019,literature (manufacturer datasheet),,,,,,,specs,CDGM-optical,302.0,2325.0,H-LAK52,,1.7263428202832143,1.8394280000000002e-08,,,,,density 4.019 g/cm3 stated by the manufacturer's datasheet (H-LAK52); formula NULL: a catalog optical glass (composition proprietary); no x-ray / neutron SLD,,,,,,CDGM Zemax catalog 2022-06 (obtained from http://www.cdgmgd.com)See also CDGM optical glass data sheets,,,2022.0,optical glass,CDGM-optical/H-LAK52,1.72916,54.684737,729547,,-0.0078,5.6e-06,243 343,standard,
1035,CDGM H-LAK53A,,,,,,,,,,,,4.39,literature (manufacturer datasheet),,,,,,,specs,CDGM-optical,302.0,2325.0,H-LAK53A,,1.751959805600228,2.182034e-08,,,,,density 4.39 g/cm3 stated by the manufacturer's datasheet (H-LAK53A); formula NULL: a catalog optical glass (composition proprietary); no x-ray / neutron SLD,,,,,,CDGM Zemax catalog 2022-06 (obtained from http://www.cdgmgd.com)See also CDGM optical glass data sheets,,,2022.0,optical glass,CDGM-optical/H-LAK53A,1.755,52.320574,755523,,-0.0087,6.1e-06,243 343,,
1036,CDGM H-LAK53B,,,,,,,,,,,,4.22,literature (manufacturer datasheet),,,,,,,specs,CDGM-optical,302.0,2325.0,H-LAK53B,,1.751959163870049,1.0084326e-08,,,,,density 4.22 g/cm3 stated by the manufacturer's datasheet (H-LAK53B); formula NULL: a catalog optical glass (composition proprietary); no x-ray / neutron SLD,,,,,,CDGM Zemax catalog 2022-06 (obtained from http://www.cdgmgd.com)See also CDGM optical glass data sheets,,,2022.0,optical glass,CDGM-optical/H-LAK53B,1.755,52.322058,755523,,-0.0091,5.7e-06,243 343,standard,
1037,CDGM H-LAK54,,,,,,,,,,,,4.01,literature (manufacturer datasheet),,,,,,,specs,CDGM-optical,302.0,2325.0,H-LAK54,,1.7309995667197486,3.03147e-08,,,,,density 4.01 g/cm3 stated by the manufacturer's datasheet (H-LAK54); formula NULL: a catalog optical glass (composition proprietary); no x-ray / neutron SLD,,,,,,CDGM Zemax catalog 2022-06 (obtained from http://www.cdgmgd.com)See also CDGM optical glass data sheets,,,2022.0,optical glass,CDGM-optical/H-LAK54,1.734,51.485829,734515,,-0.0086,5.1e-06,243 343,,
1038,CDGM H-LAK59A,,,,,,,,,,,,3.94,literature (manufacturer datasheet),,,,,,,specs,CDGM-optical,313.0,2325.0,H-LAK59A,,1.6883439615963902,2.182034e-08,,,,,density 3.94 g/cm3 stated by the manufacturer's datasheet (H-LAK59A); formula NULL: a catalog optical glass (composition proprietary); no x-ray / neutron SLD,,,,,,CDGM Zemax catalog 2022-06 (obtained from http://www.cdgmgd.com)See also CDGM optical glass data sheets,,,2022.0,optical glass,CDGM-optical/H-LAK59A,1.691,54.815309,691548,,-0.0052,8.2e-06,243 343,,
1039,CDGM H-LAK61,,,,,,,,,,,,4.1,literature (manufacturer datasheet),,,,,,,specs,CDGM-optical,365.0,1014.0,H-LAK61,,1.7380324061786891,2.1820340000000002e-08,,,,,density 4.1 g/cm3 stated by the manufacturer's datasheet (H-LAK61); formula NULL: a catalog optical glass (composition proprietary); no x-ray / neutron SLD,,,,,,CDGM Zemax catalog 2022-06 (obtained from http://www.cdgmgd.com)See also CDGM optical glass data sheets,,,2022.0,optical glass,CDGM-optical/H-LAK61,1.740999,52.676196,741526,741527,-0.0096,5.8e-06,243 343,,
1040,CDGM H-LAK67,,,,,,,,,,,,3.73,literature (manufacturer datasheet),,,,,,,specs,CDGM-optical,365.0,706.5,H-LAK67,,1.667289101572304,2.01897e-08,,,,,density 3.73 g/cm3 stated by the manufacturer's datasheet (H-LAK67); formula NULL: a catalog optical glass (composition proprietary); no x-ray / neutron SLD,,,,,,CDGM Zemax catalog 2022-06 (obtained from http://www.cdgmgd.com)See also CDGM optical glass data sheets,,,2022.0,optical glass,CDGM-optical/H-LAK67,1.670003,51.758578,670517,670518,-0.004,7e-06,243 343,,
1041,CDGM D-LAK70,,,,,,,,,,,,3.35,literature (manufacturer datasheet),,,,,,,specs,CDGM-optical,302.0,2325.0,D-LAK70,,1.6665475872911288,1.676364e-08,,,,,density 3.35 g/cm3 stated by the manufacturer's datasheet (D-LAK70); formula NULL: a catalog optical glass (composition proprietary); no x-ray / neutron SLD,,,,,,CDGM Zemax catalog 2022-06 (obtained from http://www.cdgmgd.com)See also CDGM optical glass data sheets,,,2022.0,optical glass,CDGM-optical/D-LAK70,1.6691,55.389689,669554,,-0.0066,7.3e-06,243 343,,anneal rate:4°C/h
1042,CDGM D-LAK70-25,,,,,,,,,,,,3.35,literature (manufacturer datasheet),,,,,,,specs,CDGM-optical,302.0,2325.0,D-LAK70-25,,1.6654475342815593,1.676364e-08,,,,,density 3.35 g/cm3 stated by the manufacturer's datasheet (D-LAK70-25); formula NULL: a catalog optical glass (composition proprietary); no x-ray / neutron SLD,,,,,,CDGM Zemax catalog 2022-06 (obtained from http://www.cdgmgd.com)See also CDGM optical glass data sheets,,,2022.0,optical glass,CDGM-optical/D-LAK70-25,1.668,55.295752,668553,,-0.0067,7.3e-06,243 343,,anneal rate:25°C/h
1043,CDGM D-PK3,,,,,,,,,,,,2.65,literature (manufacturer datasheet),,,,,,,specs,CDGM-optical,302.0,2325.0,D-PK3,,1.5234033381703407,2.01897e-08,,,,,density 2.65 g/cm3 stated by the manufacturer's datasheet (D-PK3); formula NULL: a catalog optical glass (composition proprietary); no x-ray / neutron SLD,,,,,,CDGM Zemax catalog 2022-06 (obtained from http://www.cdgmgd.com)See also CDGM optical glass data sheets,,,2022.0,optical glass,CDGM-optical/D-PK3,1.525,70.370578,525704,,0.0048,8.1e-06,243 343,,anneal rate:4°C/h
1044,CDGM D-PK3-25,,,,,,,,,,,,2.65,literature (manufacturer datasheet),,,,,,,specs,CDGM-optical,302.0,2325.0,D-PK3-25,,1.522085184108741,2.01897e-08,,,,,density 2.65 g/cm3 stated by the manufacturer's datasheet (D-PK3-25); formula NULL: a catalog optical glass (composition proprietary); no x-ray / neutron SLD,,,,,,CDGM Zemax catalog 2022-06 (obtained from http://www.cdgmgd.com)See also CDGM optical glass data sheets,,,2022.0,optical glass,CDGM-optical/D-PK3-25,1.52368,70.274839,524703,,0.0047,8.1e-06,243 343,,anneal rate:25°C/h
1045,CDGM D-ZPK1A,,,,,,,,,,,,3.69,literature (manufacturer datasheet),,,,,,,specs,CDGM-optical,302.0,2325.0,D-ZPK1A,,1.6188154889056026,2.361906e-08,,,,,density 3.69 g/cm3 stated by the manufacturer's datasheet (D-ZPK1A); formula NULL: a catalog optical glass (composition proprietary); no x-ray / neutron SLD,,,,,,CDGM Zemax catalog 2022-06 (obtained from http://www.cdgmgd.com)See also CDGM optical glass data sheets,,,2022.0,optical glass,CDGM-optical/D-ZPK1A,1.62087,63.828532,621638,,0.0063,1.05e-05,243 343,,anneal rate:4°C/h
1046,CDGM D-ZPK1A-25,,,,,,,,,,,,3.69,literature (manufacturer datasheet),,,,,,,specs,CDGM-optical,302.0,2325.0,D-ZPK1A-25,,1.617936186292514,2.361906e-08,,,,,density 3.69 g/cm3 stated by the manufacturer's datasheet (D-ZPK1A-25); formula NULL: a catalog optical glass (composition proprietary); no x-ray / neutron SLD,,,,,,CDGM Zemax catalog 2022-06 (obtained from http://www.cdgmgd.com)See also CDGM optical glass data sheets,,,2022.0,optical glass,CDGM-optical/D-ZPK1A-25,1.61999,63.763831,620638,,0.0062,1.05e-05,243 343,,anneal rate:25°C/h
1047,CDGM H-ZPK1A,,,,,,,,,,,,3.61,literature (manufacturer datasheet),,,,,,,specs,CDGM-optical,302.0,2325.0,H-ZPK1A,,1.6159405589282756,1.0084326e-08,,,,,density 3.61 g/cm3 stated by the manufacturer's datasheet (H-ZPK1A); formula NULL: a catalog optical glass (composition proprietary); no x-ray / neutron SLD,,,,,,CDGM Zemax catalog 2022-06 (obtained from http://www.cdgmgd.com)See also CDGM optical glass data sheets,,,2022.0,optical glass,CDGM-optical/H-ZPK1A,1.618,63.392702,618634,,0.0054,9.9e-06,243 343,standard,
1048,CDGM H-ZPK2A,,,,,,,,,,,,3.5,literature (manufacturer datasheet),,,,,,,specs,CDGM-optical,365.0,1014.0,H-ZPK2A,,1.6010468362676546,1.513436e-08,,,,,density 3.5 g/cm3 stated by the manufacturer's datasheet (H-ZPK2A); formula NULL: a catalog optical glass (composition proprietary); no x-ray / neutron SLD,,,,,,CDGM Zemax catalog 2022-06 (obtained from http://www.cdgmgd.com)See also CDGM optical glass data sheets,,,2022.0,optical glass,CDGM-optical/H-ZPK2A,1.603001,65.45962,603655,,0.0065,9.3e-06,243 343,,
1049,CDGM D-ZPK3,,,,,,,,,,,,3.37,literature (manufacturer datasheet),,,,,,,specs,CDGM-optical,302.0,2325.0,D-ZPK3,,1.5923121935504267,1.1711599999999999e-08,,,,,density 3.37 g/cm3 stated by the manufacturer's datasheet (D-ZPK3); formula NULL: a catalog optical glass (composition proprietary); no x-ray / neutron SLD,,,,,,CDGM Zemax catalog 2022-06 (obtained from http://www.cdgmgd.com)See also CDGM optical glass data sheets,,,2022.0,optical glass,CDGM-optical/D-ZPK3,1.59419,67.295385,594673,,0.0057,9.2e-06,243 343,,anneal rate:4°C/h
1050,CDGM D-ZPK3-25,,,,,,,,,,,,3.37,literature (manufacturer datasheet),,,,,,,specs,CDGM-optical,302.0,2325.0,D-ZPK3-25,,1.5913928522088427,1.1711599999999999e-08,,,,,density 3.37 g/cm3 stated by the manufacturer's datasheet (D-ZPK3-25); formula NULL: a catalog optical glass (composition proprietary); no x-ray / neutron SLD,,,,,,CDGM Zemax catalog 2022-06 (obtained from http://www.cdgmgd.com)See also CDGM optical glass data sheets,,,2022.0,optical glass,CDGM-optical/D-ZPK3-25,1.59327,67.22642,593672,,0.0054,9.2e-06,243 343,,anneal rate:25°C/h
1051,CDGM H-ZPK3,,,,,,,,,,,,3.36,literature (manufacturer datasheet),,,,,,,specs,CDGM-optical,302.0,2325.0,H-ZPK3,,1.59161386789384,1.856042e-08,,,,,density 3.36 g/cm3 stated by the manufacturer's datasheet (H-ZPK3); formula NULL: a catalog optical glass (composition proprietary); no x-ray / neutron SLD,,,,,,CDGM Zemax catalog 2022-06 (obtained from http://www.cdgmgd.com)See also CDGM optical glass data sheets,,,2022.0,optical glass,CDGM-optical/H-ZPK3,1.59349,67.285372,593673,,0.0057,9.6e-06,243 343,,
1052,CDGM D-ZPK5,,,,,,,,,,,,4.29,literature (manufacturer datasheet),,,,,,,specs,CDGM-optical,302.0,2325.0,D-ZPK5,,1.590971543849963,1.513436e-08,,,,,density 4.29 g/cm3 stated by the manufacturer's datasheet (D-ZPK5); formula NULL: a catalog optical glass (composition proprietary); no x-ray / neutron SLD,,,,,,CDGM Zemax catalog 2022-06 (obtained from http://www.cdgmgd.com)See also CDGM optical glass data sheets,,,2022.0,optical glass,CDGM-optical/D-ZPK5,1.5928,68.342024,593683,,0.0154,1.23e-05,243 343,,anneal rate:4°C/h
1053,CDGM D-ZPK5-25,,,,,,,,,,,,4.29,literature (manufacturer datasheet),,,,,,,specs,CDGM-optical,302.0,2325.0,D-ZPK5-25,,1.5903320562327445,1.513436e-08,,,,,density 4.29 g/cm3 stated by the manufacturer's datasheet (D-ZPK5-25); formula NULL: a catalog optical glass (composition proprietary); no x-ray / neutron SLD,,,,,,CDGM Zemax catalog 2022-06 (obtained from http://www.cdgmgd.com)See also CDGM optical glass data sheets,,,2022.0,optical glass,CDGM-optical/D-ZPK5-25,1.59216,68.281511,592683,,0.0154,1.23e-05,243 343,,anneal rate:25°C/h
1054,CDGM H-ZPK5,,,,,,,,,,,,4.29,literature (manufacturer datasheet),,,,,,,specs,CDGM-optical,302.0,2325.0,H-ZPK5,,1.590971543849963,1.513436e-08,,,,,density 4.29 g/cm3 stated by the manufacturer's datasheet (H-ZPK5); formula NULL: a catalog optical glass (composition proprietary); no x-ray / neutron SLD,,,,,,CDGM Zemax catalog 2022-06 (obtained from http://www.cdgmgd.com)See also CDGM optical glass data sheets,,,2022.0,optical glass,CDGM-optical/H-ZPK5,1.5928,68.342024,593683,,0.0154,1.24e-05,243 343,standard,
1055,CDGM D-ZPK7,,,,,,,,,,,,4.36,literature (manufacturer datasheet),,,,,,,specs,CDGM-optical,302.0,2325.0,D-ZPK7,,1.5673876053244813,2.01897e-08,,,,,density 4.36 g/cm3 stated by the manufacturer's datasheet (D-ZPK7); formula NULL: a catalog optical glass (composition proprietary); no x-ray / neutron SLD,,,,,,CDGM Zemax catalog 2022-06 (obtained from http://www.cdgmgd.com)See also CDGM optical glass data sheets,,,2022.0,optical glass,CDGM-optical/D-ZPK7,1.56907,71.304254,569713,,0.02,1.33e-05,243 343,,anneal rate:4°C/h
1056,CDGM D-ZPK7-25,,,,,,,,,,,,4.36,literature (manufacturer datasheet),,,,,,,specs,CDGM-optical,302.0,2325.0,D-ZPK7-25,,1.5668574264023065,2.01897e-08,,,,,density 4.36 g/cm3 stated by the manufacturer's datasheet (D-ZPK7-25); formula NULL: a catalog optical glass (composition proprietary); no x-ray / neutron SLD,,,,,,CDGM Zemax catalog 2022-06 (obtained from http://www.cdgmgd.com)See also CDGM optical glass data sheets,,,2022.0,optical glass,CDGM-optical/D-ZPK7-25,1.56854,71.235367,569712,,0.0199,1.33e-05,243 343,,anneal rate:25°C/h
1057,CDGM H-ZPK7,,,,,,,,,,,,4.36,literature (manufacturer datasheet),,,,,,,specs,CDGM-optical,302.0,2325.0,H-ZPK7,,1.5673876053244813,2.01897e-08,,,,,density 4.36 g/cm3 stated by the manufacturer's datasheet (H-ZPK7); formula NULL: a catalog optical glass (composition proprietary); no x-ray / neutron SLD,,,,,,CDGM Zemax catalog 2022-06 (obtained from http://www.cdgmgd.com)See also CDGM optical glass data sheets,,,2022.0,optical glass,CDGM-optical/H-ZPK7,1.56907,71.304254,569713,,0.02,1.34e-05,243 343,,
1058,CDGM F1,,,,,,,,,,,,3.43,literature (manufacturer datasheet),,,,,,,specs,CDGM-optical,365.0,706.5,F1,,1.6001505298908503,5.039746e-09,,,,,density 3.43 g/cm3 stated by the manufacturer's datasheet (F1); formula NULL: a catalog optical glass (composition proprietary); no x-ray / neutron SLD,,,,,,CDGM Zemax catalog 2022-06 (obtained from http://www.cdgmgd.com)See also CDGM optical glass data sheets,,,2022.0,optical glass,CDGM-optical/F1,1.603417,38.01487,603380,,-0.0022,9.2e-06,243 343,preferred,
1059,CDGM H-F1,,,,,,,,,,,,2.63,literature (manufacturer datasheet),,,,,,,specs,CDGM-optical,365.0,2325.0,H-F1,,1.6001570006636638,7.283834e-08,,,,,density 2.63 g/cm3 stated by the manufacturer's datasheet (H-F1); formula NULL: a catalog optical glass (composition proprietary); no x-ray / neutron SLD,,,,,,CDGM Zemax catalog 2022-06 (obtained from http://www.cdgmgd.com)See also CDGM optical glass data sheets,,,2022.0,optical glass,CDGM-optical/H-F1,1.60342,38.010877,603380,,0.0027,7.9e-06,243 343,,
1060,CDGM F2,,,,,,,,,,,,3.5,literature (manufacturer datasheet),,,,,,,specs,CDGM-optical,365.0,1014.0,F2,,1.6095247585407375,5.039746e-09,,,,,density 3.5 g/cm3 stated by the manufacturer's datasheet (F2); formula NULL: a catalog optical glass (composition proprietary); no x-ray / neutron SLD,,,,,,CDGM Zemax catalog 2022-06 (obtained from http://www.cdgmgd.com)See also CDGM optical glass data sheets,,,2022.0,optical glass,CDGM-optical/F2,1.612929,36.986002,613370,,-0.0014,1.01e-05,243 343,preferred,
1061,CDGM H-F2,,,,,,,,,,,,2.65,literature (manufacturer datasheet),,,,,,,specs,CDGM-optical,365.0,2325.0,H-F2,,1.6095314908034988,3.03147e-08,,,,,density 2.65 g/cm3 stated by the manufacturer's datasheet (H-F2); formula NULL: a catalog optical glass (composition proprietary); no x-ray / neutron SLD,,,,,,CDGM Zemax catalog 2022-06 (obtained from http://www.cdgmgd.com)See also CDGM optical glass data sheets,,,2022.0,optical glass,CDGM-optical/H-F2,1.61293,37.004441,613370,,0.004,7.8e-06,243 343,,
1062,CDGM F3,,,,,,,,,,,,3.57,literature (manufacturer datasheet),,,,,,,specs,CDGM-optical,365.0,1014.0,F3,,1.6131346713001697,1.0084326e-08,,,,,density 3.57 g/cm3 stated by the manufacturer's datasheet (F3); formula NULL: a catalog optical glass (composition proprietary); no x-ray / neutron SLD,,,,,,CDGM Zemax catalog 2022-06 (obtained from http://www.cdgmgd.com)See also CDGM optical glass data sheets,,,2022.0,optical glass,CDGM-optical/F3,1.616592,36.627394,617366,,-0.0026,8.5e-06,243 343,preferred,
1063,CDGM H-F3,,,,,,,,,,,,2.68,literature (manufacturer datasheet),,,,,,,specs,CDGM-optical,365.0,2325.0,H-F3,,1.6131414964070725,1.676364e-08,,,,,density 2.68 g/cm3 stated by the manufacturer's datasheet (H-F3); formula NULL: a catalog optical glass (composition proprietary); no x-ray / neutron SLD,,,,,,CDGM Zemax catalog 2022-06 (obtained from http://www.cdgmgd.com)See also CDGM optical glass data sheets,,,2022.0,optical glass,CDGM-optical/H-F3,1.61659,36.651688,617367,,0.0044,7.4e-06,243 343,,
1064,CDGM F4,,,,,,,,,,,,3.57,literature (manufacturer datasheet),,,,,,,specs,CDGM-optical,365.0,1014.0,F4,,1.6165492633647007,3.03147e-08,,,,,density 3.57 g/cm3 stated by the manufacturer's datasheet (F4); formula NULL: a catalog optical glass (composition proprietary); no x-ray / neutron SLD,,,,,,CDGM Zemax catalog 2022-06 (obtained from http://www.cdgmgd.com)See also CDGM optical glass data sheets,,,2022.0,optical glass,CDGM-optical/F4,1.620047,36.35673,620364,,,9.1e-06,243 343,preferred,
1065,CDGM H-F4,,,,,,,,,,,,2.67,literature (manufacturer datasheet),,,,,,,specs,CDGM-optical,365.0,2325.0,H-F4,,1.6165541713867113,2.01897e-08,,,,,density 2.67 g/cm3 stated by the manufacturer's datasheet (H-F4); formula NULL: a catalog optical glass (composition proprietary); no x-ray / neutron SLD,,,,,,CDGM Zemax catalog 2022-06 (obtained from http://www.cdgmgd.com)See also CDGM optical glass data sheets,,,2022.0,optical glass,CDGM-optical/H-F4,1.62005,36.345886,620364,620363,0.0047,7.6e-06,243 343,standard,
1066,CDGM F4GTI,,,,,,,,,,,,3.57,literature (manufacturer datasheet),,,,,,,specs,CDGM-optical,365.0,2325.0,F4GTI,,1.6165597814236046,4.68484e-09,,,,,density 3.57 g/cm3 stated by the manufacturer's datasheet (F4GTI); formula NULL: a catalog optical glass (composition proprietary); no x-ray / neutron SLD,,,,,,CDGM Zemax catalog 2022-06 (obtained from http://www.cdgmgd.com)See also CDGM optical glass data sheets,,,2022.0,optical glass,CDGM-optical/F4GTI,1.62005,36.430813,620364,,-0.0001,9.1e-06,243 343,,i line glass
1067,CDGM F5,,,,,,,,,,,,3.64,literature (manufacturer datasheet),,,,,,,specs,CDGM-optical,365.0,1014.0,F5,,1.6207899530812258,1.0084326e-08,,,,,density 3.64 g/cm3 stated by the manufacturer's datasheet (F5); formula NULL: a catalog optical glass (composition proprietary); no x-ray / neutron SLD,,,,,,CDGM Zemax catalog 2022-06 (obtained from http://www.cdgmgd.com)See also CDGM optical glass data sheets,,,2022.0,optical glass,CDGM-optical/F5,1.624353,35.938411,624359,,-0.0034,8.4e-06,243 343,preferred,
1068,CDGM H-F5,,,,,,,,,,,,2.69,literature (manufacturer datasheet),,,,,,,specs,CDGM-optical,365.0,2325.0,H-F5,,1.620791014222964,1.676364e-08,,,,,density 2.69 g/cm3 stated by the manufacturer's datasheet (H-F5); formula NULL: a catalog optical glass (composition proprietary); no x-ray / neutron SLD,,,,,,CDGM Zemax catalog 2022-06 (obtained from http://www.cdgmgd.com)See also CDGM optical glass data sheets,,,2022.0,optical glass,CDGM-optical/H-F5,1.62435,35.923444,624359,,0.0046,7.8e-06,243 343,,
1069,CDGM F6,,,,,,,,,,,,3.6,literature (manufacturer datasheet),,,,,,,specs,CDGM-optical,365.0,1014.0,F6,,1.6213561304242496,3.53847e-08,,,,,density 3.6 g/cm3 stated by the manufacturer's datasheet (F6); formula NULL: a catalog optical glass (composition proprietary); no x-ray / neutron SLD,,,,,,CDGM Zemax catalog 2022-06 (obtained from http://www.cdgmgd.com)See also CDGM optical glass data sheets,,,2022.0,optical glass,CDGM-optical/F6,1.624954,35.577816,625356,,-0.0011,9.8e-06,243 343,preferred,
1070,CDGM F7,,,,,,,,,,,,3.73,literature (manufacturer datasheet),,,,,,,specs,CDGM-optical,365.0,1014.0,F7,,1.6326759487873486,2.01897e-08,,,,,density 3.73 g/cm3 stated by the manufacturer's datasheet (F7); formula NULL: a catalog optical glass (composition proprietary); no x-ray / neutron SLD,,,,,,CDGM Zemax catalog 2022-06 (obtained from http://www.cdgmgd.com)See also CDGM optical glass data sheets,,,2022.0,optical glass,CDGM-optical/F7,1.636365,35.386204,636354,,-0.0033,8.5e-06,243 343,preferred,
1071,CDGM F13,,,,,,,,,,,,3.63,literature (manufacturer datasheet),,,,,,,specs,CDGM-optical,365.0,1014.0,F13,,1.6222906504783385,1.0084326e-08,,,,,density 3.63 g/cm3 stated by the manufacturer's datasheet (F13); formula NULL: a catalog optical glass (composition proprietary); no x-ray / neutron SLD,,,,,,CDGM Zemax catalog 2022-06 (obtained from http://www.cdgmgd.com)See also CDGM optical glass data sheets,,,2022.0,optical glass,CDGM-optical/F13,1.625884,35.713679,626357,,-0.0009,9.4e-06,243 343,preferred,
1072,CDGM H-F13,,,,,,,,,,,,2.69,literature (manufacturer datasheet),,,,,,,specs,CDGM-optical,365.0,2325.0,H-F13,,1.6222899177630548,4.390358e-08,,,,,density 2.69 g/cm3 stated by the manufacturer's datasheet (H-F13); formula NULL: a catalog optical glass (composition proprietary); no x-ray / neutron SLD,,,,,,CDGM Zemax catalog 2022-06 (obtained from http://www.cdgmgd.com)See also CDGM optical glass data sheets,,,2022.0,optical glass,CDGM-optical/H-F13,1.62588,35.698971,626357,,0.0046,8e-06,243 343,,
1073,CDGM H-F51,,,,,,,,,,,,2.76,literature (manufacturer datasheet),,,,,,,specs,CDGM-optical,365.0,2325.0,H-F51,,1.6360080168550402,2.5249699999999998e-08,,,,,density 2.76 g/cm3 stated by the manufacturer's datasheet (H-F51); formula NULL: a catalog optical glass (composition proprietary); no x-ray / neutron SLD,,,,,,CDGM Zemax catalog 2022-06 (obtained from http://www.cdgmgd.com)See also CDGM optical glass data sheets,,,2022.0,optical glass,CDGM-optical/H-F51,1.6398,34.46457,640345,,0.0054,8.4e-06,243 343,,
1074,CDGM QF1,,,,,,,,,,,,2.94,literature (manufacturer datasheet),,,,,,,specs,CDGM-optical,365.0,706.5,QF1,,1.5456218241694917,3.03147e-08,,,,,density 2.94 g/cm3 stated by the manufacturer's datasheet (QF1); formula NULL: a catalog optical glass (composition proprietary); no x-ray / neutron SLD,,,,,,CDGM Zemax catalog 2022-06 (obtained from http://www.cdgmgd.com)See also CDGM optical glass data sheets,,,2022.0,optical glass,CDGM-optical/QF1,1.5481,45.886233,548459,,0.0013,7.7e-06,243 343,preferred,
1075,CDGM H-QF1,,,,,,,,,,,,2.58,literature (manufacturer datasheet),,,,,,,specs,CDGM-optical,365.0,2325.0,H-QF1,,1.5456556614782229,1.513436e-08,,,,,density 2.58 g/cm3 stated by the manufacturer's datasheet (H-QF1); formula NULL: a catalog optical glass (composition proprietary); no x-ray / neutron SLD,,,,,,CDGM Zemax catalog 2022-06 (obtained from http://www.cdgmgd.com)See also CDGM optical glass data sheets,,,2022.0,optical glass,CDGM-optical/H-QF1,1.54814,45.820011,548458,,0.0012,9.3e-06,243 343,,
1076,CDGM QF3,,,,,,,,,,,,3.18,literature (manufacturer datasheet),,,,,,,specs,CDGM-optical,365.0,706.5,QF3,,1.572146173646465,5.039746e-09,,,,,density 3.18 g/cm3 stated by the manufacturer's datasheet (QF3); formula NULL: a catalog optical glass (composition proprietary); no x-ray / neutron SLD,,,,,,CDGM Zemax catalog 2022-06 (obtained from http://www.cdgmgd.com)See also CDGM optical glass data sheets,,,2022.0,optical glass,CDGM-optical/QF3,1.575026,41.29692,575413,,-0.001,9.3e-06,243 343,preferred,
1077,CDGM H-QF3,,,,,,,,,,,,2.6,literature (manufacturer datasheet),,,,,,,specs,CDGM-optical,365.0,2325.0,H-QF3,,1.5721500297280782,2.5249699999999998e-08,,,,,density 2.6 g/cm3 stated by the manufacturer's datasheet (H-QF3); formula NULL: a catalog optical glass (composition proprietary); no x-ray / neutron SLD,,,,,,CDGM Zemax catalog 2022-06 (obtained from http://www.cdgmgd.com)See also CDGM optical glass data sheets,,,2022.0,optical glass,CDGM-optical/H-QF3,1.57501,41.504715,575415,,0.0025,9e-06,243 343,,
1078,CDGM QF5,,,,,,,,,,,,3.22,literature (manufacturer datasheet),,,,,,,specs,CDGM-optical,365.0,706.5,QF5,,1.5792841603775423,2.01897e-08,,,,,density 3.22 g/cm3 stated by the manufacturer's datasheet (QF5); formula NULL: a catalog optical glass (composition proprietary); no x-ray / neutron SLD,,,,,,CDGM Zemax catalog 2022-06 (obtained from http://www.cdgmgd.com)See also CDGM optical glass data sheets,,,2022.0,optical glass,CDGM-optical/QF5,1.582153,42.039634,582420,,-0.0014,8.3e-06,243 343,preferred,
1079,CDGM QF6,,,,,,,,,,,,2.78,literature (manufacturer datasheet),,,,,,,specs,CDGM-optical,365.0,706.5,QF6,,1.5294414931801261,2.5249699999999998e-08,,,,,density 2.78 g/cm3 stated by the manufacturer's datasheet (QF6); formula NULL: a catalog optical glass (composition proprietary); no x-ray / neutron SLD,,,,,,CDGM Zemax catalog 2022-06 (obtained from http://www.cdgmgd.com)See also CDGM optical glass data sheets,,,2022.0,optical glass,CDGM-optical/QF6,1.531719,48.755584,532488,,-0.0024,8.2e-06,243 343,preferred,
1080,CDGM H-QF6A,,,,,,,,,,,,2.52,literature (manufacturer datasheet),,,,,,,specs,CDGM-optical,365.0,2325.0,H-QF6A,,1.5294526294912598,3.211832e-08,,,,,density 2.52 g/cm3 stated by the manufacturer's datasheet (H-QF6A); formula NULL: a catalog optical glass (composition proprietary); no x-ray / neutron SLD,,,,,,CDGM Zemax catalog 2022-06 (obtained from http://www.cdgmgd.com)See also CDGM optical glass data sheets,,,2022.0,optical glass,CDGM-optical/H-QF6A,1.53172,48.839833,532488,,0.0037,8.6e-06,243 343,,
1081,CDGM QF8,,,,,,,,,,,,2.86,literature (manufacturer datasheet),,,,,,,specs,CDGM-optical,365.0,706.5,QF8,,1.5383300243746916,1.513436e-08,,,,,density 2.86 g/cm3 stated by the manufacturer's datasheet (QF8); formula NULL: a catalog optical glass (composition proprietary); no x-ray / neutron SLD,,,,,,CDGM Zemax catalog 2022-06 (obtained from http://www.cdgmgd.com)See also CDGM optical glass data sheets,,,2022.0,optical glass,CDGM-optical/QF8,1.540718,47.198243,541472,,-0.0032,8.5e-06,243 343,preferred,
1082,CDGM H-QF8,,,,,,,,,,,,2.54,literature (manufacturer datasheet),,,,,,,specs,CDGM-optical,365.0,2325.0,H-QF8,,1.53833760790365,2.01897e-08,,,,,density 2.54 g/cm3 stated by the manufacturer's datasheet (H-QF8); formula NULL: a catalog optical glass (composition proprietary); no x-ray / neutron SLD,,,,,,CDGM Zemax catalog 2022-06 (obtained from http://www.cdgmgd.com)See also CDGM optical glass data sheets,,,2022.0,optical glass,CDGM-optical/H-QF8,1.54072,47.230007,541472,,0.0002,9.6e-06,243 343,,
1083,CDGM H-QF14,,,,,,,,,,,,2.62,literature (manufacturer datasheet),,,,,,,specs,CDGM-optical,365.0,2325.0,H-QF14,,1.5923836423888156,2.868236e-08,,,,,density 2.62 g/cm3 stated by the manufacturer's datasheet (H-QF14); formula NULL: a catalog optical glass (composition proprietary); no x-ray / neutron SLD,,,,,,CDGM Zemax catalog 2022-06 (obtained from http://www.cdgmgd.com)See also CDGM optical glass data sheets,,,2022.0,optical glass,CDGM-optical/H-QF14,1.59551,39.222748,596392,,0.0021,7.8e-06,243 343,,
1084,CDGM QF50,,,,,,,,,,,,3.23,literature (manufacturer datasheet),,,,,,,specs,CDGM-optical,313.0,2325.0,QF50,,1.5785024209977796,2.5249699999999998e-08,,,,,density 3.23 g/cm3 stated by the manufacturer's datasheet (QF50); formula NULL: a catalog optical glass (composition proprietary); no x-ray / neutron SLD,,,,,,CDGM Zemax catalog 2022-06 (obtained from http://www.cdgmgd.com)See also CDGM optical glass data sheets,,,2022.0,optical glass,CDGM-optical/QF50,1.58144,40.885954,581409,,-0.0018,9e-06,243 343,,
1085,CDGM H-QF50,,,,,,,,,,,,2.6,literature (manufacturer datasheet),,,,,,,specs,CDGM-optical,365.0,2325.0,H-QF50,,1.5785051377419408,2.6882039999999998e-08,,,,,density 2.6 g/cm3 stated by the manufacturer's datasheet (H-QF50); formula NULL: a catalog optical glass (composition proprietary); no x-ray / neutron SLD,,,,,,CDGM Zemax catalog 2022-06 (obtained from http://www.cdgmgd.com)See also CDGM optical glass data sheets,,,2022.0,optical glass,CDGM-optical/H-QF50,1.58144,40.888972,581409,,0.0013,7.7e-06,243 343,,
1086,CDGM H-QF50A,,,,,,,,,,,,2.61,literature (manufacturer datasheet),,,,,,,specs,CDGM-optical,365.0,2325.0,H-QF50A,,1.578495021026903,1.513436e-08,,,,,density 2.61 g/cm3 stated by the manufacturer's datasheet (H-QF50A); formula NULL: a catalog optical glass (composition proprietary); no x-ray / neutron SLD,,,,,,CDGM Zemax catalog 2022-06 (obtained from http://www.cdgmgd.com)See also CDGM optical glass data sheets,,,2022.0,optical glass,CDGM-optical/H-QF50A,1.58144,40.746424,581408,581407,0.0014,8.5e-06,243 343,,
1087,CDGM QF50GTI,,,,,,,,,,,,3.23,literature (manufacturer datasheet),,,,,,,specs,CDGM-optical,313.0,2325.0,QF50GTI,,1.5785024209977796,4.033842e-09,,,,,density 3.23 g/cm3 stated by the manufacturer's datasheet (QF50GTI); formula NULL: a catalog optical glass (composition proprietary); no x-ray / neutron SLD,,,,,,CDGM Zemax catalog 2022-06 (obtained from http://www.cdgmgd.com)See also CDGM optical glass data sheets,,,2022.0,optical glass,CDGM-optical/QF50GTI,1.58144,40.885954,581409,,-0.0018,9e-06,243 343,,i line glass
1088,CDGM H-QF56,,,,,,,,,,,,2.62,literature (manufacturer datasheet),,,,,,,specs,CDGM-optical,365.0,2325.0,H-QF56,,1.5645817024801736,5.062634e-08,,,,,density 2.62 g/cm3 stated by the manufacturer's datasheet (H-QF56); formula NULL: a catalog optical glass (composition proprietary); no x-ray / neutron SLD,,,,,,CDGM Zemax catalog 2022-06 (obtained from http://www.cdgmgd.com)See also CDGM optical glass data sheets,,,2022.0,optical glass,CDGM-optical/H-QF56,1.56732,42.810117,567428,,0.0028,9.4e-06,243 343,,
1089,CDGM ZF1,,,,,,,,,,,,3.84,literature (manufacturer datasheet),,,,,,,specs,CDGM-optical,365.0,706.5,ZF1,,1.6437818584309016,1.0084326e-08,,,,,density 3.84 g/cm3 stated by the manufacturer's datasheet (ZF1); formula NULL: a catalog optical glass (composition proprietary); no x-ray / neutron SLD,,,,,,CDGM Zemax catalog 2022-06 (obtained from http://www.cdgmgd.com)See also CDGM optical glass data sheets,,,2022.0,optical glass,CDGM-optical/ZF1,1.647693,33.836872,648338,,0.0006,8.9e-06,243 343,preferred,
1090,CDGM H-ZF1,,,,,,,,,,,,2.73,literature (manufacturer datasheet),,,,,,,specs,CDGM-optical,365.0,2325.0,H-ZF1,,1.6437831213821619,1.3507085999999999e-08,,,,,density 2.73 g/cm3 stated by the manufacturer's datasheet (H-ZF1); formula NULL: a catalog optical glass (composition proprietary); no x-ray / neutron SLD,,,,,,CDGM Zemax catalog 2022-06 (obtained from http://www.cdgmgd.com)See also CDGM optical glass data sheets,,,2022.0,optical glass,CDGM-optical/H-ZF1,1.64769,33.840317,648338,,0.0049,9.1e-06,243 343,special,
1091,CDGM H-ZF1A,,,,,,,,,,,,2.79,literature (manufacturer datasheet),,,,,,,specs,CDGM-optical,365.0,2325.0,H-ZF1A,,1.6437899109213947,2.6882039999999998e-08,,,,,density 2.79 g/cm3 stated by the manufacturer's datasheet (H-ZF1A); formula NULL: a catalog optical glass (composition proprietary); no x-ray / neutron SLD,,,,,,CDGM Zemax catalog 2022-06 (obtained from http://www.cdgmgd.com)See also CDGM optical glass data sheets,,,2022.0,optical glass,CDGM-optical/H-ZF1A,1.64769,33.887993,648339,,0.0058,8.5e-06,243 343,standard,
1092,CDGM ZF2,,,,,,,,,,,,4.08,literature (manufacturer datasheet),,,,,,,specs,CDGM-optical,365.0,1014.0,ZF2,,1.6684407622135704,5.039746e-09,,,,,density 4.08 g/cm3 stated by the manufacturer's datasheet (ZF2); formula NULL: a catalog optical glass (composition proprietary); no x-ray / neutron SLD,,,,,,CDGM Zemax catalog 2022-06 (obtained from http://www.cdgmgd.com)See also CDGM optical glass data sheets,,,2022.0,optical glass,CDGM-optical/ZF2,1.672707,32.180986,673322,,-0.0014,8.5e-06,243 343,preferred,
1093,CDGM H-ZF2,,,,,,,,,,,,2.9,literature (manufacturer datasheet),,,,,,,specs,CDGM-optical,365.0,2325.0,H-ZF2,,1.6684461956248076,3.53847e-08,,,,,density 2.9 g/cm3 stated by the manufacturer's datasheet (H-ZF2); formula NULL: a catalog optical glass (composition proprietary); no x-ray / neutron SLD,,,,,,CDGM Zemax catalog 2022-06 (obtained from http://www.cdgmgd.com)See also CDGM optical glass data sheets,,,2022.0,optical glass,CDGM-optical/H-ZF2,1.6727,32.171186,673322,,0.0073,8.5e-06,243 343,standard,
1094,CDGM ZF3,,,,,,,,,,,,4.46,literature (manufacturer datasheet),,,,,,,specs,CDGM-optical,365.0,1014.0,ZF3,,1.7124338940200385,1.513436e-08,,,,,density 4.46 g/cm3 stated by the manufacturer's datasheet (ZF3); formula NULL: a catalog optical glass (composition proprietary); no x-ray / neutron SLD,,,,,,CDGM Zemax catalog 2022-06 (obtained from http://www.cdgmgd.com)See also CDGM optical glass data sheets,,,2022.0,optical glass,CDGM-optical/ZF3,1.717365,29.510385,717295,,0.0012,8.3e-06,243 343,preferred,
1095,CDGM H-ZF3,,,,,,,,,,,,3.06,literature (manufacturer datasheet),,,,,,,specs,CDGM-optical,365.0,2325.0,H-ZF3,,1.712435985743056,2.345268e-08,,,,,density 3.06 g/cm3 stated by the manufacturer's datasheet (H-ZF3); formula NULL: a catalog optical glass (composition proprietary); no x-ray / neutron SLD,,,,,,CDGM Zemax catalog 2022-06 (obtained from http://www.cdgmgd.com)See also CDGM optical glass data sheets,,,2022.0,optical glass,CDGM-optical/H-ZF3,1.71736,29.49911,717295,,0.0093,9e-06,243 343,standard,
1096,CDGM ZF4,,,,,,,,,,,,4.51,literature (manufacturer datasheet),,,,,,,specs,CDGM-optical,404.7,1014.0,ZF4,,1.7230485160548648,1.676364e-08,,,,,density 4.51 g/cm3 stated by the manufacturer's datasheet (ZF4); formula NULL: a catalog optical glass (composition proprietary); no x-ray / neutron SLD,,,,,,CDGM Zemax catalog 2022-06 (obtained from http://www.cdgmgd.com)See also CDGM optical glass data sheets,,,2022.0,optical glass,CDGM-optical/ZF4,1.728251,28.3239,728283,,0.0064,9.6e-06,243 343,preferred,
1097,CDGM H-ZF4A,,,,,,,,,,,,3.05,literature (manufacturer datasheet),,,,,,,specs,CDGM-optical,365.0,2325.0,H-ZF4A,,1.7230536774623442,2.851608e-08,,,,,density 3.05 g/cm3 stated by the manufacturer's datasheet (H-ZF4A); formula NULL: a catalog optical glass (composition proprietary); no x-ray / neutron SLD,,,,,,CDGM Zemax catalog 2022-06 (obtained from http://www.cdgmgd.com)See also CDGM optical glass data sheets,,,2022.0,optical glass,CDGM-optical/H-ZF4A,1.72825,28.318797,728283,,0.0107,9.3e-06,243 343,standard,
1098,CDGM H-ZF4AGT,,,,,,,,,,,,3.05,literature (manufacturer datasheet),,,,,,,specs,CDGM-optical,365.0,2325.0,H-ZF4AGT,,1.7230536774623442,2.5249699999999998e-08,,,,,density 3.05 g/cm3 stated by the manufacturer's datasheet (H-ZF4AGT); formula NULL: a catalog optical glass (composition proprietary); no x-ray / neutron SLD,,,,,,CDGM Zemax catalog 2022-06 (obtained from http://www.cdgmgd.com)See also CDGM optical glass data sheets,,,2022.0,optical glass,CDGM-optical/H-ZF4AGT,1.72825,28.318797,728283,,0.0107,9.3e-06,243 343,standard,
1099,CDGM ZF5,,,,,,,,,,,,4.65,literature (manufacturer datasheet),,,,,,,specs,CDGM-optical,365.0,706.5,ZF5,,1.7346974368134431,1.0084326e-08,,,,,density 4.65 g/cm3 stated by the manufacturer's datasheet (ZF5); formula NULL: a catalog optical glass (composition proprietary); no x-ray / neutron SLD,,,,,,CDGM Zemax catalog 2022-06 (obtained from http://www.cdgmgd.com)See also CDGM optical glass data sheets,,,2022.0,optical glass,CDGM-optical/ZF5,1.739999,28.245048,740282,,0.0039,8.6e-06,243 343,preferred,
1100,CDGM H-ZF5,,,,,,,,,,,,3.16,literature (manufacturer datasheet),,,,,,,specs,CDGM-optical,365.0,2325.0,H-ZF5,,1.7347152676010726,2.851608e-08,,,,,density 3.16 g/cm3 stated by the manufacturer's datasheet (H-ZF5); formula NULL: a catalog optical glass (composition proprietary); no x-ray / neutron SLD,,,,,,CDGM Zemax catalog 2022-06 (obtained from http://www.cdgmgd.com)See also CDGM optical glass data sheets,,,2022.0,optical glass,CDGM-optical/H-ZF5,1.74,28.295649,740283,,0.0104,8.9e-06,243 343,standard,
1101,CDGM ZF6,,,,,,,,,,,,4.78,literature (manufacturer datasheet),,,,,,,specs,CDGM-optical,365.0,1014.0,ZF6,,1.7496612089871273,1.0084326e-08,,,,,density 4.78 g/cm3 stated by the manufacturer's datasheet (ZF6); formula NULL: a catalog optical glass (composition proprietary); no x-ray / neutron SLD,,,,,,CDGM Zemax catalog 2022-06 (obtained from http://www.cdgmgd.com)See also CDGM optical glass data sheets,,,2022.0,optical glass,CDGM-optical/ZF6,1.755205,27.546239,755275,,0.002,8e-06,243 343,,
1102,CDGM H-ZF6,,,,,,,,,,,,3.24,literature (manufacturer datasheet),,,,,,,specs,CDGM-optical,404.7,2325.0,H-ZF6,,1.7496677883428837,2.851608e-08,,,,,density 3.24 g/cm3 stated by the manufacturer's datasheet (H-ZF6); formula NULL: a catalog optical glass (composition proprietary); no x-ray / neutron SLD,,,,,,CDGM Zemax catalog 2022-06 (obtained from http://www.cdgmgd.com)See also CDGM optical glass data sheets,,,2022.0,optical glass,CDGM-optical/H-ZF6,1.7552,27.530047,755275,,0.0111,8.7e-06,243 343,standard,
1103,CDGM ZF7,,,,,,,,,,,,5.19,literature (manufacturer datasheet),,,,,,,specs,CDGM-optical,365.0,1014.0,ZF7,,1.7998851678268593,2.52497e-08,,,,,density 5.19 g/cm3 stated by the manufacturer's datasheet (ZF7); formula NULL: a catalog optical glass (composition proprietary); no x-ray / neutron SLD,,,,,,CDGM Zemax catalog 2022-06 (obtained from http://www.cdgmgd.com)See also CDGM optical glass data sheets,,,2022.0,optical glass,CDGM-optical/ZF7,1.806277,25.380144,806254,,0.0073,7.9e-06,243 343,,
1104,CDGM ZF7L,,,,,,,,,,,,5.19,literature (manufacturer datasheet),,,,,,,specs,CDGM-optical,365.0,1014.0,ZF7L,,1.7988257474013631,2.52497e-08,,,,,density 5.19 g/cm3 stated by the manufacturer's datasheet (ZF7L); formula NULL: a catalog optical glass (composition proprietary); no x-ray / neutron SLD,,,,,,CDGM Zemax catalog 2022-06 (obtained from http://www.cdgmgd.com)See also CDGM optical glass data sheets,,,2022.0,optical glass,CDGM-optical/ZF7L,1.80519,25.471232,805255,,0.0074,7.9e-06,243 343,,
1105,CDGM H-ZF7LA,,,,,,,,,,,,3.35,literature (manufacturer datasheet),,,,,,,specs,CDGM-optical,365.0,2325.0,H-ZF7LA,,1.798822672609077,2.5249699999999998e-08,,,,,density 3.35 g/cm3 stated by the manufacturer's datasheet (H-ZF7LA); formula NULL: a catalog optical glass (composition proprietary); no x-ray / neutron SLD,,,,,,CDGM Zemax catalog 2022-06 (obtained from http://www.cdgmgd.com)See also CDGM optical glass data sheets,,,2022.0,optical glass,CDGM-optical/H-ZF7LA,1.80518,25.456256,805255,,0.0127,9e-06,243 343,standard,
1106,CDGM H-ZF7LAGT,,,,,,,,,,,,3.35,literature (manufacturer datasheet),,,,,,,specs,CDGM-optical,365.0,2325.0,H-ZF7LAGT,,1.798822672609077,2.01897e-08,,,,,density 3.35 g/cm3 stated by the manufacturer's datasheet (H-ZF7LAGT); formula NULL: a catalog optical glass (composition proprietary); no x-ray / neutron SLD,,,,,,CDGM Zemax catalog 2022-06 (obtained from http://www.cdgmgd.com)See also CDGM optical glass data sheets,,,2022.0,optical glass,CDGM-optical/H-ZF7LAGT,1.80518,25.456256,805255,,0.0127,9e-06,243 343,standard,
1107,CDGM ZF7LGT,,,,,,,,,,,,5.19,literature (manufacturer datasheet),,,,,,,specs,CDGM-optical,365.0,1014.0,ZF7LGT,,1.7988257474013631,2.52497e-08,,,,,density 5.19 g/cm3 stated by the manufacturer's datasheet (ZF7LGT); formula NULL: a catalog optical glass (composition proprietary); no x-ray / neutron SLD,,,,,,CDGM Zemax catalog 2022-06 (obtained from http://www.cdgmgd.com)See also CDGM optical glass data sheets,,,2022.0,optical glass,CDGM-optical/ZF7LGT,1.80519,25.471232,805255,,0.0074,7.9e-06,243 343,,
1108,CDGM ZF8,,,,,,,,,,,,3.91,literature (manufacturer datasheet),,,,,,,specs,CDGM-optical,365.0,706.5,ZF8,,1.6504853167135998,2.5249699999999998e-08,,,,,density 3.91 g/cm3 stated by the manufacturer's datasheet (ZF8); formula NULL: a catalog optical glass (composition proprietary); no x-ray / neutron SLD,,,,,,CDGM Zemax catalog 2022-06 (obtained from http://www.cdgmgd.com)See also CDGM optical glass data sheets,,,2022.0,optical glass,CDGM-optical/ZF8,1.65446,33.651201,654337,,-0.0001,7.6e-06,243 343,preferred,
1109,CDGM ZF10,,,,,,,,,,,,4.21,literature (manufacturer datasheet),,,,,,,specs,CDGM-optical,365.0,1014.0,ZF10,,1.6844351273207863,3.53847e-08,,,,,density 4.21 g/cm3 stated by the manufacturer's datasheet (ZF10); formula NULL: a catalog optical glass (composition proprietary); no x-ray / neutron SLD,,,,,,CDGM Zemax catalog 2022-06 (obtained from http://www.cdgmgd.com)See also CDGM optical glass data sheets,,,2022.0,optical glass,CDGM-optical/ZF10,1.688934,31.184753,689312,,-0.0002,7.6e-06,243 343,preferred,
1110,CDGM D-ZF10,,,,,,,,,,,,2.84,literature (manufacturer datasheet),,,,,,,specs,CDGM-optical,365.0,2325.0,D-ZF10,,1.6844261815750383,3.882462e-08,,,,,density 2.84 g/cm3 stated by the manufacturer's datasheet (D-ZF10); formula NULL: a catalog optical glass (composition proprietary); no x-ray / neutron SLD,,,,,,CDGM Zemax catalog 2022-06 (obtained from http://www.cdgmgd.com)See also CDGM optical glass data sheets,,,2022.0,optical glass,CDGM-optical/D-ZF10,1.68893,31.077677,689311,,0.007,1e-05,243 343,,anneal rate:4°C/h
1111,CDGM D-ZF10-25,,,,,,,,,,,,2.84,literature (manufacturer datasheet),,,,,,,specs,CDGM-optical,365.0,2325.0,D-ZF10-25,,1.6828308666441314,3.882462e-08,,,,,density 2.84 g/cm3 stated by the manufacturer's datasheet (D-ZF10-25); formula NULL: a catalog optical glass (composition proprietary); no x-ray / neutron SLD,,,,,,CDGM Zemax catalog 2022-06 (obtained from http://www.cdgmgd.com)See also CDGM optical glass data sheets,,,2022.0,optical glass,CDGM-optical/D-ZF10-25,1.68731,31.183804,687312,,0.0067,1e-05,243 343,,anneal rate:25°C/h
1112,CDGM H-ZF10,,,,,,,,,,,,2.92,literature (manufacturer datasheet),,,,,,,specs,CDGM-optical,365.0,2325.0,H-ZF10,,1.6844392166681743,4.226784e-08,,,,,density 2.92 g/cm3 stated by the manufacturer's datasheet (H-ZF10); formula NULL: a catalog optical glass (composition proprietary); no x-ray / neutron SLD,,,,,,CDGM Zemax catalog 2022-06 (obtained from http://www.cdgmgd.com)See also CDGM optical glass data sheets,,,2022.0,optical glass,CDGM-optical/H-ZF10,1.68893,31.16057,689312,,0.0074,9.1e-06,243 343,,
1113,CDGM ZF11,,,,,,,,,,,,4.059,literature (manufacturer datasheet),,,,,,,specs,CDGM-optical,365.0,706.5,ZF11,,1.6942323705289917,4.717982e-08,,,,,density 4.059 g/cm3 stated by the manufacturer's datasheet (ZF11); formula NULL: a catalog optical glass (composition proprietary); no x-ray / neutron SLD,,,,,,CDGM Zemax catalog 2022-06 (obtained from http://www.cdgmgd.com)See also CDGM optical glass data sheets,,,2022.0,optical glass,CDGM-optical/ZF11,1.698949,30.065686,699301,,0.0048,7.3e-06,243 343,preferred,
1114,CDGM H-ZF11,,,,,,,,,,,,2.95,literature (manufacturer datasheet),,,,,,,specs,CDGM-optical,365.0,2325.0,H-ZF11,,1.6942245872931163,2.01897e-08,,,,,density 2.95 g/cm3 stated by the manufacturer's datasheet (H-ZF11); formula NULL: a catalog optical glass (composition proprietary); no x-ray / neutron SLD,,,,,,CDGM Zemax catalog 2022-06 (obtained from http://www.cdgmgd.com)See also CDGM optical glass data sheets,,,2022.0,optical glass,CDGM-optical/H-ZF11,1.69894,30.05045,699301,,0.0084,9e-06,243 343,,
1115,CDGM H-ZF12,,,,,,,,,,,,3.17,literature (manufacturer datasheet),,,,,,,specs,CDGM-optical,404.7,2325.0,H-ZF12,,1.7560567248439107,3.53847e-08,,,,,density 3.17 g/cm3 stated by the manufacturer's datasheet (H-ZF12); formula NULL: a catalog optical glass (composition proprietary); no x-ray / neutron SLD,,,,,,CDGM Zemax catalog 2022-06 (obtained from http://www.cdgmgd.com)See also CDGM optical glass data sheets,,,2022.0,optical glass,CDGM-optical/H-ZF12,1.76182,26.607986,762266,,0.0128,8.4e-06,243 343,,
1116,CDGM ZF12,,,,,,,,,,,,4.64,literature (manufacturer datasheet),,,,,,,specs,CDGM-optical,404.7,1014.0,ZF12,,1.7560374002152719,2.01897e-08,,,,,density 4.64 g/cm3 stated by the manufacturer's datasheet (ZF12); formula NULL: a catalog optical glass (composition proprietary); no x-ray / neutron SLD,,,,,,CDGM Zemax catalog 2022-06 (obtained from http://www.cdgmgd.com)See also CDGM optical glass data sheets,,,2022.0,optical glass,CDGM-optical/ZF12,1.761822,26.555686,762266,,0.0066,7.5e-06,243 343,preferred,
1117,CDGM ZF13,,,,,,,,,,,,4.87,literature (manufacturer datasheet),,,,,,,specs,CDGM-optical,404.7,1014.0,ZF13,,1.7785913226492933,2.01897e-08,,,,,density 4.87 g/cm3 stated by the manufacturer's datasheet (ZF13); formula NULL: a catalog optical glass (composition proprietary); no x-ray / neutron SLD,,,,,,CDGM Zemax catalog 2022-06 (obtained from http://www.cdgmgd.com)See also CDGM optical glass data sheets,,,2022.0,optical glass,CDGM-optical/ZF13,1.784724,25.754051,785258,,0.008,7.8e-06,243 343,preferred,
1118,CDGM H-ZF13,,,,,,,,,,,,3.25,literature (manufacturer datasheet),,,,,,,specs,CDGM-optical,404.7,2325.0,H-ZF13,,1.7785886963914614,2.6882039999999998e-08,,,,,density 3.25 g/cm3 stated by the manufacturer's datasheet (H-ZF13); formula NULL: a catalog optical glass (composition proprietary); no x-ray / neutron SLD,,,,,,CDGM Zemax catalog 2022-06 (obtained from http://www.cdgmgd.com)See also CDGM optical glass data sheets,,,2022.0,optical glass,CDGM-optical/H-ZF13,1.78472,25.720045,785257,,0.0138,8.6e-06,243 343,standard,
1119,CDGM H-ZF13GT,,,,,,,,,,,,3.25,literature (manufacturer datasheet),,,,,,,specs,CDGM-optical,404.7,2325.0,H-ZF13GT,,1.7785886963914614,2.6882039999999998e-08,,,,,density 3.25 g/cm3 stated by the manufacturer's datasheet (H-ZF13GT); formula NULL: a catalog optical glass (composition proprietary); no x-ray / neutron SLD,,,,,,CDGM Zemax catalog 2022-06 (obtained from http://www.cdgmgd.com)See also CDGM optical glass data sheets,,,2022.0,optical glass,CDGM-optical/H-ZF13GT,1.78472,25.720045,785257,,0.0138,8.6e-06,243 343,standard,
1120,CDGM ZF50,,,,,,,,,,,,4.46,literature (manufacturer datasheet),,,,,,,specs,CDGM-optical,404.7,1014.0,ZF50,,1.7353756444640334,1.676364e-08,,,,,density 4.46 g/cm3 stated by the manufacturer's datasheet (ZF50); formula NULL: a catalog optical glass (composition proprietary); no x-ray / neutron SLD,,,,,,CDGM Zemax catalog 2022-06 (obtained from http://www.cdgmgd.com)See also CDGM optical glass data sheets,,,2022.0,optical glass,CDGM-optical/ZF50,1.74077,27.76788,741278,,0.005,7.1e-06,243 343,preferred,
1121,CDGM ZF51,,,,,,,,,,,,4.99,literature (manufacturer datasheet),,,,,,,specs,CDGM-optical,404.7,1014.0,ZF51,,1.7786342931923942,3.03147e-08,,,,,density 4.99 g/cm3 stated by the manufacturer's datasheet (ZF51); formula NULL: a catalog optical glass (composition proprietary); no x-ray / neutron SLD,,,,,,CDGM Zemax catalog 2022-06 (obtained from http://www.cdgmgd.com)See also CDGM optical glass data sheets,,,2022.0,optical glass,CDGM-optical/ZF51,1.784701,26.075871,785261,,0.0052,8.2e-06,243 343,preferred,
1122,CDGM ZF52,,,,,,,,,,,,5.49,literature (manufacturer datasheet),,,,,,,specs,CDGM-optical,365.0,1014.0,ZF52,,1.8395449187376993,1.513436e-08,,,,,density 5.49 g/cm3 stated by the manufacturer's datasheet (ZF52); formula NULL: a catalog optical glass (composition proprietary); no x-ray / neutron SLD,,,,,,CDGM Zemax catalog 2022-06 (obtained from http://www.cdgmgd.com)See also CDGM optical glass data sheets,,,2022.0,optical glass,CDGM-optical/ZF52,1.846669,23.827549,847238,,0.014,8.6e-06,243 343,preferred,
1123,CDGM D-ZF93,,,,,,,,,,,,6.11,literature (manufacturer datasheet),,,,,,,specs,CDGM-optical,435.8,2325.0,D-ZF93,,1.9921228123838068,6.410214e-08,,,,,density 6.11 g/cm3 stated by the manufacturer's datasheet (D-ZF93); formula NULL: a catalog optical glass (composition proprietary); no x-ray / neutron SLD,,,,,,CDGM Zemax catalog 2022-06 (obtained from http://www.cdgmgd.com)See also CDGM optical glass data sheets,,,2022.0,optical glass,CDGM-optical/D-ZF93,2.0017,20.700195,002207,,0.0285,7.8e-06,243 343,,anneal rate:4°C/h
1124,CDGM H-ZF39,,,,,,,,,,,,2.92,literature (manufacturer datasheet),,,,,,,specs,CDGM-optical,365.0,2325.0,H-ZF39,,1.6626892219707652,2.01897e-08,,,,,density 2.92 g/cm3 stated by the manufacturer's datasheet (H-ZF39); formula NULL: a catalog optical glass (composition proprietary); no x-ray / neutron SLD,,,,,,CDGM Zemax catalog 2022-06 (obtained from http://www.cdgmgd.com)See also CDGM optical glass data sheets,,,2022.0,optical glass,CDGM-optical/H-ZF39,1.6668,33.053728,667331,,0.0061,9e-06,243 343,,
1125,CDGM H-ZF50,,,,,,,,,,,,3.1,literature (manufacturer datasheet),,,,,,,specs,CDGM-optical,365.0,2325.0,H-ZF50,,1.7353821815727872,3.375066e-08,,,,,density 3.1 g/cm3 stated by the manufacturer's datasheet (H-ZF50); formula NULL: a catalog optical glass (composition proprietary); no x-ray / neutron SLD,,,,,,CDGM Zemax catalog 2022-06 (obtained from http://www.cdgmgd.com)See also CDGM optical glass data sheets,,,2022.0,optical glass,CDGM-optical/H-ZF50,1.74077,27.760063,741278,,0.0109,9.5e-06,243 343,,
1126,CDGM H-ZF52,,,,,,,,,,,,3.51,literature (manufacturer datasheet),,,,,,,specs,CDGM-optical,404.7,2325.0,H-ZF52,,1.8395328830669078,4.89872e-08,,,,,density 3.51 g/cm3 stated by the manufacturer's datasheet (H-ZF52); formula NULL: a catalog optical glass (composition proprietary); no x-ray / neutron SLD,,,,,,CDGM Zemax catalog 2022-06 (obtained from http://www.cdgmgd.com)See also CDGM optical glass data sheets,,,2022.0,optical glass,CDGM-optical/H-ZF52,1.84666,23.784497,847238,,0.0155,8.8e-06,243 343,standard,
1127,CDGM H-ZF52A,,,,,,,,,,,,3.52,literature (manufacturer datasheet),,,,,,,specs,CDGM-optical,404.7,1014.0,H-ZF52A,,1.8395347935113078,3.194874e-08,,,,,density 3.52 g/cm3 stated by the manufacturer's datasheet (H-ZF52A); formula NULL: a catalog optical glass (composition proprietary); no x-ray / neutron SLD,,,,,,CDGM Zemax catalog 2022-06 (obtained from http://www.cdgmgd.com)See also CDGM optical glass data sheets,,,2022.0,optical glass,CDGM-optical/H-ZF52A,1.84667,23.791236,847238,,0.0151,8.4e-06,243 343,preferred,
1128,CDGM H-ZF52GT,,,,,,,,,,,,3.51,literature (manufacturer datasheet),,,,,,,specs,CDGM-optical,404.7,2325.0,H-ZF52GT,,1.8395328830669078,4.209746e-08,,,,,density 3.51 g/cm3 stated by the manufacturer's datasheet (H-ZF52GT); formula NULL: a catalog optical glass (composition proprietary); no x-ray / neutron SLD,,,,,,CDGM Zemax catalog 2022-06 (obtained from http://www.cdgmgd.com)See also CDGM optical glass data sheets,,,2022.0,optical glass,CDGM-optical/H-ZF52GT,1.84666,23.784497,847238,,0.0155,8.8e-06,243 343,standard,
1129,CDGM H-ZF52TT,,,,,,,,,,,,3.51,literature (manufacturer datasheet),,,,,,,specs,CDGM-optical,404.7,2325.0,H-ZF52TT,,1.8395328830669078,5.0626339999999995e-08,,,,,density 3.51 g/cm3 stated by the manufacturer's datasheet (H-ZF52TT); formula NULL: a catalog optical glass (composition proprietary); no x-ray / neutron SLD,,,,,,CDGM Zemax catalog 2022-06 (obtained from http://www.cdgmgd.com)See also CDGM optical glass data sheets,,,2022.0,optical glass,CDGM-optical/H-ZF52TT,1.84666,23.784497,847238,,0.0155,8.8e-06,243 343,,
1130,CDGM H-ZF62,,,,,,,,,,,,4.01,literature (manufacturer datasheet),,,,,,,specs,CDGM-optical,404.7,2325.0,H-ZF62,,1.9141058579280446,7.43159e-08,,,,,density 4.01 g/cm3 stated by the manufacturer's datasheet (H-ZF62); formula NULL: a catalog optical glass (composition proprietary); no x-ray / neutron SLD,,,,,,CDGM Zemax catalog 2022-06 (obtained from http://www.cdgmgd.com)See also CDGM optical glass data sheets,,,2022.0,optical glass,CDGM-optical/H-ZF62,1.92286,20.879915,923209,,0.0298,6.4e-06,243 343,standard,
1131,CDGM H-ZF62GT,,,,,,,,,,,,4.01,literature (manufacturer datasheet),,,,,,,specs,CDGM-optical,404.7,2325.0,H-ZF62GT,,1.9141058579280446,1.3340880000000002e-08,,,,,density 4.01 g/cm3 stated by the manufacturer's datasheet (H-ZF62GT); formula NULL: a catalog optical glass (composition proprietary); no x-ray / neutron SLD,,,,,,CDGM Zemax catalog 2022-06 (obtained from http://www.cdgmgd.com)See also CDGM optical glass data sheets,,,2022.0,optical glass,CDGM-optical/H-ZF62GT,1.92286,20.879915,923209,,0.0298,6.4e-06,243 343,,
1132,CDGM H-ZF71,,,,,,,,,,,,3.3,literature (manufacturer datasheet),,,,,,,specs,CDGM-optical,404.7,2325.0,H-ZF71,,1.801003731159121,3.194874e-08,,,,,density 3.3 g/cm3 stated by the manufacturer's datasheet (H-ZF71); formula NULL: a catalog optical glass (composition proprietary); no x-ray / neutron SLD,,,,,,CDGM Zemax catalog 2022-06 (obtained from http://www.cdgmgd.com)See also CDGM optical glass data sheets,,,2022.0,optical glass,CDGM-optical/H-ZF71,1.8081,22.698087,808227,,0.0224,9.3e-06,243 343,,
1133,CDGM H-ZF71GT,,,,,,,,,,,,3.3,literature (manufacturer datasheet),,,,,,,specs,CDGM-optical,404.7,2325.0,H-ZF71GT,,1.801003731159121,3.194874e-08,,,,,density 3.3 g/cm3 stated by the manufacturer's datasheet (H-ZF71GT); formula NULL: a catalog optical glass (composition proprietary); no x-ray / neutron SLD,,,,,,CDGM Zemax catalog 2022-06 (obtained from http://www.cdgmgd.com)See also CDGM optical glass data sheets,,,2022.0,optical glass,CDGM-optical/H-ZF71GT,1.8081,22.698087,808227,,0.0224,9.3e-06,243 343,,
1134,CDGM H-ZF72A,,,,,,,,,,,,3.57,literature (manufacturer datasheet),,,,,,,specs,CDGM-optical,404.7,2325.0,H-ZF72A,,1.913238233240222,3.358448e-08,,,,,density 3.57 g/cm3 stated by the manufacturer's datasheet (H-ZF72A); formula NULL: a catalog optical glass (composition proprietary); no x-ray / neutron SLD,,,,,,CDGM Zemax catalog 2022-06 (obtained from http://www.cdgmgd.com)See also CDGM optical glass data sheets,,,2022.0,optical glass,CDGM-optical/H-ZF72A,1.92286,18.895887,923189,,0.0363,6.7e-06,243 343,standard,
1135,CDGM H-ZF72AGT,,,,,,,,,,,,3.57,literature (manufacturer datasheet),,,,,,,specs,CDGM-optical,404.7,2325.0,H-ZF72AGT,,1.913238233240222,4.717982e-08,,,,,density 3.57 g/cm3 stated by the manufacturer's datasheet (H-ZF72AGT); formula NULL: a catalog optical glass (composition proprietary); no x-ray / neutron SLD,,,,,,CDGM Zemax catalog 2022-06 (obtained from http://www.cdgmgd.com)See also CDGM optical glass data sheets,,,2022.0,optical glass,CDGM-optical/H-ZF72AGT,1.92286,18.895887,923189,,0.0363,6.7e-06,243 343,,
1136,CDGM H-ZF73,,,,,,,,,,,,3.49,literature (manufacturer datasheet),,,,,,,specs,CDGM-optical,404.7,2325.0,H-ZF73,,1.9482991165333792,9.315058e-08,,,,,density 3.49 g/cm3 stated by the manufacturer's datasheet (H-ZF73); formula NULL: a catalog optical glass (composition proprietary); no x-ray / neutron SLD,,,,,,CDGM Zemax catalog 2022-06 (obtained from http://www.cdgmgd.com)See also CDGM optical glass data sheets,,,2022.0,optical glass,CDGM-optical/H-ZF73,1.95906,17.472434,959175,,0.0426,5.8e-06,243 343,,
1137,CDGM H-ZF73GT,,,,,,,,,,,,3.49,literature (manufacturer datasheet),,,,,,,specs,CDGM-optical,404.7,2325.0,H-ZF73GT,,1.9482991165333792,3.865754e-08,,,,,density 3.49 g/cm3 stated by the manufacturer's datasheet (H-ZF73GT); formula NULL: a catalog optical glass (composition proprietary); no x-ray / neutron SLD,,,,,,CDGM Zemax catalog 2022-06 (obtained from http://www.cdgmgd.com)See also CDGM optical glass data sheets,,,2022.0,optical glass,CDGM-optical/H-ZF73GT,1.95906,17.472434,959175,,0.0426,5.8e-06,243 343,,
1138,CDGM H-ZF88,,,,,,,,,,,,3.52,literature (manufacturer datasheet),,,,,,,specs,CDGM-optical,404.7,2325.0,H-ZF88,,1.9355940833486038,4.882032e-08,,,,,density 3.52 g/cm3 stated by the manufacturer's datasheet (H-ZF88); formula NULL: a catalog optical glass (composition proprietary); no x-ray / neutron SLD,,,,,,CDGM Zemax catalog 2022-06 (obtained from http://www.cdgmgd.com)See also CDGM optical glass data sheets,,,2022.0,optical glass,CDGM-optical/H-ZF88,1.94595,17.941964,946179,,0.0401,6e-06,243 343,standard,
1139,CDGM H-ZF88GT,,,,,,,,,,,,3.52,literature (manufacturer datasheet),,,,,,,specs,CDGM-optical,404.7,2325.0,H-ZF88GT,,1.9355940833486038,2.1820340000000002e-08,,,,,density 3.52 g/cm3 stated by the manufacturer's datasheet (H-ZF88GT); formula NULL: a catalog optical glass (composition proprietary); no x-ray / neutron SLD,,,,,,CDGM Zemax catalog 2022-06 (obtained from http://www.cdgmgd.com)See also CDGM optical glass data sheets,,,2022.0,optical glass,CDGM-optical/H-ZF88GT,1.94595,17.941964,946179,,0.0401,6e-06,243 343,,
1140,CDGM D-ZF93-25,,,,,,,,,,,,6.11,literature (manufacturer datasheet),,,,,,,specs,CDGM-optical,435.8,2325.0,D-ZF93-25,,1.9902349982871093,6.410214e-08,,,,,density 6.11 g/cm3 stated by the manufacturer's datasheet (D-ZF93-25); formula NULL: a catalog optical glass (composition proprietary); no x-ray / neutron SLD,,,,,,CDGM Zemax catalog 2022-06 (obtained from http://www.cdgmgd.com)See also CDGM optical glass data sheets,,,2022.0,optical glass,CDGM-optical/D-ZF93-25,1.9998,20.686444,000207,,0.0283,7.8e-06,243 343,,anneal rate:25°C/h
1141,CDGM TF3,,,,,,,,,,,,3.25,literature (manufacturer datasheet),,,,,,,specs,CDGM-optical,365.0,1014.0,TF3,,1.6095211330912687,1.513436e-08,,,,,density 3.25 g/cm3 stated by the manufacturer's datasheet (TF3); formula NULL: a catalog optical glass (composition proprietary); no x-ray / neutron SLD,,,,,,CDGM Zemax catalog 2022-06 (obtained from http://www.cdgmgd.com)See also CDGM optical glass data sheets,,,2022.0,optical glass,CDGM-optical/TF3,1.612423,44.093486,612441,,-0.0073,5.5e-06,243 343,preferred,
1142,CDGM H-TF3L,,,,,,,,,,,,2.8,literature (manufacturer datasheet),,,,,,,specs,CDGM-optical,365.0,2325.0,H-TF3L,,1.6105041704472238,4.046036e-08,,,,,density 2.8 g/cm3 stated by the manufacturer's datasheet (H-TF3L); formula NULL: a catalog optical glass (composition proprietary); no x-ray / neutron SLD,,,,,,CDGM Zemax catalog 2022-06 (obtained from http://www.cdgmgd.com)See also CDGM optical glass data sheets,,,2022.0,optical glass,CDGM-optical/H-TF3L,1.6134,44.107022,613441,,-0.005,6.3e-06,243 343,standard,
1143,CDGM H-TF5,,,,,,,,,,,,3.01,literature (manufacturer datasheet),,,,,,,specs,CDGM-optical,313.0,2325.0,H-TF5,,1.6506719265665937,2.182034e-08,,,,,density 3.01 g/cm3 stated by the manufacturer's datasheet (H-TF5); formula NULL: a catalog optical glass (composition proprietary); no x-ray / neutron SLD,,,,,,CDGM Zemax catalog 2022-06 (obtained from http://www.cdgmgd.com)See also CDGM optical glass data sheets,,,2022.0,optical glass,CDGM-optical/H-TF5,1.6541,39.539424,654395,,-0.0059,6.5e-06,243 343,,
1144,CDGM H-TF8,,,,,,,,,,,,3.51,literature (manufacturer datasheet),,,,,,,specs,CDGM-optical,365.0,2325.0,H-TF8,,1.7162092766405723,2.01897e-08,,,,,density 3.51 g/cm3 stated by the manufacturer's datasheet (H-TF8); formula NULL: a catalog optical glass (composition proprietary); no x-ray / neutron SLD,,,,,,CDGM Zemax catalog 2022-06 (obtained from http://www.cdgmgd.com)See also CDGM optical glass data sheets,,,2022.0,optical glass,CDGM-optical/H-TF8,1.72046,34.757746,720348,,-0.0014,7.1e-06,243 343,preferred,
1145,CDGM BAF2,,,,,,,,,,,,3.14,literature (manufacturer datasheet),,,,,,,specs,CDGM-optical,365.0,1014.0,BAF2,,1.5672988883605785,1.513436e-08,,,,,density 3.14 g/cm3 stated by the manufacturer's datasheet (BAF2); formula NULL: a catalog optical glass (composition proprietary); no x-ray / neutron SLD,,,,,,CDGM Zemax catalog 2022-06 (obtained from http://www.cdgmgd.com)See also CDGM optical glass data sheets,,,2022.0,optical glass,CDGM-optical/BAF2,1.569703,49.435926,570495,570494,-0.0007,8e-06,243 343,preferred,
1146,CDGM H-BAF2,,,,,,,,,,,,2.82,literature (manufacturer datasheet),,,,,,,specs,CDGM-optical,365.0,2325.0,H-BAF2,,1.5672964194656638,2.01897e-08,,,,,density 2.82 g/cm3 stated by the manufacturer's datasheet (H-BAF2); formula NULL: a catalog optical glass (composition proprietary); no x-ray / neutron SLD,,,,,,CDGM Zemax catalog 2022-06 (obtained from http://www.cdgmgd.com)See also CDGM optical glass data sheets,,,2022.0,optical glass,CDGM-optical/H-BAF2,1.5697,49.452646,570495,,0.0002,8.2e-06,243 343,,
1147,CDGM H-BAF3,,,,,,,,,,,,3.14,literature (manufacturer datasheet),,,,,,,specs,CDGM-optical,365.0,2325.0,H-BAF3,,1.5773064828390306,1.0084326000000001e-08,,,,,density 3.14 g/cm3 stated by the manufacturer's datasheet (H-BAF3); formula NULL: a catalog optical glass (composition proprietary); no x-ray / neutron SLD,,,,,,CDGM Zemax catalog 2022-06 (obtained from http://www.cdgmgd.com)See also CDGM optical glass data sheets,,,2022.0,optical glass,CDGM-optical/H-BAF3,1.57957,53.711637,580537,,-0.001,6.7e-06,243 343,,
1148,CDGM BAF4,,,,,,,,,,,,3.28,literature (manufacturer datasheet),,,,,,,specs,CDGM-optical,365.0,706.5,BAF4,,1.5801088083938148,1.513436e-08,,,,,density 3.28 g/cm3 stated by the manufacturer's datasheet (BAF4); formula NULL: a catalog optical glass (composition proprietary); no x-ray / neutron SLD,,,,,,CDGM Zemax catalog 2022-06 (obtained from http://www.cdgmgd.com)See also CDGM optical glass data sheets,,,2022.0,optical glass,CDGM-optical/BAF4,1.582712,46.505886,583465,,0.0007,7.8e-06,243 343,preferred,
1149,CDGM H-BAF4,,,,,,,,,,,,2.91,literature (manufacturer datasheet),,,,,,,specs,CDGM-optical,365.0,2325.0,H-BAF4,,1.5800719327006072,2.182034e-08,,,,,density 2.91 g/cm3 stated by the manufacturer's datasheet (H-BAF4); formula NULL: a catalog optical glass (composition proprietary); no x-ray / neutron SLD,,,,,,CDGM Zemax catalog 2022-06 (obtained from http://www.cdgmgd.com)See also CDGM optical glass data sheets,,,2022.0,optical glass,CDGM-optical/H-BAF4,1.58267,46.597786,583466,,0.0005,8.2e-06,243 343,,
1150,CDGM BAF5,,,,,,,,,,,,3.5,literature (manufacturer datasheet),,,,,,,specs,CDGM-optical,365.0,1014.0,BAF5,,1.6027678822632232,3.375066e-08,,,,,density 3.5 g/cm3 stated by the manufacturer's datasheet (BAF5); formula NULL: a catalog optical glass (composition proprietary); no x-ray / neutron SLD,,,,,,CDGM Zemax catalog 2022-06 (obtained from http://www.cdgmgd.com)See also CDGM optical glass data sheets,,,2022.0,optical glass,CDGM-optical/BAF5,1.605623,43.890292,606439,,-0.0008,8.1e-06,243 343,preferred,
1151,CDGM H-BAF5,,,,,,,,,,,,2.97,literature (manufacturer datasheet),,,,,,,specs,CDGM-optical,365.0,2325.0,H-BAF5,,1.6027609554605988,2.182034e-08,,,,,density 2.97 g/cm3 stated by the manufacturer's datasheet (H-BAF5); formula NULL: a catalog optical glass (composition proprietary); no x-ray / neutron SLD,,,,,,CDGM Zemax catalog 2022-06 (obtained from http://www.cdgmgd.com)See also CDGM optical glass data sheets,,,2022.0,optical glass,CDGM-optical/H-BAF5,1.60562,43.875621,606439,,0.0013,8.2e-06,243 343,,
1152,CDGM H-BAF6,,,,,,,,,,,,3.11,literature (manufacturer datasheet),,,,,,,specs,CDGM-optical,365.0,2325.0,H-BAF6,,1.6052778304207675,3.882462e-08,,,,,density 3.11 g/cm3 stated by the manufacturer's datasheet (H-BAF6); formula NULL: a catalog optical glass (composition proprietary); no x-ray / neutron SLD,,,,,,CDGM Zemax catalog 2022-06 (obtained from http://www.cdgmgd.com)See also CDGM optical glass data sheets,,,2022.0,optical glass,CDGM-optical/H-BAF6,1.60801,46.202418,608462,,0.001,8.2e-06,243 343,,
1153,CDGM BAF7,,,,,,,,,,,,3.56,literature (manufacturer datasheet),,,,,,,specs,CDGM-optical,365.0,706.5,BAF7,,1.610969580021169,3.53847e-08,,,,,density 3.56 g/cm3 stated by the manufacturer's datasheet (BAF7); formula NULL: a catalog optical glass (composition proprietary); no x-ray / neutron SLD,,,,,,CDGM Zemax catalog 2022-06 (obtained from http://www.cdgmgd.com)See also CDGM optical glass data sheets,,,2022.0,optical glass,CDGM-optical/BAF7,1.614131,40.025731,614400,,0.0001,8.3e-06,243 343,preferred,
1154,CDGM H-BAF7,,,,,,,,,,,,2.88,literature (manufacturer datasheet),,,,,,,specs,CDGM-optical,365.0,2325.0,H-BAF7,,1.6109655788960422,2.182034e-08,,,,,density 2.88 g/cm3 stated by the manufacturer's datasheet (H-BAF7); formula NULL: a catalog optical glass (composition proprietary); no x-ray / neutron SLD,,,,,,CDGM Zemax catalog 2022-06 (obtained from http://www.cdgmgd.com)See also CDGM optical glass data sheets,,,2022.0,optical glass,CDGM-optical/H-BAF7,1.61413,39.985319,614400,,0.0015,8.3e-06,243 343,,
1155,CDGM H-BAF8,,,,,,,,,,,,2.96,literature (manufacturer datasheet),,,,,,,specs,CDGM-optical,365.0,2325.0,H-BAF8,,1.6227440317516604,4.046036e-08,,,,,density 2.96 g/cm3 stated by the manufacturer's datasheet (H-BAF8); formula NULL: a catalog optical glass (composition proprietary); no x-ray / neutron SLD,,,,,,CDGM Zemax catalog 2022-06 (obtained from http://www.cdgmgd.com)See also CDGM optical glass data sheets,,,2022.0,optical glass,CDGM-optical/H-BAF8,1.62604,39.071631,626391,,0.0019,8.6e-06,243 343,,
1156,CDGM H-ZBAF1,,,,,,,,,,,,3.57,literature (manufacturer datasheet),,,,,,,specs,CDGM-optical,365.0,2325.0,H-ZBAF1,,1.6198469450193125,2.6882039999999998e-08,,,,,density 3.57 g/cm3 stated by the manufacturer's datasheet (H-ZBAF1); formula NULL: a catalog optical glass (composition proprietary); no x-ray / neutron SLD,,,,,,CDGM Zemax catalog 2022-06 (obtained from http://www.cdgmgd.com)See also CDGM optical glass data sheets,,,2022.0,optical glass,CDGM-optical/H-ZBAF1,1.6223,53.170869,622532,,-0.0009,6e-06,243 343,,
1157,CDGM ZBAF2,,,,,,,,,,,,3.83,literature (manufacturer datasheet),,,,,,,specs,CDGM-optical,365.0,706.5,ZBAF2,,1.6368508109399724,4.5540679999999995e-08,,,,,density 3.83 g/cm3 stated by the manufacturer's datasheet (ZBAF2); formula NULL: a catalog optical glass (composition proprietary); no x-ray / neutron SLD,,,,,,CDGM Zemax catalog 2022-06 (obtained from http://www.cdgmgd.com)See also CDGM optical glass data sheets,,,2022.0,optical glass,CDGM-optical/ZBAF2,1.639616,48.230454,640483,640482,-0.002,6.1e-06,243 343,preferred,
1158,CDGM H-ZBAF3,,,,,,,,,,,,3.77,literature (manufacturer datasheet),,,,,,,specs,CDGM-optical,365.0,2325.0,H-ZBAF3,,1.6542245990589786,4.554068e-08,,,,,density 3.77 g/cm3 stated by the manufacturer's datasheet (H-ZBAF3); formula NULL: a catalog optical glass (composition proprietary); no x-ray / neutron SLD,,,,,,CDGM Zemax catalog 2022-06 (obtained from http://www.cdgmgd.com)See also CDGM optical glass data sheets,,,2022.0,optical glass,CDGM-optical/H-ZBAF3,1.65691,51.12138,657511,,-0.0006,7.5e-06,243 343,,
1159,CDGM H-ZBAF4,,,,,,,,,,,,3.11,literature (manufacturer datasheet),,,,,,,specs,CDGM-optical,365.0,2325.0,H-ZBAF4,,1.6604307540112337,2.361906e-08,,,,,density 3.11 g/cm3 stated by the manufacturer's datasheet (H-ZBAF4); formula NULL: a catalog optical glass (composition proprietary); no x-ray / neutron SLD,,,,,,CDGM Zemax catalog 2022-06 (obtained from http://www.cdgmgd.com)See also CDGM optical glass data sheets,,,2022.0,optical glass,CDGM-optical/H-ZBAF4,1.66426,35.484251,664355,,0.0042,7.9e-06,243 343,,
1160,CDGM H-ZBAF5,,,,,,,,,,,,3.58,literature (manufacturer datasheet),,,,,,,specs,CDGM-optical,365.0,2325.0,H-ZBAF5,,1.6680776754818047,5.2266839999999996e-08,,,,,density 3.58 g/cm3 stated by the manufacturer's datasheet (H-ZBAF5); formula NULL: a catalog optical glass (composition proprietary); no x-ray / neutron SLD,,,,,,CDGM Zemax catalog 2022-06 (obtained from http://www.cdgmgd.com)See also CDGM optical glass data sheets,,,2022.0,optical glass,CDGM-optical/H-ZBAF5,1.67103,47.288963,671473,,-0.002,6.8e-06,243 343,,
1161,CDGM H-ZBAF16,,,,,,,,,,,,3.59,literature (manufacturer datasheet),,,,,,,specs,CDGM-optical,365.0,2325.0,H-ZBAF16,,1.6638502799276822,2.5249699999999998e-08,,,,,density 3.59 g/cm3 stated by the manufacturer's datasheet (H-ZBAF16); formula NULL: a catalog optical glass (composition proprietary); no x-ray / neutron SLD,,,,,,CDGM Zemax catalog 2022-06 (obtained from http://www.cdgmgd.com)See also CDGM optical glass data sheets,,,2022.0,optical glass,CDGM-optical/H-ZBAF16,1.66672,48.421731,667484,,-0.0026,7.1e-06,243 343,,
1162,CDGM ZBAF17,,,,,,,,,,,,3.8,literature (manufacturer datasheet),,,,,,,specs,CDGM-optical,365.0,1014.0,ZBAF17,,1.664266279143468,5.062634e-08,,,,,density 3.8 g/cm3 stated by the manufacturer's datasheet (ZBAF17); formula NULL: a catalog optical glass (composition proprietary); no x-ray / neutron SLD,,,,,,CDGM Zemax catalog 2022-06 (obtained from http://www.cdgmgd.com)See also CDGM optical glass data sheets,,,2022.0,optical glass,CDGM-optical/ZBAF17,1.667554,41.957211,668419,668420,-0.0014,7.8e-06,243 343,preferred,
1163,CDGM H-ZBAF20,,,,,,,,,,,,3.64,literature (manufacturer datasheet),,,,,,,specs,CDGM-optical,365.0,2325.0,H-ZBAF20,,1.6980224050776924,1.3507085999999999e-08,,,,,density 3.64 g/cm3 stated by the manufacturer's datasheet (H-ZBAF20); formula NULL: a catalog optical glass (composition proprietary); no x-ray / neutron SLD,,,,,,CDGM Zemax catalog 2022-06 (obtained from http://www.cdgmgd.com)See also CDGM optical glass data sheets,,,2022.0,optical glass,CDGM-optical/H-ZBAF20,1.70154,41.148468,702412,702411,0.0004,6.9e-06,243 343,,
1164,CDGM H-ZBAF21,,,,,,,,,,,,3.62,literature (manufacturer datasheet),,,,,,,specs,CDGM-optical,365.0,2325.0,H-ZBAF21,,1.7195009681802247,3.03147e-08,,,,,density 3.62 g/cm3 stated by the manufacturer's datasheet (H-ZBAF21); formula NULL: a catalog optical glass (composition proprietary); no x-ray / neutron SLD,,,,,,CDGM Zemax catalog 2022-06 (obtained from http://www.cdgmgd.com)See also CDGM optical glass data sheets,,,2022.0,optical glass,CDGM-optical/H-ZBAF21,1.72341,37.991564,723380,,0.0028,7.6e-06,243 343,,
1165,CDGM H-ZBAF50,,,,,,,,,,,,3.77,literature (manufacturer datasheet),,,,,,,specs,CDGM-optical,313.0,2325.0,H-ZBAF50,,1.6557328624395564,4.554068e-08,,,,,density 3.77 g/cm3 stated by the manufacturer's datasheet (H-ZBAF50); formula NULL: a catalog optical glass (composition proprietary); no x-ray / neutron SLD,,,,,,CDGM Zemax catalog 2022-06 (obtained from http://www.cdgmgd.com)See also CDGM optical glass data sheets,,,2022.0,optical glass,CDGM-optical/H-ZBAF50,1.65844,50.852265,658509,,-0.0013,7.5e-06,243 343,,
1166,CDGM ZBAF51,,,,,,,,,,,,4.14,literature (manufacturer datasheet),,,,,,,specs,CDGM-optical,365.0,1014.0,ZBAF51,,1.679546108906387,2.52497e-08,,,,,density 4.14 g/cm3 stated by the manufacturer's datasheet (ZBAF51); formula NULL: a catalog optical glass (composition proprietary); no x-ray / neutron SLD,,,,,,CDGM Zemax catalog 2022-06 (obtained from http://www.cdgmgd.com)See also CDGM optical glass data sheets,,,2022.0,optical glass,CDGM-optical/ZBAF51,1.682726,44.528543,683445,,0.0004,7.8e-06,243 343,preferred,
1167,CDGM H-ZBAF52,,,,,,,,,,,,3.57,literature (manufacturer datasheet),,,,,,,specs,CDGM-optical,365.0,2325.0,H-ZBAF52,,1.667076158654848,5.2266839999999996e-08,,,,,density 3.57 g/cm3 stated by the manufacturer's datasheet (H-ZBAF52); formula NULL: a catalog optical glass (composition proprietary); no x-ray / neutron SLD,,,,,,CDGM Zemax catalog 2022-06 (obtained from http://www.cdgmgd.com)See also CDGM optical glass data sheets,,,2022.0,optical glass,CDGM-optical/H-ZBAF52,1.67003,47.19506,670472,,-0.002,7e-06,243 343,,
1168,CDGM D-LAF050,,,,,,,,,,,,4.51,literature (manufacturer datasheet),,,,,,,specs,CDGM-optical,302.0,2325.0,D-LAF050,,1.7651476429209425,2.01897e-08,,,,,density 4.51 g/cm3 stated by the manufacturer's datasheet (D-LAF050); formula NULL: a catalog optical glass (composition proprietary); no x-ray / neutron SLD,,,,,,CDGM Zemax catalog 2022-06 (obtained from http://www.cdgmgd.com)See also CDGM optical glass data sheets,,,2022.0,optical glass,CDGM-optical/D-LAF050,1.76842,49.28216,768493,,-0.0094,5.7e-06,243 343,,anneal rate:4°C/h
1169,CDGM D-LAF050-25,,,,,,,,,,,,4.51,literature (manufacturer datasheet),,,,,,,specs,CDGM-optical,302.0,2325.0,D-LAF050-25,,1.7638173116146652,2.01897e-08,,,,,density 4.51 g/cm3 stated by the manufacturer's datasheet (D-LAF050-25); formula NULL: a catalog optical glass (composition proprietary); no x-ray / neutron SLD,,,,,,CDGM Zemax catalog 2022-06 (obtained from http://www.cdgmgd.com)See also CDGM optical glass data sheets,,,2022.0,optical glass,CDGM-optical/D-LAF050-25,1.76709,49.197491,767492,,-0.0095,5.7e-06,243 343,,anneal rate:25°C/h
1170,CDGM H-LAF1,,,,,,,,,,,,3.85,literature (manufacturer datasheet),,,,,,,specs,CDGM-optical,365.0,2325.0,H-LAF1,,1.690676165968082,2.198978e-08,,,,,density 3.85 g/cm3 stated by the manufacturer's datasheet (H-LAF1); formula NULL: a catalog optical glass (composition proprietary); no x-ray / neutron SLD,,,,,,CDGM Zemax catalog 2022-06 (obtained from http://www.cdgmgd.com)See also CDGM optical glass data sheets,,,2022.0,optical glass,CDGM-optical/H-LAF1,1.69362,49.193837,694492,,-0.0028,7.1e-06,243 343,,
1171,CDGM H-LAF2,,,,,,,,,,,,4.25,literature (manufacturer datasheet),,,,,,,specs,CDGM-optical,365.0,2325.0,H-LAF2,,1.7138797259027396,1.0084326000000001e-08,,,,,density 4.25 g/cm3 stated by the manufacturer's datasheet (H-LAF2); formula NULL: a catalog optical glass (composition proprietary); no x-ray / neutron SLD,,,,,,CDGM Zemax catalog 2022-06 (obtained from http://www.cdgmgd.com)See also CDGM optical glass data sheets,,,2022.0,optical glass,CDGM-optical/H-LAF2,1.717,47.888609,717479,,-0.0035,7.4e-06,243 343,,
1172,CDGM H-LAF3B,,,,,,,,,,,,4.39,literature (manufacturer datasheet),,,,,,,specs,CDGM-optical,365.0,2325.0,H-LAF3B,,1.740560209347733,1.3507085999999999e-08,,,,,density 4.39 g/cm3 stated by the manufacturer's datasheet (H-LAF3B); formula NULL: a catalog optical glass (composition proprietary); no x-ray / neutron SLD,,,,,,CDGM Zemax catalog 2022-06 (obtained from http://www.cdgmgd.com)See also CDGM optical glass data sheets,,,2022.0,optical glass,CDGM-optical/H-LAF3B,1.744,44.900027,744449,,-0.0041,8e-06,243 343,standard,
1173,CDGM H-LAF4,,,,,,,,,,,,3.92,literature (manufacturer datasheet),,,,,,,specs,CDGM-optical,365.0,2325.0,H-LAF4,,1.7451211669875728,2.01897e-08,,,,,density 3.92 g/cm3 stated by the manufacturer's datasheet (H-LAF4); formula NULL: a catalog optical glass (composition proprietary); no x-ray / neutron SLD,,,,,,CDGM Zemax catalog 2022-06 (obtained from http://www.cdgmgd.com)See also CDGM optical glass data sheets,,,2022.0,optical glass,CDGM-optical/H-LAF4,1.7495,34.989266,750350,,0.0031,8e-06,243 343,,
1174,CDGM H-LAF4GT,,,,,,,,,,,,3.92,literature (manufacturer datasheet),,,,,,,specs,CDGM-optical,365.0,2325.0,H-LAF4GT,,1.7451211669875728,1.513436e-08,,,,,density 3.92 g/cm3 stated by the manufacturer's datasheet (H-LAF4GT); formula NULL: a catalog optical glass (composition proprietary); no x-ray / neutron SLD,,,,,,CDGM Zemax catalog 2022-06 (obtained from http://www.cdgmgd.com)See also CDGM optical glass data sheets,,,2022.0,optical glass,CDGM-optical/H-LAF4GT,1.7495,34.989266,750350,,0.0031,8e-06,243 343,,
1175,CDGM H-LAFL5,,,,,,,,,,,,3.71,literature (manufacturer datasheet),,,,,,,specs,CDGM-optical,365.0,2325.0,H-LAFL5,,1.7495368839888306,2.182034e-08,,,,,density 3.71 g/cm3 stated by the manufacturer's datasheet (H-LAFL5); formula NULL: a catalog optical glass (composition proprietary); no x-ray / neutron SLD,,,,,,CDGM Zemax catalog 2022-06 (obtained from http://www.cdgmgd.com)See also CDGM optical glass data sheets,,,2022.0,optical glass,CDGM-optical/H-LAFL5,1.75367,37.491665,754375,,0.0001,7e-06,243 343,,
1176,CDGM H-LAF7,,,,,,,,,,,,3.77,literature (manufacturer datasheet),,,,,,,specs,CDGM-optical,365.0,2325.0,H-LAF7,,1.7774591908992945,2.182034e-08,,,,,density 3.77 g/cm3 stated by the manufacturer's datasheet (H-LAF7); formula NULL: a catalog optical glass (composition proprietary); no x-ray / neutron SLD,,,,,,CDGM Zemax catalog 2022-06 (obtained from http://www.cdgmgd.com)See also CDGM optical glass data sheets,,,2022.0,optical glass,CDGM-optical/H-LAF7,1.78179,37.092107,782371,,-0.0009,8e-06,243 343,,
1177,CDGM H-LAF10LA,,,,,,,,,,,,4.3,literature (manufacturer datasheet),,,,,,,specs,CDGM-optical,302.0,2325.0,H-LAF10LA,,1.7845245752559533,1.676364e-08,,,,,density 4.3 g/cm3 stated by the manufacturer's datasheet (H-LAF10LA); formula NULL: a catalog optical glass (composition proprietary); no x-ray / neutron SLD,,,,,,CDGM Zemax catalog 2022-06 (obtained from http://www.cdgmgd.com)See also CDGM optical glass data sheets,,,2022.0,optical glass,CDGM-optical/H-LAF10LA,1.788,47.491731,788475,,-0.0097,6.1e-06,243 343,standard,
1178,CDGM D-LAF50,,,,,,,,,,,,4.93,literature (manufacturer datasheet),,,,,,,specs,CDGM-optical,302.0,2325.0,D-LAF50,,1.7707339624242027,1.676364e-08,,,,,density 4.93 g/cm3 stated by the manufacturer's datasheet (D-LAF50); formula NULL: a catalog optical glass (composition proprietary); no x-ray / neutron SLD,,,,,,CDGM Zemax catalog 2022-06 (obtained from http://www.cdgmgd.com)See also CDGM optical glass data sheets,,,2022.0,optical glass,CDGM-optical/D-LAF50,1.774,49.590362,774496,,-0.0065,7.3e-06,243 343,standard,anneal rate:4°C/h
1179,CDGM D-LAF50-25,,,,,,,,,,,,4.93,literature (manufacturer datasheet),,,,,,,specs,CDGM-optical,302.0,2325.0,D-LAF50-25,,1.76961424269597,1.676364e-08,,,,,density 4.93 g/cm3 stated by the manufacturer's datasheet (D-LAF50-25); formula NULL: a catalog optical glass (composition proprietary); no x-ray / neutron SLD,,,,,,CDGM Zemax catalog 2022-06 (obtained from http://www.cdgmgd.com)See also CDGM optical glass data sheets,,,2022.0,optical glass,CDGM-optical/D-LAF50-25,1.77288,49.519338,773495,,-0.0066,7.3e-06,243 343,standard,anneal rate:25°C/h
1180,CDGM H-LAF50B,,,,,,,,,,,,4.24,literature (manufacturer datasheet),,,,,,,specs,CDGM-optical,302.0,2325.0,H-LAF50B,,1.7692290130880457,2.705172e-08,,,,,density 4.24 g/cm3 stated by the manufacturer's datasheet (H-LAF50B); formula NULL: a catalog optical glass (composition proprietary); no x-ray / neutron SLD,,,,,,CDGM Zemax catalog 2022-06 (obtained from http://www.cdgmgd.com)See also CDGM optical glass data sheets,,,2022.0,optical glass,CDGM-optical/H-LAF50B,1.7725,49.598996,773496,772496,-0.0096,5.8e-06,243 343,standard,
1181,CDGM H-LAF51,,,,,,,,,,,,3.82,literature (manufacturer datasheet),,,,,,,specs,CDGM-optical,365.0,2325.0,H-LAF51,,1.6969643368625578,2.182034e-08,,,,,density 3.82 g/cm3 stated by the manufacturer's datasheet (H-LAF51); formula NULL: a catalog optical glass (composition proprietary); no x-ray / neutron SLD,,,,,,CDGM Zemax catalog 2022-06 (obtained from http://www.cdgmgd.com)See also CDGM optical glass data sheets,,,2022.0,optical glass,CDGM-optical/H-LAF51,1.7,48.079839,700481,,-0.0024,8e-06,243 343,,
1182,CDGM H-LAF52,,,,,,,,,,,,4.39,literature (manufacturer datasheet),,,,,,,specs,CDGM-optical,302.0,2325.0,H-LAF52,,1.782195699472689,2.182034e-08,,,,,density 4.39 g/cm3 stated by the manufacturer's datasheet (H-LAF52); formula NULL: a catalog optical glass (composition proprietary); no x-ray / neutron SLD,,,,,,CDGM Zemax catalog 2022-06 (obtained from http://www.cdgmgd.com)See also CDGM optical glass data sheets,,,2022.0,optical glass,CDGM-optical/H-LAF52,1.7859,44.187159,786442,,-0.0083,5.9e-06,243 343,,
1183,CDGM D-LAF53,,,,,,,,,,,,4.26,literature (manufacturer datasheet),,,,,,,specs,CDGM-optical,302.0,2325.0,D-LAF53,,1.7401383092054985,2.182034e-08,,,,,density 4.26 g/cm3 stated by the manufacturer's datasheet (D-LAF53); formula NULL: a catalog optical glass (composition proprietary); no x-ray / neutron SLD,,,,,,CDGM Zemax catalog 2022-06 (obtained from http://www.cdgmgd.com)See also CDGM optical glass data sheets,,,2022.0,optical glass,CDGM-optical/D-LAF53,1.7433,49.325949,743493,,-0.0089,5.6e-06,243 343,,anneal rate:4°C/h
1184,CDGM D-LAF53-25,,,,,,,,,,,,4.26,literature (manufacturer datasheet),,,,,,,specs,CDGM-optical,302.0,2325.0,D-LAF53-25,,1.738938215761509,2.182034e-08,,,,,density 4.26 g/cm3 stated by the manufacturer's datasheet (D-LAF53-25); formula NULL: a catalog optical glass (composition proprietary); no x-ray / neutron SLD,,,,,,CDGM Zemax catalog 2022-06 (obtained from http://www.cdgmgd.com)See also CDGM optical glass data sheets,,,2022.0,optical glass,CDGM-optical/D-LAF53-25,1.7421,49.246024,742493,742492,-0.009,5.6e-06,243 343,,anneal rate:25°C/h
1185,CDGM H-LAF53,,,,,,,,,,,,4.16,literature (manufacturer datasheet),,,,,,,specs,CDGM-optical,302.0,2325.0,H-LAF53,,1.7401318002444486,3.53847e-08,,,,,density 4.16 g/cm3 stated by the manufacturer's datasheet (H-LAF53); formula NULL: a catalog optical glass (composition proprietary); no x-ray / neutron SLD,,,,,,CDGM Zemax catalog 2022-06 (obtained from http://www.cdgmgd.com)See also CDGM optical glass data sheets,,,2022.0,optical glass,CDGM-optical/H-LAF53,1.7433,49.221808,743492,,-0.009,5.5e-06,243 343,,
1186,CDGM H-LAF54,,,,,,,,,,,,4.51,literature (manufacturer datasheet),,,,,,,specs,CDGM-optical,365.0,1014.0,H-LAF54,,1.7955851453314622,1.676364e-08,,,,,density 4.51 g/cm3 stated by the manufacturer's datasheet (H-LAF54); formula NULL: a catalog optical glass (composition proprietary); no x-ray / neutron SLD,,,,,,CDGM Zemax catalog 2022-06 (obtained from http://www.cdgmgd.com)See also CDGM optical glass data sheets,,,2022.0,optical glass,CDGM-optical/H-LAF54,1.799519,42.253294,800422,800423,-0.0064,5.7e-06,243 343,,
1187,CDGM H-LAF55,,,,,,,,,,,,4.3,literature (manufacturer datasheet),,,,,,,specs,CDGM-optical,365.0,2325.0,H-LAF55,,1.7580811386032837,2.5249699999999998e-08,,,,,density 4.3 g/cm3 stated by the manufacturer's datasheet (H-LAF55); formula NULL: a catalog optical glass (composition proprietary); no x-ray / neutron SLD,,,,,,CDGM Zemax catalog 2022-06 (obtained from http://www.cdgmgd.com)See also CDGM optical glass data sheets,,,2022.0,optical glass,CDGM-optical/H-LAF55,1.762,40.105472,762401,,-0.0027,8.2e-06,243 343,,
1188,CDGM H-LAF6LA,,,,,,,,,,,,4.059,literature (manufacturer datasheet),,,,,,,specs,CDGM-optical,365.0,2325.0,H-LAF6LA,,1.7536768280562454,1.513436e-08,,,,,density 4.059 g/cm3 stated by the manufacturer's datasheet (H-LAF6LA); formula NULL: a catalog optical glass (composition proprietary); no x-ray / neutron SLD,,,,,,CDGM Zemax catalog 2022-06 (obtained from http://www.cdgmgd.com)See also CDGM optical glass data sheets,,,2022.0,optical glass,CDGM-optical/H-LAF6LA,1.757,47.711817,757477,,-0.0088,5.7e-06,243 343,,
1189,CDGM H-LAF62,,,,,,,,,,,,3.89,literature (manufacturer datasheet),,,,,,,specs,CDGM-optical,365.0,2325.0,H-LAF62,,1.7165841310508347,2.01897e-08,,,,,density 3.89 g/cm3 stated by the manufacturer's datasheet (H-LAF62); formula NULL: a catalog optical glass (composition proprietary); no x-ray / neutron SLD,,,,,,CDGM Zemax catalog 2022-06 (obtained from http://www.cdgmgd.com)See also CDGM optical glass data sheets,,,2022.0,optical glass,CDGM-optical/H-LAF62,1.72,43.680739,720437,,-0.0027,7e-06,243 343,,
1190,CDGM D-LAF79,,,,,,,,,,,,3.21,literature (manufacturer datasheet),,,,,,,specs,CDGM-optical,365.0,2325.0,D-LAF79,,1.727037117614169,2.182034e-08,,,,,density 3.21 g/cm3 stated by the manufacturer's datasheet (D-LAF79); formula NULL: a catalog optical glass (composition proprietary); no x-ray / neutron SLD,,,,,,CDGM Zemax catalog 2022-06 (obtained from http://www.cdgmgd.com)See also CDGM optical glass data sheets,,,2022.0,optical glass,CDGM-optical/D-LAF79,1.73077,40.508021,731405,,-0.0047,9e-06,243 343,,anneal rate:4°C/h
1191,CDGM D-LAF79-25,,,,,,,,,,,,3.21,literature (manufacturer datasheet),,,,,,,specs,CDGM-optical,365.0,2325.0,D-LAF79-25,,1.7261303509185735,2.182034e-08,,,,,density 3.21 g/cm3 stated by the manufacturer's datasheet (D-LAF79-25); formula NULL: a catalog optical glass (composition proprietary); no x-ray / neutron SLD,,,,,,CDGM Zemax catalog 2022-06 (obtained from http://www.cdgmgd.com)See also CDGM optical glass data sheets,,,2022.0,optical glass,CDGM-optical/D-LAF79-25,1.72986,40.497566,730405,,-0.0049,9e-06,243 343,,anneal rate:25°C/h
1192,CDGM D-LAF82L,,,,,,,,,,,,4.1,literature (manufacturer datasheet),,,,,,,specs,CDGM-optical,365.0,1014.0,D-LAF82L,,1.7316842090304703,2.01897e-08,,,,,density 4.1 g/cm3 stated by the manufacturer's datasheet (D-LAF82L); formula NULL: a catalog optical glass (composition proprietary); no x-ray / neutron SLD,,,,,,CDGM Zemax catalog 2017-09 (obtained from http://www.cdgmgd.com),,,2017.0,optical glass,CDGM-optical/D-LAF82L,1.734852,48.782341,735488,,-0.0104,5.3e-06,243 343,,
1193,CDGM H-ZLAF1,,,,,,,,,,,,4.3,literature (manufacturer datasheet),,,,,,,specs,CDGM-optical,365.0,2325.0,H-ZLAF1,,1.7978874561464038,3.03147e-08,,,,,density 4.3 g/cm3 stated by the manufacturer's datasheet (H-ZLAF1); formula NULL: a catalog optical glass (composition proprietary); no x-ray / neutron SLD,,,,,,CDGM Zemax catalog 2022-06 (obtained from http://www.cdgmgd.com)See also CDGM optical glass data sheets,,,2022.0,optical glass,CDGM-optical/H-ZLAF1,1.80166,44.263459,802443,,-0.0078,5.3e-06,243 343,,
1194,CDGM H-ZLAF2A,,,,,,,,,,,,4.65,literature (manufacturer datasheet),,,,,,,specs,CDGM-optical,365.0,2325.0,H-ZLAF2A,,1.7992010856598595,1.513436e-08,,,,,density 4.65 g/cm3 stated by the manufacturer's datasheet (H-ZLAF2A); formula NULL: a catalog optical glass (composition proprietary); no x-ray / neutron SLD,,,,,,CDGM Zemax catalog 2022-06 (obtained from http://www.cdgmgd.com)See also CDGM optical glass data sheets,,,2022.0,optical glass,CDGM-optical/H-ZLAF2A,1.80279,46.761307,803468,,-0.0089,5.8e-06,243 343,,
1195,CDGM H-ZLAF3,,,,,,,,,,,,4.5,literature (manufacturer datasheet),,,,,,,specs,CDGM-optical,365.0,1014.0,H-ZLAF3,,1.8506363628864269,2.3452680000000002e-08,,,,,density 4.5 g/cm3 stated by the manufacturer's datasheet (H-ZLAF3); formula NULL: a catalog optical glass (composition proprietary); no x-ray / neutron SLD,,,,,,CDGM Zemax catalog 2022-06 (obtained from http://www.cdgmgd.com)See also CDGM optical glass data sheets,,,2022.0,optical glass,CDGM-optical/H-ZLAF3,1.855449,36.59805,855366,,-0.0053,6e-06,243 343,,
1196,CDGM H-ZLAF4LA,,,,,,,,,,,,5.07,literature (manufacturer datasheet),,,,,,,specs,CDGM-optical,365.0,2325.0,H-ZLAF4LA,,1.9055211261404914,4.7350099999999996e-08,,,,,density 5.07 g/cm3 stated by the manufacturer's datasheet (H-ZLAF4LA); formula NULL: a catalog optical glass (composition proprietary); no x-ray / neutron SLD,,,,,,CDGM Zemax catalog 2022-06 (obtained from http://www.cdgmgd.com)See also CDGM optical glass data sheets,,,2022.0,optical glass,CDGM-optical/H-ZLAF4LA,1.91082,35.25034,911353,,-0.0024,7.1e-06,243 343,standard,
1197,CDGM H-ZLAF4LB,,,,,,,,,,,,4.84,literature (manufacturer datasheet),,,,,,,specs,CDGM-optical,365.0,2325.0,H-ZLAF4LB,,1.9055262588534039,1.676364e-08,,,,,density 4.84 g/cm3 stated by the manufacturer's datasheet (H-ZLAF4LB); formula NULL: a catalog optical glass (composition proprietary); no x-ray / neutron SLD,,,,,,CDGM Zemax catalog 2022-06 (obtained from http://www.cdgmgd.com)See also CDGM optical glass data sheets,,,2022.0,optical glass,CDGM-optical/H-ZLAF4LB,1.91082,35.282389,911353,,-0.0022,6.6e-06,243 343,,
1198,CDGM D-ZLAF50,,,,,,,,,,,,4.89,literature (manufacturer datasheet),,,,,,,specs,CDGM-optical,313.0,2325.0,D-ZLAF50,,1.7996856523341234,3.375066e-08,,,,,density 4.89 g/cm3 stated by the manufacturer's datasheet (D-ZLAF50); formula NULL: a catalog optical glass (composition proprietary); no x-ray / neutron SLD,,,,,,CDGM Zemax catalog 2022-06 (obtained from http://www.cdgmgd.com)See also CDGM optical glass data sheets,,,2022.0,optical glass,CDGM-optical/D-ZLAF50,1.80337,45.491557,803455,,-0.0089,6.2e-06,243 343,,anneal rate:4°C/h
1199,CDGM D-ZLAF50-25,,,,,,,,,,,,4.89,literature (manufacturer datasheet),,,,,,,specs,CDGM-optical,313.0,2325.0,D-ZLAF50-25,,1.7985678093721205,3.375066e-08,,,,,density 4.89 g/cm3 stated by the manufacturer's datasheet (D-ZLAF50-25); formula NULL: a catalog optical glass (composition proprietary); no x-ray / neutron SLD,,,,,,CDGM Zemax catalog 2022-06 (obtained from http://www.cdgmgd.com)See also CDGM optical glass data sheets,,,2022.0,optical glass,CDGM-optical/D-ZLAF50-25,1.80225,45.452746,802455,,-0.009,6.2e-06,243 343,,anneal rate:25°C/h
1200,CDGM H-ZLAF50D,,,,,,,,,,,,4.52,literature (manufacturer datasheet),,,,,,,specs,CDGM-optical,365.0,2325.0,H-ZLAF50D,,1.8003919770474137,2.5249699999999998e-08,,,,,density 4.52 g/cm3 stated by the manufacturer's datasheet (H-ZLAF50D); formula NULL: a catalog optical glass (composition proprietary); no x-ray / neutron SLD,,,,,,CDGM Zemax catalog 2022-06 (obtained from http://www.cdgmgd.com)See also CDGM optical glass data sheets,,,2022.0,optical glass,CDGM-optical/H-ZLAF50D,1.804,46.575016,804466,,-0.009,6.2e-06,243 343,,
1201,CDGM H-ZLAF50E,,,,,,,,,,,,4.44,literature (manufacturer datasheet),,,,,,,specs,CDGM-optical,365.0,2325.0,H-ZLAF50E,,1.800393465567294,2.01897e-08,,,,,density 4.44 g/cm3 stated by the manufacturer's datasheet (H-ZLAF50E); formula NULL: a catalog optical glass (composition proprietary); no x-ray / neutron SLD,,,,,,CDGM Zemax catalog 2022-06 (obtained from http://www.cdgmgd.com)See also CDGM optical glass data sheets,,,2022.0,optical glass,CDGM-optical/H-ZLAF50E,1.804,46.574487,804466,,-0.0088,6.2e-06,243 343,standard,
1202,CDGM H-ZLAF51,,,,,,,,,,,,4.41,literature (manufacturer datasheet),,,,,,,specs,CDGM-optical,365.0,2325.0,H-ZLAF51,,1.8003053862200655,1.513436e-08,,,,,density 4.41 g/cm3 stated by the manufacturer's datasheet (H-ZLAF51); formula NULL: a catalog optical glass (composition proprietary); no x-ray / neutron SLD,,,,,,CDGM Zemax catalog 2022-06 (obtained from http://www.cdgmgd.com)See also CDGM optical glass data sheets,,,2022.0,optical glass,CDGM-optical/H-ZLAF51,1.8045,39.635248,805396,804396,-0.005,5.2e-06,243 343,,
1203,CDGM H-ZLAF52,,,,,,,,,,,,4.45,literature (manufacturer datasheet),,,,,,,specs,CDGM-optical,365.0,1014.0,H-ZLAF52,,1.80202048887221,3.8824619999999997e-08,,,,,density 4.45 g/cm3 stated by the manufacturer's datasheet (H-ZLAF52); formula NULL: a catalog optical glass (composition proprietary); no x-ray / neutron SLD,,,,,,CDGM Zemax catalog 2022-06 (obtained from http://www.cdgmgd.com)See also CDGM optical glass data sheets,,,2022.0,optical glass,CDGM-optical/H-ZLAF52,1.806099,40.945389,806410,806409,-0.005,5.8e-06,243 343,,
1204,CDGM H-ZLAF52A,,,,,,,,,,,,4.48,literature (manufacturer datasheet),,,,,,,specs,CDGM-optical,365.0,2325.0,H-ZLAF52A,,1.8020295747047272,3.882462e-08,,,,,density 4.48 g/cm3 stated by the manufacturer's datasheet (H-ZLAF52A); formula NULL: a catalog optical glass (composition proprietary); no x-ray / neutron SLD,,,,,,CDGM Zemax catalog 2022-06 (obtained from http://www.cdgmgd.com)See also CDGM optical glass data sheets,,,2022.0,optical glass,CDGM-optical/H-ZLAF52A,1.8061,41.016887,806410,,-0.0067,6.1e-06,243 343,,
1205,CDGM D-ZLAF52LA,,,,,,,,,,,,4.56,literature (manufacturer datasheet),,,,,,,specs,CDGM-optical,365.0,2325.0,D-ZLAF52LA,,1.805908530547662,2.182034e-08,,,,,density 4.56 g/cm3 stated by the manufacturer's datasheet (D-ZLAF52LA); formula NULL: a catalog optical glass (composition proprietary); no x-ray / neutron SLD,,,,,,CDGM Zemax catalog 2022-06 (obtained from http://www.cdgmgd.com)See also CDGM optical glass data sheets,,,2022.0,optical glass,CDGM-optical/D-ZLAF52LA,1.81,40.992863,810410,,-0.006,6.6e-06,243 343,,anneal rate:4°C/h
1206,CDGM D-ZLAF52LA-25,,,,,,,,,,,,4.56,literature (manufacturer datasheet),,,,,,,specs,CDGM-optical,365.0,2325.0,D-ZLAF52LA-25,,1.8047323129305273,2.182034e-08,,,,,density 4.56 g/cm3 stated by the manufacturer's datasheet (D-ZLAF52LA-25); formula NULL: a catalog optical glass (composition proprietary); no x-ray / neutron SLD,,,,,,CDGM Zemax catalog 2022-06 (obtained from http://www.cdgmgd.com)See also CDGM optical glass data sheets,,,2022.0,optical glass,CDGM-optical/D-ZLAF52LA-25,1.80882,40.970313,809410,,-0.0058,6.6e-06,243 343,,anneal rate:25°C/h
1207,CDGM H-ZLAF53B,,,,,,,,,,,,4.54,literature (manufacturer datasheet),,,,,,,specs,CDGM-optical,365.0,2325.0,H-ZLAF53B,,1.8293876703461178,4.029668e-08,,,,,density 4.54 g/cm3 stated by the manufacturer's datasheet (H-ZLAF53B); formula NULL: a catalog optical glass (composition proprietary); no x-ray / neutron SLD,,,,,,CDGM Zemax catalog 2022-06 (obtained from http://www.cdgmgd.com)See also CDGM optical glass data sheets,,,2022.0,optical glass,CDGM-optical/H-ZLAF53B,1.834,37.210555,834372,,-0.004,5.9e-06,243 343,standard,
1208,CDGM H-ZLAF53BGT,,,,,,,,,,,,4.54,literature (manufacturer datasheet),,,,,,,specs,CDGM-optical,365.0,2325.0,H-ZLAF53BGT,,1.8293876703461178,3.375066e-08,,,,,density 4.54 g/cm3 stated by the manufacturer's datasheet (H-ZLAF53BGT); formula NULL: a catalog optical glass (composition proprietary); no x-ray / neutron SLD,,,,,,CDGM Zemax catalog 2022-06 (obtained from http://www.cdgmgd.com)See also CDGM optical glass data sheets,,,2022.0,optical glass,CDGM-optical/H-ZLAF53BGT,1.834,37.210555,834372,,-0.004,5.9e-06,243 343,standard,
1209,CDGM H-ZLAF55C,,,,,,,,,,,,4.73,literature (manufacturer datasheet),,,,,,,specs,CDGM-optical,365.0,2325.0,H-ZLAF55C,,1.8307480679317727,1.856042e-08,,,,,density 4.73 g/cm3 stated by the manufacturer's datasheet (H-ZLAF55C); formula NULL: a catalog optical glass (composition proprietary); no x-ray / neutron SLD,,,,,,CDGM Zemax catalog 2022-06 (obtained from http://www.cdgmgd.com)See also CDGM optical glass data sheets,,,2022.0,optical glass,CDGM-optical/H-ZLAF55C,1.83481,42.711575,835427,,-0.0081,6.2e-06,243 343,,
1210,CDGM H-ZLAF55D,,,,,,,,,,,,4.56,literature (manufacturer datasheet),,,,,,,specs,CDGM-optical,365.0,2325.0,H-ZLAF55D,,1.8307478879495425,1.0084326000000001e-08,,,,,density 4.56 g/cm3 stated by the manufacturer's datasheet (H-ZLAF55D); formula NULL: a catalog optical glass (composition proprietary); no x-ray / neutron SLD,,,,,,CDGM Zemax catalog 2022-06 (obtained from http://www.cdgmgd.com)See also CDGM optical glass data sheets,,,2022.0,optical glass,CDGM-optical/H-ZLAF55D,1.83481,42.725177,835427,,-0.0086,6.4e-06,243 343,standard,
1211,CDGM H-ZLAF56B,,,,,,,,,,,,3.79,literature (manufacturer datasheet),,,,,,,specs,CDGM-optical,365.0,1014.0,H-ZLAF56B,,1.8011540576073368,2.52497e-08,,,,,density 3.79 g/cm3 stated by the manufacturer's datasheet (H-ZLAF56B); formula NULL: a catalog optical glass (composition proprietary); no x-ray / neutron SLD,,,,,,CDGM Zemax catalog 2022-06 (obtained from http://www.cdgmgd.com)See also CDGM optical glass data sheets,,,2022.0,optical glass,CDGM-optical/H-ZLAF56B,1.806105,33.286897,806333,,0.0013,7.4e-06,243 343,standard,
1212,CDGM D-ZLAF61,,,,,,,,,,,,4.92,literature (manufacturer datasheet),,,,,,,specs,CDGM-optical,365.0,2325.0,D-ZLAF61,,1.8184149393159845,2.345268e-08,,,,,density 4.92 g/cm3 stated by the manufacturer's datasheet (D-ZLAF61); formula NULL: a catalog optical glass (composition proprietary); no x-ray / neutron SLD,,,,,,CDGM Zemax catalog 2022-06 (obtained from http://www.cdgmgd.com)See also CDGM optical glass data sheets,,,2022.0,optical glass,CDGM-optical/D-ZLAF61,1.82241,42.714541,822427,,-0.0068,6.6e-06,243 343,,anneal rate:4°C/h
1213,CDGM D-ZLAF61-25,,,,,,,,,,,,4.92,literature (manufacturer datasheet),,,,,,,specs,CDGM-optical,365.0,2325.0,D-ZLAF61-25,,1.817316231570141,2.345268e-08,,,,,density 4.92 g/cm3 stated by the manufacturer's datasheet (D-ZLAF61-25); formula NULL: a catalog optical glass (composition proprietary); no x-ray / neutron SLD,,,,,,CDGM Zemax catalog 2022-06 (obtained from http://www.cdgmgd.com)See also CDGM optical glass data sheets,,,2022.0,optical glass,CDGM-optical/D-ZLAF61-25,1.82131,42.674895,821427,,-0.0068,6.6e-06,243 343,,anneal rate:25°C/h
1214,CDGM H-ZLAF66,,,,,,,,,,,,3.89,literature (manufacturer datasheet),,,,,,,specs,CDGM-optical,365.0,2325.0,H-ZLAF66,,1.7963118011397188,3.358448e-08,,,,,density 3.89 g/cm3 stated by the manufacturer's datasheet (H-ZLAF66); formula NULL: a catalog optical glass (composition proprietary); no x-ray / neutron SLD,,,,,,CDGM Zemax catalog 2022-06 (obtained from http://www.cdgmgd.com)See also CDGM optical glass data sheets,,,2022.0,optical glass,CDGM-optical/H-ZLAF66,1.801,34.966919,801350,,0.0016,7.9e-06,243 343,,
1215,CDGM H-ZLAF66GT,,,,,,,,,,,,3.89,literature (manufacturer datasheet),,,,,,,specs,CDGM-optical,365.0,2325.0,H-ZLAF66GT,,1.7963118011397188,3.358448e-08,,,,,density 3.89 g/cm3 stated by the manufacturer's datasheet (H-ZLAF66GT); formula NULL: a catalog optical glass (composition proprietary); no x-ray / neutron SLD,,,,,,CDGM Zemax catalog 2022-06 (obtained from http://www.cdgmgd.com)See also CDGM optical glass data sheets,,,2022.0,optical glass,CDGM-optical/H-ZLAF66GT,1.801,34.966919,801350,,0.0016,7.9e-06,243 343,,
1216,CDGM D-ZLAF67,,,,,,,,,,,,5.5,literature (manufacturer datasheet),,,,,,,specs,CDGM-optical,365.0,2325.0,D-ZLAF67,,1.8789595086130608,4.2097460000000004e-08,,,,,density 5.5 g/cm3 stated by the manufacturer's datasheet (D-ZLAF67); formula NULL: a catalog optical glass (composition proprietary); no x-ray / neutron SLD,,,,,,CDGM Zemax catalog 2022-06 (obtained from http://www.cdgmgd.com)See also CDGM optical glass data sheets,,,2022.0,optical glass,CDGM-optical/D-ZLAF67,1.88385,37.198899,884372,,-0.0047,6.7e-06,243 343,,anneal rate:4°C/h
1217,CDGM D-ZLAF67-25,,,,,,,,,,,,5.5,literature (manufacturer datasheet),,,,,,,specs,CDGM-optical,365.0,2325.0,D-ZLAF67-25,,1.8777050298276583,4.2097460000000004e-08,,,,,density 5.5 g/cm3 stated by the manufacturer's datasheet (D-ZLAF67-25); formula NULL: a catalog optical glass (composition proprietary); no x-ray / neutron SLD,,,,,,CDGM Zemax catalog 2022-06 (obtained from http://www.cdgmgd.com)See also CDGM optical glass data sheets,,,2022.0,optical glass,CDGM-optical/D-ZLAF67-25,1.88259,37.185491,883372,,-0.0047,6.7e-06,243 343,,anneal rate:25°C/h
1218,CDGM H-ZLAF68B,,,,,,,,,,,,5.53,literature (manufacturer datasheet),,,,,,,specs,CDGM-optical,365.0,1014.0,H-ZLAF68B,,1.878517201548451,3.375066e-08,,,,,density 5.53 g/cm3 stated by the manufacturer's datasheet (H-ZLAF68B); formula NULL: a catalog optical glass (composition proprietary); no x-ray / neutron SLD,,,,,,CDGM Zemax catalog 2022-06 (obtained from http://www.cdgmgd.com)See also CDGM optical glass data sheets,,,2022.0,optical glass,CDGM-optical/H-ZLAF68B,1.883004,40.806875,883408,,-0.0067,6.8e-06,243 343,preferred,
1219,CDGM H-ZLAF68C,,,,,,,,,,,,5.34,literature (manufacturer datasheet),,,,,,,specs,CDGM-optical,365.0,2325.0,H-ZLAF68C,,1.878523487989216,2.5249699999999998e-08,,,,,density 5.34 g/cm3 stated by the manufacturer's datasheet (H-ZLAF68C); formula NULL: a catalog optical glass (composition proprietary); no x-ray / neutron SLD,,,,,,CDGM Zemax catalog 2022-06 (obtained from http://www.cdgmgd.com)See also CDGM optical glass data sheets,,,2022.0,optical glass,CDGM-optical/H-ZLAF68C,1.883,40.847465,883409,883408,-0.0084,7e-06,243 343,,
1220,CDGM H-ZLAF68N,,,,,,,,,,,,5.17,literature (manufacturer datasheet),,,,,,,specs,CDGM-optical,365.0,2325.0,H-ZLAF68N,,1.878349770788606,2.6882039999999998e-08,,,,,density 5.17 g/cm3 stated by the manufacturer's datasheet (H-ZLAF68N); formula NULL: a catalog optical glass (composition proprietary); no x-ray / neutron SLD,,,,,,CDGM Zemax catalog 2022-06 (obtained from http://www.cdgmgd.com)See also CDGM optical glass data sheets,,,2022.0,optical glass,CDGM-optical/H-ZLAF68N,1.883,39.2182,883392,,-0.006,5.8e-06,243 343,,
1221,CDGM H-ZLAF69,,,,,,,,,,,,5.01,literature (manufacturer datasheet),,,,,,,specs,CDGM-optical,302.0,2325.0,H-ZLAF69,,1.8123371614993413,1.0084326e-08,,,,,density 5.01 g/cm3 stated by the manufacturer's datasheet (H-ZLAF69); formula NULL: a catalog optical glass (composition proprietary); no x-ray / neutron SLD,,,,,,CDGM Zemax catalog 2022-06 (obtained from http://www.cdgmgd.com)See also CDGM optical glass data sheets,,,2022.0,optical glass,CDGM-optical/H-ZLAF69,1.816,46.5493,816466,816465,-0.0095,6.4e-06,243 343,,
1222,CDGM H-ZLAF69A,,,,,,,,,,,,5.06,literature (manufacturer datasheet),,,,,,,specs,CDGM-optical,365.0,2325.0,H-ZLAF69A,,1.8123389264292555,2.6882039999999998e-08,,,,,density 5.06 g/cm3 stated by the manufacturer's datasheet (H-ZLAF69A); formula NULL: a catalog optical glass (composition proprietary); no x-ray / neutron SLD,,,,,,CDGM Zemax catalog 2022-06 (obtained from http://www.cdgmgd.com)See also CDGM optical glass data sheets,,,2022.0,optical glass,CDGM-optical/H-ZLAF69A,1.816,46.556066,816466,,-0.0089,6.4e-06,243 343,,
1223,CDGM H-ZLAF71,,,,,,,,,,,,4.22,literature (manufacturer datasheet),,,,,,,specs,CDGM-optical,365.0,2325.0,H-ZLAF71,,1.8448900220795172,5.571666e-08,,,,,density 4.22 g/cm3 stated by the manufacturer's datasheet (H-ZLAF71); formula NULL: a catalog optical glass (composition proprietary); no x-ray / neutron SLD,,,,,,CDGM Zemax catalog 2022-06 (obtained from http://www.cdgmgd.com)See also CDGM optical glass data sheets,,,2022.0,optical glass,CDGM-optical/H-ZLAF71,1.85026,32.297288,850323,,0.0024,7.6e-06,243 343,,
1224,CDGM H-ZLAF71AGT,,,,,,,,,,,,4.42,literature (manufacturer datasheet),,,,,,,specs,CDGM-optical,365.0,2325.0,H-ZLAF71AGT,,1.8448845839223058,3.865754e-08,,,,,density 4.42 g/cm3 stated by the manufacturer's datasheet (H-ZLAF71AGT); formula NULL: a catalog optical glass (composition proprietary); no x-ray / neutron SLD,,,,,,CDGM Zemax catalog 2022-06 (obtained from http://www.cdgmgd.com)See also CDGM optical glass data sheets,,,2022.0,optical glass,CDGM-optical/H-ZLAF71AGT,1.85026,32.216801,850322,,0.0029,7.2e-06,243 343,,
1225,CDGM H-ZLAF73,,,,,,,,,,,,5.2,literature (manufacturer datasheet),,,,,,,specs,CDGM-optical,365.0,2325.0,H-ZLAF73,,1.8764609040336393,1.676364e-08,,,,,density 5.2 g/cm3 stated by the manufacturer's datasheet (H-ZLAF73); formula NULL: a catalog optical glass (composition proprietary); no x-ray / neutron SLD,,,,,,CDGM Zemax catalog 2022-06 (obtained from http://www.cdgmgd.com)See also CDGM optical glass data sheets,,,2022.0,optical glass,CDGM-optical/H-ZLAF73,1.881,40.161331,881402,,-0.008,6.8e-06,243 343,,
1226,CDGM H-ZLAF75A,,,,,,,,,,,,4.56,literature (manufacturer datasheet),,,,,,,specs,CDGM-optical,365.0,2325.0,H-ZLAF75A,,1.8977845979005994,3.53847e-08,,,,,density 4.56 g/cm3 stated by the manufacturer's datasheet (H-ZLAF75A); formula NULL: a catalog optical glass (composition proprietary); no x-ray / neutron SLD,,,,,,CDGM Zemax catalog 2022-06 (obtained from http://www.cdgmgd.com)See also CDGM optical glass data sheets,,,2022.0,optical glass,CDGM-optical/H-ZLAF75A,1.90366,31.31497,904313,,0.0029,7.3e-06,243 343,standard,
1227,CDGM H-ZLAF75B,,,,,,,,,,,,4.56,literature (manufacturer datasheet),,,,,,,specs,CDGM-optical,365.0,2325.0,H-ZLAF75B,,1.8978008445170618,3.194874e-08,,,,,density 4.56 g/cm3 stated by the manufacturer's datasheet (H-ZLAF75B); formula NULL: a catalog optical glass (composition proprietary); no x-ray / neutron SLD,,,,,,CDGM Zemax catalog 2022-06 (obtained from http://www.cdgmgd.com)See also CDGM optical glass data sheets,,,2022.0,optical glass,CDGM-optical/H-ZLAF75B,1.90366,31.418411,904314,,0.0021,7e-06,243 343,,
1228,CDGM H-ZLAF76,,,,,,,,,,,,3.98,literature (manufacturer datasheet),,,,,,,specs,CDGM-optical,365.0,2325.0,H-ZLAF76,,1.844383475992074,3.358448e-08,,,,,density 3.98 g/cm3 stated by the manufacturer's datasheet (H-ZLAF76); formula NULL: a catalog optical glass (composition proprietary); no x-ray / neutron SLD,,,,,,CDGM Zemax catalog 2022-06 (obtained from http://www.cdgmgd.com)See also CDGM optical glass data sheets,,,2022.0,optical glass,CDGM-optical/H-ZLAF76,1.85013,30.055517,850301,,0.0056,6.8e-06,243 343,,
1229,CDGM H-ZLAF76A,,,,,,,,,,,,4.31,literature (manufacturer datasheet),,,,,,,specs,CDGM-optical,365.0,2325.0,H-ZLAF76A,,1.844383445322394,5.5399319999999995e-08,,,,,density 4.31 g/cm3 stated by the manufacturer's datasheet (H-ZLAF76A); formula NULL: a catalog optical glass (composition proprietary); no x-ray / neutron SLD,,,,,,CDGM Zemax catalog 2022-06 (obtained from http://www.cdgmgd.com)See also CDGM optical glass data sheets,,,2022.0,optical glass,CDGM-optical/H-ZLAF76A,1.85013,30.012319,850300,,0.0052,6.4e-06,243 343,,
1230,CDGM H-ZLAF78B,,,,,,,,,,,,4.95,literature (manufacturer datasheet),,,,,,,specs,CDGM-optical,365.0,2325.0,H-ZLAF78B,,1.8956869994888577,2.345268e-08,,,,,density 4.95 g/cm3 stated by the manufacturer's datasheet (H-ZLAF78B); formula NULL: a catalog optical glass (composition proprietary); no x-ray / neutron SLD,,,,,,CDGM Zemax catalog 2022-06 (obtained from http://www.cdgmgd.com)See also CDGM optical glass data sheets,,,2022.0,optical glass,CDGM-optical/H-ZLAF78B,1.90069,37.050531,901371,,-0.0046,6.8e-06,243 343,,
1231,CDGM D-ZLAF81,,,,,,,,,,,,4.55,literature (manufacturer datasheet),,,,,,,specs,CDGM-optical,365.0,2325.0,D-ZLAF81,,1.8047148487411722,1.0084326000000001e-08,,,,,density 4.55 g/cm3 stated by the manufacturer's datasheet (D-ZLAF81); formula NULL: a catalog optical glass (composition proprietary); no x-ray / neutron SLD,,,,,,CDGM Zemax catalog 2022-06 (obtained from http://www.cdgmgd.com)See also CDGM optical glass data sheets,,,2022.0,optical glass,CDGM-optical/D-ZLAF81,1.8088,40.999441,809410,,-0.0059,6.4e-06,243 343,,anneal rate:4°C/h
1232,CDGM D-ZLAF81-25,,,,,,,,,,,,4.55,literature (manufacturer datasheet),,,,,,,specs,CDGM-optical,365.0,2325.0,D-ZLAF81-25,,1.803488106292897,1.0084326000000001e-08,,,,,density 4.55 g/cm3 stated by the manufacturer's datasheet (D-ZLAF81-25); formula NULL: a catalog optical glass (composition proprietary); no x-ray / neutron SLD,,,,,,CDGM Zemax catalog 2022-06 (obtained from http://www.cdgmgd.com)See also CDGM optical glass data sheets,,,2022.0,optical glass,CDGM-optical/D-ZLAF81-25,1.80757,40.97334,808410,,-0.006,6.4e-06,243 343,,anneal rate:25°C/h
1233,CDGM D-ZLAF85A,,,,,,,,,,,,5.22,literature (manufacturer datasheet),,,,,,,specs,CDGM-optical,365.0,2325.0,D-ZLAF85A,,1.847823001816541,3.702044e-08,,,,,density 5.22 g/cm3 stated by the manufacturer's datasheet (D-ZLAF85A); formula NULL: a catalog optical glass (composition proprietary); no x-ray / neutron SLD,,,,,,CDGM Zemax catalog 2022-06 (obtained from http://www.cdgmgd.com)See also CDGM optical glass data sheets,,,2022.0,optical glass,CDGM-optical/D-ZLAF85A,1.85222,40.10819,852401,,-0.0075,7.8e-06,293 573,,anneal rate:4°C/h
1234,CDGM D-ZLAF85A-25,,,,,,,,,,,,5.22,literature (manufacturer datasheet),,,,,,,specs,CDGM-optical,365.0,2325.0,D-ZLAF85A-25,,1.8467032130579528,3.702044e-08,,,,,density 5.22 g/cm3 stated by the manufacturer's datasheet (D-ZLAF85A-25); formula NULL: a catalog optical glass (composition proprietary); no x-ray / neutron SLD,,,,,,CDGM Zemax catalog 2022-06 (obtained from http://www.cdgmgd.com)See also CDGM optical glass data sheets,,,2022.0,optical glass,CDGM-optical/D-ZLAF85A-25,1.8511,40.055609,851401,,-0.0075,7.8e-06,293 573,,anneal rate:25°C/h
1235,CDGM D-ZLAF85L,,,,,,,,,,,,5.28,literature (manufacturer datasheet),,,,,,,specs,CDGM-optical,365.0,2325.0,D-ZLAF85L,,1.8493431638592492,4.717982e-08,,,,,density 5.28 g/cm3 stated by the manufacturer's datasheet (D-ZLAF85L); formula NULL: a catalog optical glass (composition proprietary); no x-ray / neutron SLD,,,,,,CDGM Zemax catalog 2022-06 (obtained from http://www.cdgmgd.com)See also CDGM optical glass data sheets,,,2022.0,optical glass,CDGM-optical/D-ZLAF85L,1.8537,40.579411,854406,,-0.0081,6.3e-06,243 343,,anneal rate:4°C/h
1236,CDGM D-ZLAF85L-25,,,,,,,,,,,,5.28,literature (manufacturer datasheet),,,,,,,specs,CDGM-optical,365.0,2325.0,D-ZLAF85L-25,,1.8482447281023275,4.717982e-08,,,,,density 5.28 g/cm3 stated by the manufacturer's datasheet (D-ZLAF85L-25); formula NULL: a catalog optical glass (composition proprietary); no x-ray / neutron SLD,,,,,,CDGM Zemax catalog 2022-06 (obtained from http://www.cdgmgd.com)See also CDGM optical glass data sheets,,,2022.0,optical glass,CDGM-optical/D-ZLAF85L-25,1.8526,40.534071,853405,,-0.0081,6.3e-06,243 343,,anneal rate:25°C/h
1237,CDGM D-ZLAF85LN,,,,,,,,,,,,4.96,literature (manufacturer datasheet),,,,,,,specs,CDGM-optical,365.0,2325.0,D-ZLAF85LN,,1.8412194967516184,2.182034e-08,,,,,density 4.96 g/cm3 stated by the manufacturer's datasheet (D-ZLAF85LN); formula NULL: a catalog optical glass (composition proprietary); no x-ray / neutron SLD,,,,,,CDGM Zemax catalog 2022-06 (obtained from http://www.cdgmgd.com)See also CDGM optical glass data sheets,,,2022.0,optical glass,CDGM-optical/D-ZLAF85LN,1.84558,40.094322,846401,,-0.006,6.3e-06,243 343,,anneal rate:4°C/h
1238,CDGM D-ZLAF85LN-25,,,,,,,,,,,,4.96,literature (manufacturer datasheet),,,,,,,specs,CDGM-optical,365.0,2325.0,D-ZLAF85LN-25,,1.8400721932312714,2.182034e-08,,,,,density 4.96 g/cm3 stated by the manufacturer's datasheet (D-ZLAF85LN-25); formula NULL: a catalog optical glass (composition proprietary); no x-ray / neutron SLD,,,,,,CDGM Zemax catalog 2022-06 (obtained from http://www.cdgmgd.com)See also CDGM optical glass data sheets,,,2022.0,optical glass,CDGM-optical/D-ZLAF85LN-25,1.84443,40.067973,844401,,-0.0062,6.3e-06,243 343,,anneal rate:25°C/h
1239,CDGM D-ZLAF85LS,,,,,,,,,,,,5.29,literature (manufacturer datasheet),,,,,,,specs,CDGM-optical,365.0,2325.0,D-ZLAF85LS,,1.8501413605958252,2.01897e-08,,,,,density 5.29 g/cm3 stated by the manufacturer's datasheet (D-ZLAF85LS); formula NULL: a catalog optical glass (composition proprietary); no x-ray / neutron SLD,,,,,,CDGM Zemax catalog 2022-06 (obtained from http://www.cdgmgd.com)See also CDGM optical glass data sheets,,,2022.0,optical glass,CDGM-optical/D-ZLAF85LS,1.8545,40.593546,855406,854406,-0.008,8.1e-06,293 573,,anneal rate:4°C/h
1240,CDGM D-ZLAF85LS-25,,,,,,,,,,,,5.29,literature (manufacturer datasheet),,,,,,,specs,CDGM-optical,365.0,2325.0,D-ZLAF85LS-25,,1.8490830493550612,2.01897e-08,,,,,density 5.29 g/cm3 stated by the manufacturer's datasheet (D-ZLAF85LS-25); formula NULL: a catalog optical glass (composition proprietary); no x-ray / neutron SLD,,,,,,CDGM Zemax catalog 2022-06 (obtained from http://www.cdgmgd.com)See also CDGM optical glass data sheets,,,2022.0,optical glass,CDGM-optical/D-ZLAF85LS-25,1.85344,40.557917,853406,,-0.008,8.1e-06,293 573,,anneal rate:25°C/h
1241,CDGM H-ZLAF89L,,,,,,,,,,,,5.1,literature (manufacturer datasheet),,,,,,,specs,CDGM-optical,365.0,2325.0,H-ZLAF89L,,1.9477262145370375,2.01897e-08,,,,,density 5.1 g/cm3 stated by the manufacturer's datasheet (H-ZLAF89L); formula NULL: a catalog optical glass (composition proprietary); no x-ray / neutron SLD,,,,,,CDGM Zemax catalog 2022-06 (obtained from http://www.cdgmgd.com)See also CDGM optical glass data sheets,,,2022.0,optical glass,CDGM-optical/H-ZLAF89L,1.95375,32.30879,954323,,-0.0001,7.2e-06,243 343,,
1242,CDGM H-ZLAF90,,,,,,,,,,,,4.74,literature (manufacturer datasheet),,,,,,,specs,CDGM-optical,404.7,2325.0,H-ZLAF90,,1.992779347627708,4.029668e-08,,,,,density 4.74 g/cm3 stated by the manufacturer's datasheet (H-ZLAF90); formula NULL: a catalog optical glass (composition proprietary); no x-ray / neutron SLD,,,,,,CDGM Zemax catalog 2022-06 (obtained from http://www.cdgmgd.com)See also CDGM optical glass data sheets,,,2022.0,optical glass,CDGM-optical/H-ZLAF90,2.00069,25.425752,001254,,0.0117,7e-06,243 343,,
1243,CDGM H-ZLAF92,,,,,,,,,,,,5.02,literature (manufacturer datasheet),,,,,,,specs,CDGM-optical,365.0,2325.0,H-ZLAF92,,1.996127439312788,1.084066e-07,,,,,density 5.02 g/cm3 stated by the manufacturer's datasheet (H-ZLAF92); formula NULL: a catalog optical glass (composition proprietary); no x-ray / neutron SLD,,,,,,CDGM Zemax catalog 2022-06 (obtained from http://www.cdgmgd.com)See also CDGM optical glass data sheets,,,2022.0,optical glass,CDGM-optical/H-ZLAF92,2.0033,28.316305,003283,,0.0057,6.9e-06,243 343,,
1244,HOYA E-C3,,,,,,,,,,,,2.53,literature (manufacturer datasheet),,,,,,,specs,HOYA-optical,365.01,1013.9800000000001,E-C3,,1.5163742177457222,2.361906e-08,,,,,density 2.53 g/cm3 stated by the manufacturer's datasheet (E-C3); formula NULL: a catalog optical glass (composition proprietary); no x-ray / neutron SLD,,,,,,HOYA Zemax catalog 2017-04-01 (obtained from http://www.hoya-opticalworld.com),,,2017.0,optical glass,HOYA-optical/E-C3,1.51823,58.96,518590,,0.002,9.9e-06,243 343,,General glass Type
1245,HOYA BSC7,,,,,,,,,,,,2.52,literature (manufacturer datasheet),,,,,,,specs,HOYA-optical,365.01,1013.9800000000001,BSC7,,1.5150795807774164,5.039745999999999e-09,,,,,density 2.52 g/cm3 stated by the manufacturer's datasheet (BSC7); formula NULL: a catalog optical glass (composition proprietary); no x-ray / neutron SLD,,,,,,HOYA Zemax catalog 2017-04-01 (obtained from http://www.hoya-opticalworld.com),,,2017.0,optical glass,HOYA-optical/BSC7,1.5168,64.2,517642,,0.0016,7.6e-06,243 343,,General glass Type
1246,HOYA BAC4,,,,,,,,,,,,2.85,literature (manufacturer datasheet),,,,,,,specs,HOYA-optical,365.01,1013.9800000000001,BAC4,,1.5666899635956582,2.198978e-08,,,,,density 2.85 g/cm3 stated by the manufacturer's datasheet (BAC4); formula NULL: a catalog optical glass (composition proprietary); no x-ray / neutron SLD,,,,,,HOYA Zemax catalog 2017-04-01 (obtained from http://www.hoya-opticalworld.com),,,2017.0,optical glass,HOYA-optical/BAC4,1.56883,56.04,569560,,0.001,5.3e-06,243 343,,General glass Type
1247,HOYA BACD2,,,,,,,,,,,,3.53,literature (manufacturer datasheet),,,,,,,specs,HOYA-optical,365.01,1013.9800000000001,BACD2,,1.605130070704612,1.188124e-08,,,,,density 3.53 g/cm3 stated by the manufacturer's datasheet (BACD2); formula NULL: a catalog optical glass (composition proprietary); no x-ray / neutron SLD,,,,,,HOYA Zemax catalog 2017-04-01 (obtained from http://www.hoya-opticalworld.com),,,2017.0,optical glass,HOYA-optical/BACD2,1.60738,56.71,607567,,0.002,6.3e-06,243 343,special,Not in a position to accept new order because of discontinuation.
1248,HOYA BACD4,,,,,,,,,,,,3.58,literature (manufacturer datasheet),,,,,,,specs,HOYA-optical,365.01,1013.9800000000001,BACD4,,1.6105097463625537,5.039745999999999e-09,,,,,density 3.58 g/cm3 stated by the manufacturer's datasheet (BACD4); formula NULL: a catalog optical glass (composition proprietary); no x-ray / neutron SLD,,,,,,HOYA Zemax catalog 2017-04-01 (obtained from http://www.hoya-opticalworld.com),,,2017.0,optical glass,HOYA-optical/BACD4,1.61272,58.58,613586,,0.0019,6.6e-06,243 343,special,Not in a position to accept new order because of discontinuation.
1249,HOYA BACD5,,,,,,,,,,,,3.27,literature (manufacturer datasheet),,,,,,,specs,HOYA-optical,365.01,1013.9800000000001,BACD5,,1.5870873320353738,5.039745999999999e-09,,,,,density 3.27 g/cm3 stated by the manufacturer's datasheet (BACD5); formula NULL: a catalog optical glass (composition proprietary); no x-ray / neutron SLD,,,,,,HOYA Zemax catalog 2017-04-01 (obtained from http://www.hoya-opticalworld.com),,,2017.0,optical glass,HOYA-optical/BACD5,1.58913,61.25,589613,589612,0.0024,5.5e-06,243 343,,General glass Type
1250,HOYA BACD11,,,,,,,,,,,,3.07,literature (manufacturer datasheet),,,,,,,specs,HOYA-optical,365.01,1013.9800000000001,BACD11,,1.5618756901117683,5.039745999999999e-09,,,,,density 3.07 g/cm3 stated by the manufacturer's datasheet (BACD11); formula NULL: a catalog optical glass (composition proprietary); no x-ray / neutron SLD,,,,,,HOYA Zemax catalog 2017-04-01 (obtained from http://www.hoya-opticalworld.com),,,2017.0,optical glass,HOYA-optical/BACD11,1.56384,60.83,564608,,0.002,6.6e-06,243 343,special,Not in a position to accept new order because of discontinuation.
1251,HOYA BACD14,,,,,,,,,,,,3.43,literature (manufacturer datasheet),,,,,,,specs,HOYA-optical,365.01,1013.9800000000001,BACD14,,1.6010089985467846,1.513436e-08,,,,,density 3.43 g/cm3 stated by the manufacturer's datasheet (BACD14); formula NULL: a catalog optical glass (composition proprietary); no x-ray / neutron SLD,,,,,,HOYA Zemax catalog 2017-04-01 (obtained from http://www.hoya-opticalworld.com),,,2017.0,optical glass,HOYA-optical/BACD14,1.60311,60.69,603607,,0.0019,6e-06,243 343,,General glass Type
1252,HOYA BACD15,,,,,,,,,,,,3.55,literature (manufacturer datasheet),,,,,,,specs,HOYA-optical,365.01,1013.9800000000001,BACD15,,1.6207261765006267,1.513436e-08,,,,,density 3.55 g/cm3 stated by the manufacturer's datasheet (BACD15); formula NULL: a catalog optical glass (composition proprietary); no x-ray / neutron SLD,,,,,,HOYA Zemax catalog 2017-04-01 (obtained from http://www.hoya-opticalworld.com),,,2017.0,optical glass,HOYA-optical/BACD15,1.62299,58.12,623581,,0.0008,6.1e-06,243 343,,General glass Type
1253,HOYA BACD16,,,,,,,,,,,,3.52,literature (manufacturer datasheet),,,,,,,specs,HOYA-optical,365.01,1013.9800000000001,BACD16,,1.6182286574972236,5.039745999999999e-09,,,,,density 3.52 g/cm3 stated by the manufacturer's datasheet (BACD16); formula NULL: a catalog optical glass (composition proprietary); no x-ray / neutron SLD,,,,,,HOYA Zemax catalog 2017-04-01 (obtained from http://www.hoya-opticalworld.com),,,2017.0,optical glass,HOYA-optical/BACD16,1.62041,60.34,620603,,-0.0003,6e-06,243 343,,General glass Type
1254,HOYA BACD18,,,,,,,,,,,,3.66,literature (manufacturer datasheet),,,,,,,specs,HOYA-optical,365.01,1013.9800000000001,BACD18,,1.6361164465950753,1.3507086e-08,,,,,density 3.66 g/cm3 stated by the manufacturer's datasheet (BACD18); formula NULL: a catalog optical glass (composition proprietary); no x-ray / neutron SLD,,,,,,HOYA Zemax catalog 2017-04-01 (obtained from http://www.hoya-opticalworld.com),,,2017.0,optical glass,HOYA-optical/BACD18,1.63854,55.45,639555,639554,-0.0011,6.9e-06,243 343,,General glass Type
1255,HOYA E-BACD10,,,,,,,,,,,,3.66,literature (manufacturer datasheet),,,,,,,specs,HOYA-optical,365.01,1013.9800000000001,E-BACD10,,1.6204970022199534,5.039745999999999e-09,,,,,density 3.66 g/cm3 stated by the manufacturer's datasheet (E-BACD10); formula NULL: a catalog optical glass (composition proprietary); no x-ray / neutron SLD,,,,,,HOYA Zemax catalog 2017-04-01 (obtained from http://www.hoya-opticalworld.com),,,2017.0,optical glass,HOYA-optical/E-BACD10,1.6228,56.91,623569,,0.0012,6.7e-06,243 343,special,Not in a position to accept new order because of discontinuation.
1256,HOYA M-BACD5N,,,,,,,,,,,,2.82,literature (manufacturer datasheet),,,,,,,specs,HOYA-optical,365.01,1013.9800000000001,M-BACD5N,,1.587084629100242,5.039745999999999e-09,,,,,density 2.82 g/cm3 stated by the manufacturer's datasheet (M-BACD5N); formula NULL: a catalog optical glass (composition proprietary); no x-ray / neutron SLD,,,,,,HOYA Zemax catalog 2017-04-01 (obtained from http://www.hoya-opticalworld.com),,,2017.0,optical glass,HOYA-optical/M-BACD5N,1.58913,61.25,589613,589612,-0.0007,6.6e-06,243 343,standard,Glass for molded optics lens
1257,HOYA M-BACD12,,,,,,,,,,,,3.01,literature (manufacturer datasheet),,,,,,,specs,HOYA-optical,365.01,1013.9800000000001,M-BACD12,,1.5810521364641552,5.039745999999999e-09,,,,,density 3.01 g/cm3 stated by the manufacturer's datasheet (M-BACD12); formula NULL: a catalog optical glass (composition proprietary); no x-ray / neutron SLD,,,,,,HOYA Zemax catalog 2017-04-01 (obtained from http://www.hoya-opticalworld.com),,,2017.0,optical glass,HOYA-optical/M-BACD12,1.58313,59.46,583595,,-0.0008,6.9e-06,243 343,standard,Glass for molded optics lens
1258,HOYA M-BACD15,,,,,,,,,,,,3.02,literature (manufacturer datasheet),,,,,,,specs,HOYA-optical,365.01,1013.9800000000001,M-BACD15,,1.6203519241291715,2.01897e-08,,,,,density 3.02 g/cm3 stated by the manufacturer's datasheet (M-BACD15); formula NULL: a catalog optical glass (composition proprietary); no x-ray / neutron SLD,,,,,,HOYA Zemax catalog 2017-04-01 (obtained from http://www.hoya-opticalworld.com),,,2017.0,optical glass,HOYA-optical/M-BACD15,1.62263,58.16,623582,,-0.0045,6.3e-06,243 343,standard,Glass for molded optics lens
1259,HOYA MC-BACD5N,,,,,,,,,,,,2.82,literature (manufacturer datasheet),,,,,,,specs,HOYA-optical,365.01,1013.9800000000001,MC-BACD5N,,1.587084629100242,1.513436e-08,,,,,density 2.82 g/cm3 stated by the manufacturer's datasheet (MC-BACD5N); formula NULL: a catalog optical glass (composition proprietary); no x-ray / neutron SLD,,,,,,HOYA Zemax catalog 2017-04-01 (obtained from http://www.hoya-opticalworld.com),,,2017.0,optical glass,HOYA-optical/MC-BACD5N,1.58913,61.25,589613,589612,-0.0007,6.6e-06,243 343,standard,Preforms for Precision molding
1260,HOYA MC-BACD12,,,,,,,,,,,,3.01,literature (manufacturer datasheet),,,,,,,specs,HOYA-optical,365.01,1013.9800000000001,MC-BACD12,,1.5810521364641552,1.1711599999999999e-08,,,,,density 3.01 g/cm3 stated by the manufacturer's datasheet (MC-BACD12); formula NULL: a catalog optical glass (composition proprietary); no x-ray / neutron SLD,,,,,,HOYA Zemax catalog 2017-04-01 (obtained from http://www.hoya-opticalworld.com),,,2017.0,optical glass,HOYA-optical/MC-BACD12,1.58313,59.46,583595,,-0.0008,6.9e-06,243 343,standard,Preforms for Precision molding
1261,HOYA MP-BACD5N,,,,,,,,,,,,2.82,literature (manufacturer datasheet),,,,,,,specs,HOYA-optical,365.01,1013.9800000000001,MP-BACD5N,,1.587084629100242,5.039745999999999e-09,,,,,density 2.82 g/cm3 stated by the manufacturer's datasheet (MP-BACD5N); formula NULL: a catalog optical glass (composition proprietary); no x-ray / neutron SLD,,,,,,HOYA Zemax catalog 2017-04-01 (obtained from http://www.hoya-opticalworld.com),,,2017.0,optical glass,HOYA-optical/MP-BACD5N,1.58913,61.25,589613,589612,-0.0007,6.6e-06,243 343,standard,Preforms for Precision molding
1262,HOYA MP-BACD12,,,,,,,,,,,,3.01,literature (manufacturer datasheet),,,,,,,specs,HOYA-optical,365.01,1013.9800000000001,MP-BACD12,,1.5810521364641552,5.039745999999999e-09,,,,,density 3.01 g/cm3 stated by the manufacturer's datasheet (MP-BACD12); formula NULL: a catalog optical glass (composition proprietary); no x-ray / neutron SLD,,,,,,HOYA Zemax catalog 2017-04-01 (obtained from http://www.hoya-opticalworld.com),,,2017.0,optical glass,HOYA-optical/MP-BACD12,1.58313,59.46,583595,,-0.0008,6.9e-06,243 343,standard,Preforms for Precision molding
1263,HOYA MP-BACD15,,,,,,,,,,,,3.02,literature (manufacturer datasheet),,,,,,,specs,HOYA-optical,365.01,1013.9800000000001,MP-BACD15,,1.6203519241291715,2.01897e-08,,,,,density 3.02 g/cm3 stated by the manufacturer's datasheet (MP-BACD15); formula NULL: a catalog optical glass (composition proprietary); no x-ray / neutron SLD,,,,,,HOYA Zemax catalog 2017-04-01 (obtained from http://www.hoya-opticalworld.com),,,2017.0,optical glass,HOYA-optical/MP-BACD15,1.62263,58.16,623582,,-0.0045,6.3e-06,243 343,standard,Preforms for Precision molding
1264,HOYA BACED5,,,,,,,,,,,,3.64,literature (manufacturer datasheet),,,,,,,specs,HOYA-optical,365.01,1013.9800000000001,BACED5,,1.6557264846143847,2.198978e-08,,,,,density 3.64 g/cm3 stated by the manufacturer's datasheet (BACED5); formula NULL: a catalog optical glass (composition proprietary); no x-ray / neutron SLD,,,,,,HOYA Zemax catalog 2017-04-01 (obtained from http://www.hoya-opticalworld.com),,,2017.0,optical glass,HOYA-optical/BACED5,1.65844,50.86,658509,,0.0008,7.2e-06,243 343,,General glass Type
1265,HOYA E-BACED20,,,,,,,,,,,,3.68,literature (manufacturer datasheet),,,,,,,specs,HOYA-optical,365.01,1013.9800000000001,E-BACED20,,1.6459369661122867,1.513436e-08,,,,,density 3.68 g/cm3 stated by the manufacturer's datasheet (E-BACED20); formula NULL: a catalog optical glass (composition proprietary); no x-ray / neutron SLD,,,,,,HOYA Zemax catalog 2017-04-01 (obtained from http://www.hoya-opticalworld.com),,,2017.0,optical glass,HOYA-optical/E-BACED20,1.6485,53.03,649530,,-0.0008,7e-06,243 343,special,Not in a position to accept new order because of discontinuation.
1266,HOYA FC5,,,,,,,,,,,,2.45,literature (manufacturer datasheet),,,,,,,specs,HOYA-optical,365.01,1013.9800000000001,FC5,,1.4860077742606042,8.458480000000001e-09,,,,,density 2.45 g/cm3 stated by the manufacturer's datasheet (FC5); formula NULL: a catalog optical glass (composition proprietary); no x-ray / neutron SLD,,,,,,HOYA Zemax catalog 2017-04-01 (obtained from http://www.hoya-opticalworld.com),,,2017.0,optical glass,HOYA-optical/FC5,1.48749,70.45,487704,,0.0092,9.3e-06,243 343,,General glass Type
1267,HOYA FCD1,,,,,,,,,,,,3.7,literature (manufacturer datasheet),,,,,,,specs,HOYA-optical,365.01,1013.9800000000001,FCD1,,1.4957058141079638,8.458480000000001e-09,,,,,density 3.7 g/cm3 stated by the manufacturer's datasheet (FCD1); formula NULL: a catalog optical glass (composition proprietary); no x-ray / neutron SLD,,,,,,HOYA Zemax catalog 2017-04-01 (obtained from http://www.hoya-opticalworld.com),,,2017.0,optical glass,HOYA-optical/FCD1,1.497,81.61,497816,,0.0375,1.32e-05,243 343,standard,Recommended glass type
1268,HOYA FCD1B,,,,,,,,,,,,3.64,literature (manufacturer datasheet),,,,,,,specs,HOYA-optical,365.01,1013.9800000000001,FCD1B,,1.4958100355383677,8.458480000000001e-09,,,,,density 3.64 g/cm3 stated by the manufacturer's datasheet (FCD1B); formula NULL: a catalog optical glass (composition proprietary); no x-ray / neutron SLD,,,,,,HOYA Zemax catalog 2017-04-01 (obtained from http://www.hoya-opticalworld.com),,,2017.0,optical glass,HOYA-optical/FCD1B,1.4971,81.56,497816,,0.0369,1.29e-05,243 343,,General glass Type
1269,HOYA FCD10,,,,,,,,,,,,3.6,literature (manufacturer datasheet),,,,,,,specs,HOYA-optical,365.01,1013.9800000000001,FCD10,,1.4554248257772817,1.0084326000000001e-08,,,,,density 3.6 g/cm3 stated by the manufacturer's datasheet (FCD10); formula NULL: a catalog optical glass (composition proprietary); no x-ray / neutron SLD,,,,,,HOYA Zemax catalog 2017-04-01 (obtained from http://www.hoya-opticalworld.com),,,2017.0,optical glass,HOYA-optical/FCD10,1.4565,90.27,457903,456903,0.049,1.34e-05,243 343,special,Not in a position to accept new order because of discontinuation.
1270,HOYA FCD10A,,,,,,,,,,,,3.63,literature (manufacturer datasheet),,,,,,,specs,HOYA-optical,365.01,1013.9800000000001,FCD10A,,1.4575157673088792,5.039745999999999e-09,,,,,density 3.63 g/cm3 stated by the manufacturer's datasheet (FCD10A); formula NULL: a catalog optical glass (composition proprietary); no x-ray / neutron SLD,,,,,,HOYA Zemax catalog 2017-04-01 (obtained from http://www.hoya-opticalworld.com),,,2017.0,optical glass,HOYA-optical/FCD10A,1.4586,90.2,459902,,0.0494,1.33e-05,243 343,standard,Recommended glass type
1271,HOYA FCD100,,,,,,,,,,,,3.53,literature (manufacturer datasheet),,,,,,,specs,HOYA-optical,365.01,1013.9800000000001,FCD100,,1.4360217745985764,5.039745999999999e-09,,,,,density 3.53 g/cm3 stated by the manufacturer's datasheet (FCD100); formula NULL: a catalog optical glass (composition proprietary); no x-ray / neutron SLD,,,,,,HOYA Zemax catalog 2017-04-01 (obtained from http://www.hoya-opticalworld.com),,,2017.0,optical glass,HOYA-optical/FCD100,1.437,95.1,437951,,0.0564,1.39e-05,243 343,standard,Recommended glass type
1272,HOYA FCD505,,,,,,,,,,,,4.2,literature (manufacturer datasheet),,,,,,,specs,HOYA-optical,365.01,1013.9800000000001,FCD505,,1.5910032158629446,1.513436e-08,,,,,density 4.2 g/cm3 stated by the manufacturer's datasheet (FCD505); formula NULL: a catalog optical glass (composition proprietary); no x-ray / neutron SLD,,,,,,HOYA Zemax catalog 2017-04-01 (obtained from http://www.hoya-opticalworld.com),,,2017.0,optical glass,HOYA-optical/FCD505,1.59282,68.63,593686,,0.0194,1.15e-05,243 343,special,Not in a position to accept new order because of discontinuation.
1273,HOYA FCD515,,,,,,,,,,,,4.13,literature (manufacturer datasheet),,,,,,,specs,HOYA-optical,365.01,1013.9800000000001,FCD515,,1.5910032158629446,1.3507086e-08,,,,,density 4.13 g/cm3 stated by the manufacturer's datasheet (FCD515); formula NULL: a catalog optical glass (composition proprietary); no x-ray / neutron SLD,,,,,,HOYA Zemax catalog 2017-04-01 (obtained from http://www.hoya-opticalworld.com),,,2017.0,optical glass,HOYA-optical/FCD515,1.59282,68.63,593686,,0.0194,1.11e-05,243 343,standard,Recommended glass type
1274,HOYA FCD705,,,,,,,,,,,,4.09,literature (manufacturer datasheet),,,,,,,specs,HOYA-optical,365.01,1013.9800000000001,FCD705,,1.5487793119215967,2.542244e-08,,,,,density 4.09 g/cm3 stated by the manufacturer's datasheet (FCD705); formula NULL: a catalog optical glass (composition proprietary); no x-ray / neutron SLD,,,,,,HOYA Zemax catalog 2017-04-01 (obtained from http://www.hoya-opticalworld.com),,,2017.0,optical glass,HOYA-optical/FCD705,1.55032,75.5,550755,,0.0277,1.22e-05,243 343,standard,Recommended glass type
1275,HOYA M-FCD1,,,,,,,,,,,,3.64,literature (manufacturer datasheet),,,,,,,specs,HOYA-optical,365.01,1013.9800000000001,M-FCD1,,1.4958100355383677,8.458480000000001e-09,,,,,density 3.64 g/cm3 stated by the manufacturer's datasheet (M-FCD1); formula NULL: a catalog optical glass (composition proprietary); no x-ray / neutron SLD,,,,,,HOYA Zemax catalog 2017-04-01 (obtained from http://www.hoya-opticalworld.com),,,2017.0,optical glass,HOYA-optical/M-FCD1,1.4971,81.56,497816,,0.0369,1.29e-05,243 343,standard,Glass for molded optics lens
1276,HOYA M-FCD500,,,,,,,,,,,,3.66,literature (manufacturer datasheet),,,,,,,specs,HOYA-optical,365.01,1013.9800000000001,M-FCD500,,1.5516874976314132,8.458480000000001e-09,,,,,density 3.66 g/cm3 stated by the manufacturer's datasheet (M-FCD500); formula NULL: a catalog optical glass (composition proprietary); no x-ray / neutron SLD,,,,,,HOYA Zemax catalog 2017-04-01 (obtained from http://www.hoya-opticalworld.com),,,2017.0,optical glass,HOYA-optical/M-FCD500,1.55332,71.68,553717,,0.0211,1.24e-05,243 343,standard,Glass for molded optics lens
1277,HOYA MC-FCD1-M20,,,,,,,,,,,,3.64,literature (manufacturer datasheet),,,,,,,specs,HOYA-optical,365.01,1013.9800000000001,MC-FCD1-M20,,1.4956077148919655,8.458480000000001e-09,,,,,density 3.64 g/cm3 stated by the manufacturer's datasheet (MC-FCD1-M20); formula NULL: a catalog optical glass (composition proprietary); no x-ray / neutron SLD,,,,,,HOYA Zemax catalog 2017-04-01 (obtained from http://www.hoya-opticalworld.com),,,2017.0,optical glass,HOYA-optical/MC-FCD1-M20,1.4969,81.53,497815,,0.0346,1.29e-05,243 343,standard,Preforms for Precision molding
1278,HOYA MC-FCD500-20,,,,,,,,,,,,3.66,literature (manufacturer datasheet),,,,,,,specs,HOYA-optical,365.01,1013.9800000000001,MC-FCD500-20,,1.5518855225164034,8.458480000000001e-09,,,,,density 3.66 g/cm3 stated by the manufacturer's datasheet (MC-FCD500-20); formula NULL: a catalog optical glass (composition proprietary); no x-ray / neutron SLD,,,,,,HOYA Zemax catalog 2017-04-01 (obtained from http://www.hoya-opticalworld.com),,,2017.0,optical glass,HOYA-optical/MC-FCD500-20,1.55352,71.72,554717,,0.0207,1.24e-05,243 343,standard,Preforms for Precision molding
1279,HOYA MP-FCD1-M20,,,,,,,,,,,,3.64,literature (manufacturer datasheet),,,,,,,specs,HOYA-optical,365.01,1013.9800000000001,MP-FCD1-M20,,1.4956077148919655,8.458480000000001e-09,,,,,density 3.64 g/cm3 stated by the manufacturer's datasheet (MP-FCD1-M20); formula NULL: a catalog optical glass (composition proprietary); no x-ray / neutron SLD,,,,,,HOYA Zemax catalog 2017-04-01 (obtained from http://www.hoya-opticalworld.com),,,2017.0,optical glass,HOYA-optical/MP-FCD1-M20,1.4969,81.53,497815,,0.0346,1.29e-05,243 343,standard,Preforms for Precision molding
1280,HOYA MP-FCD500-20,,,,,,,,,,,,3.66,literature (manufacturer datasheet),,,,,,,specs,HOYA-optical,365.01,1013.9800000000001,MP-FCD500-20,,1.5518855225164034,8.458480000000001e-09,,,,,density 3.66 g/cm3 stated by the manufacturer's datasheet (MP-FCD500-20); formula NULL: a catalog optical glass (composition proprietary); no x-ray / neutron SLD,,,,,,HOYA Zemax catalog 2017-04-01 (obtained from http://www.hoya-opticalworld.com),,,2017.0,optical glass,HOYA-optical/MP-FCD500-20,1.55352,71.72,554717,,0.0207,1.24e-05,243 343,standard,Preforms for Precision molding
1281,HOYA LAC7,,,,,,,,,,,,3.62,literature (manufacturer datasheet),,,,,,,specs,HOYA-optical,365.01,1013.9800000000001,LAC7,,1.6492407335896586,5.039745999999999e-09,,,,,density 3.62 g/cm3 stated by the manufacturer's datasheet (LAC7); formula NULL: a catalog optical glass (composition proprietary); no x-ray / neutron SLD,,,,,,HOYA Zemax catalog 2017-04-01 (obtained from http://www.hoya-opticalworld.com),,,2017.0,optical glass,HOYA-optical/LAC7,1.6516,58.4,652584,,-0.0035,6.9e-06,243 343,special,Not in a position to accept new order because of discontinuation.
1282,HOYA LAC8,,,,,,,,,,,,3.81,literature (manufacturer datasheet),,,,,,,specs,HOYA-optical,365.01,1013.9800000000001,LAC8,,1.710205957990821,1.3507086e-08,,,,,density 3.81 g/cm3 stated by the manufacturer's datasheet (LAC8); formula NULL: a catalog optical glass (composition proprietary); no x-ray / neutron SLD,,,,,,HOYA Zemax catalog 2017-04-01 (obtained from http://www.hoya-opticalworld.com),,,2017.0,optical glass,HOYA-optical/LAC8,1.713,53.94,713539,,-0.007,5.9e-06,243 343,standard,Recommended glass type
1283,HOYA LAC9,,,,,,,,,,,,3.65,literature (manufacturer datasheet),,,,,,,specs,HOYA-optical,365.01,1013.9800000000001,LAC9,,1.6883230830852007,5.039745999999999e-09,,,,,density 3.65 g/cm3 stated by the manufacturer's datasheet (LAC9); formula NULL: a catalog optical glass (composition proprietary); no x-ray / neutron SLD,,,,,,HOYA Zemax catalog 2017-04-01 (obtained from http://www.hoya-opticalworld.com),,,2017.0,optical glass,HOYA-optical/LAC9,1.691,54.69,691547,,-0.008,5.8e-06,243 343,special,Not in a position to accept new order because of discontinuation.
1284,HOYA LAC10,,,,,,,,,,,,3.87,literature (manufacturer datasheet),,,,,,,specs,HOYA-optical,365.01,1013.9800000000001,LAC10,,1.7169927990316813,2.01897e-08,,,,,density 3.87 g/cm3 stated by the manufacturer's datasheet (LAC10); formula NULL: a catalog optical glass (composition proprietary); no x-ray / neutron SLD,,,,,,HOYA Zemax catalog 2017-04-01 (obtained from http://www.hoya-opticalworld.com),,,2017.0,optical glass,HOYA-optical/LAC10,1.72,50.34,720503,,-0.0075,7.4e-06,243 343,special,Not in a position to accept new order because of discontinuation.
1285,HOYA LAC12,,,,,,,,,,,,3.8,literature (manufacturer datasheet),,,,,,,specs,HOYA-optical,365.01,1013.9800000000001,LAC12,,1.6753262333671166,5.039745999999999e-09,,,,,density 3.8 g/cm3 stated by the manufacturer's datasheet (LAC12); formula NULL: a catalog optical glass (composition proprietary); no x-ray / neutron SLD,,,,,,HOYA Zemax catalog 2017-04-01 (obtained from http://www.hoya-opticalworld.com),,,2017.0,optical glass,HOYA-optical/LAC12,1.6779,55.52,678555,,-0.0031,7.7e-06,243 343,special,Not in a position to accept new order because of discontinuation.
1286,HOYA LAC13,,,,,,,,,,,,3.56,literature (manufacturer datasheet),,,,,,,specs,HOYA-optical,365.01,1013.9800000000001,LAC13,,1.6907592025833296,1.0084326000000001e-08,,,,,density 3.56 g/cm3 stated by the manufacturer's datasheet (LAC13); formula NULL: a catalog optical glass (composition proprietary); no x-ray / neutron SLD,,,,,,HOYA Zemax catalog 2017-04-01 (obtained from http://www.hoya-opticalworld.com),,,2017.0,optical glass,HOYA-optical/LAC13,1.6935,53.34,694533,,-0.0066,5.3e-06,243 343,special,Not in a position to accept new order because of discontinuation.
1287,HOYA LAC14,,,,,,,,,,,,3.67,literature (manufacturer datasheet),,,,,,,specs,HOYA-optical,365.01,1013.9800000000001,LAC14,,1.6941407916649467,6.665592e-09,,,,,density 3.67 g/cm3 stated by the manufacturer's datasheet (LAC14); formula NULL: a catalog optical glass (composition proprietary); no x-ray / neutron SLD,,,,,,HOYA Zemax catalog 2017-04-01 (obtained from http://www.hoya-opticalworld.com),,,2017.0,optical glass,HOYA-optical/LAC14,1.6968,55.46,697555,,-0.0059,5.6e-06,243 343,standard,Recommended glass type
1288,HOYA M-LAC8,,,,,,,,,,,,3.9,literature (manufacturer datasheet),,,,,,,specs,HOYA-optical,365.01,1013.9800000000001,M-LAC8,,1.7102121726891888,1.513436e-08,,,,,density 3.9 g/cm3 stated by the manufacturer's datasheet (M-LAC8); formula NULL: a catalog optical glass (composition proprietary); no x-ray / neutron SLD,,,,,,HOYA Zemax catalog 2017-04-01 (obtained from http://www.hoya-opticalworld.com),,,2017.0,optical glass,HOYA-optical/M-LAC8,1.713,53.94,713539,,-0.0064,6.3e-06,243 343,special,Not in a position to accept new order because of discontinuation.
1289,HOYA M-LAC14,,,,,,,,,,,,3.7,literature (manufacturer datasheet),,,,,,,specs,HOYA-optical,365.01,1013.9800000000001,M-LAC14,,1.69413997985776,5.039745999999999e-09,,,,,density 3.7 g/cm3 stated by the manufacturer's datasheet (M-LAC14); formula NULL: a catalog optical glass (composition proprietary); no x-ray / neutron SLD,,,,,,HOYA Zemax catalog 2017-04-01 (obtained from http://www.hoya-opticalworld.com),,,2017.0,optical glass,HOYA-optical/M-LAC14,1.6968,55.46,697555,,-0.0059,6.5e-06,243 343,standard,Glass for molded optics lens
1290,HOYA M-LAC130,,,,,,,,,,,,3.52,literature (manufacturer datasheet),,,,,,,specs,HOYA-optical,365.01,1013.9800000000001,M-LAC130,,1.6907508717170878,5.039745999999999e-09,,,,,density 3.52 g/cm3 stated by the manufacturer's datasheet (M-LAC130); formula NULL: a catalog optical glass (composition proprietary); no x-ray / neutron SLD,,,,,,HOYA Zemax catalog 2017-04-01 (obtained from http://www.hoya-opticalworld.com),,,2017.0,optical glass,HOYA-optical/M-LAC130,1.6935,53.2,694532,,-0.0059,6.5e-06,243 343,standard,Glass for molded optics lens
1291,HOYA MC-LAC130,,,,,,,,,,,,3.52,literature (manufacturer datasheet),,,,,,,specs,HOYA-optical,365.01,1013.9800000000001,MC-LAC130,,1.6907508717170878,6.665592e-09,,,,,density 3.52 g/cm3 stated by the manufacturer's datasheet (MC-LAC130); formula NULL: a catalog optical glass (composition proprietary); no x-ray / neutron SLD,,,,,,HOYA Zemax catalog 2017-04-01 (obtained from http://www.hoya-opticalworld.com),,,2017.0,optical glass,HOYA-optical/MC-LAC130,1.6935,53.2,694532,,-0.0059,6.5e-06,243 343,standard,Preforms for Precision molding
1292,HOYA MP-LAC8-30,,,,,,,,,,,,3.9,literature (manufacturer datasheet),,,,,,,specs,HOYA-optical,365.01,1013.9800000000001,MP-LAC8-30,,1.7105116630882484,1.513436e-08,,,,,density 3.9 g/cm3 stated by the manufacturer's datasheet (MP-LAC8-30); formula NULL: a catalog optical glass (composition proprietary); no x-ray / neutron SLD,,,,,,HOYA Zemax catalog 2017-04-01 (obtained from http://www.hoya-opticalworld.com),,,2017.0,optical glass,HOYA-optical/MP-LAC8-30,1.7133,53.95,713539,713540,-0.0064,6.3e-06,243 343,special,Not in a position to accept new order because of discontinuation.
1293,HOYA MP-LAC14-80,,,,,,,,,,,,3.7,literature (manufacturer datasheet),,,,,,,specs,HOYA-optical,365.01,1013.9800000000001,MP-LAC14-80,,1.6949392034712625,5.039745999999999e-09,,,,,density 3.7 g/cm3 stated by the manufacturer's datasheet (MP-LAC14-80); formula NULL: a catalog optical glass (composition proprietary); no x-ray / neutron SLD,,,,,,HOYA Zemax catalog 2017-04-01 (obtained from http://www.hoya-opticalworld.com),,,2017.0,optical glass,HOYA-optical/MP-LAC14-80,1.6976,55.51,698555,,-0.0059,6.5e-06,243 343,standard,Preforms for Precision molding
1294,HOYA MP-LAC130,,,,,,,,,,,,3.52,literature (manufacturer datasheet),,,,,,,specs,HOYA-optical,365.01,1013.9800000000001,MP-LAC130,,1.6907508717170878,5.039745999999999e-09,,,,,density 3.52 g/cm3 stated by the manufacturer's datasheet (MP-LAC130); formula NULL: a catalog optical glass (composition proprietary); no x-ray / neutron SLD,,,,,,HOYA Zemax catalog 2017-04-01 (obtained from http://www.hoya-opticalworld.com),,,2017.0,optical glass,HOYA-optical/MP-LAC130,1.6935,53.2,694532,,-0.0059,6.5e-06,243 343,standard,Preforms for Precision molding
1295,HOYA LACL60,,,,,,,,,,,,3.02,literature (manufacturer datasheet),,,,,,,specs,HOYA-optical,365.01,1013.9800000000001,LACL60,,1.6377372947109579,1.513436e-08,,,,,density 3.02 g/cm3 stated by the manufacturer's datasheet (LACL60); formula NULL: a catalog optical glass (composition proprietary); no x-ray / neutron SLD,,,,,,HOYA Zemax catalog 2017-04-01 (obtained from http://www.hoya-opticalworld.com),,,2017.0,optical glass,HOYA-optical/LACL60,1.64,60.2,640602,,-0.0039,6e-06,243 343,special,Not in a position to accept new order because of discontinuation.
1296,HOYA LBC3N,,,,,,,,,,,,3.84,literature (manufacturer datasheet),,,,,,,specs,HOYA-optical,365.01,1013.9800000000001,LBC3N,,1.6042417639568822,1.6933146e-08,,,,,density 3.84 g/cm3 stated by the manufacturer's datasheet (LBC3N); formula NULL: a catalog optical glass (composition proprietary); no x-ray / neutron SLD,,,,,,HOYA Zemax catalog 2017-04-01 (obtained from http://www.hoya-opticalworld.com),,,2017.0,optical glass,HOYA-optical/LBC3N,1.60625,63.71,606637,,0.0108,1.24e-05,243 343,special,Not in a position to accept new order because of discontinuation.
1297,HOYA PCD4,,,,,,,,,,,,3.52,literature (manufacturer datasheet),,,,,,,specs,HOYA-optical,365.01,1013.9800000000001,PCD4,,1.6159346648533663,5.039745999999999e-09,,,,,density 3.52 g/cm3 stated by the manufacturer's datasheet (PCD4); formula NULL: a catalog optical glass (composition proprietary); no x-ray / neutron SLD,,,,,,HOYA Zemax catalog 2017-04-01 (obtained from http://www.hoya-opticalworld.com),,,2017.0,optical glass,HOYA-optical/PCD4,1.618,63.4,618634,,0.006,8.7e-06,243 343,standard,Recommended glass type
1298,HOYA PCD40,,,,,,,,,,,,3.57,literature (manufacturer datasheet),,,,,,,specs,HOYA-optical,365.01,1013.9800000000001,PCD40,,1.6179143493374275,1.856042e-08,,,,,density 3.57 g/cm3 stated by the manufacturer's datasheet (PCD40); formula NULL: a catalog optical glass (composition proprietary); no x-ray / neutron SLD,,,,,,HOYA Zemax catalog 2017-04-01 (obtained from http://www.hoya-opticalworld.com),,,2017.0,optical glass,HOYA-optical/PCD40,1.61997,63.88,620639,,0.0093,1.03e-05,243 343,standard,Recommended glass type
1299,HOYA PCD51,,,,,,,,,,,,3.14,literature (manufacturer datasheet),,,,,,,specs,HOYA-optical,365.01,1013.9800000000001,PCD51,,1.5916090762134874,1.1711599999999999e-08,,,,,density 3.14 g/cm3 stated by the manufacturer's datasheet (PCD51); formula NULL: a catalog optical glass (composition proprietary); no x-ray / neutron SLD,,,,,,HOYA Zemax catalog 2017-04-01 (obtained from http://www.hoya-opticalworld.com),,,2017.0,optical glass,HOYA-optical/PCD51,1.59349,67.0,593670,,0.0091,8.9e-06,243 343,standard,Recommended glass type
1300,HOYA M-PCD4,,,,,,,,,,,,3.57,literature (manufacturer datasheet),,,,,,,specs,HOYA-optical,365.01,1013.9800000000001,M-PCD4,,1.6167572752851445,1.3507086e-08,,,,,density 3.57 g/cm3 stated by the manufacturer's datasheet (M-PCD4); formula NULL: a catalog optical glass (composition proprietary); no x-ray / neutron SLD,,,,,,HOYA Zemax catalog 2017-04-01 (obtained from http://www.hoya-opticalworld.com),,,2017.0,optical glass,HOYA-optical/M-PCD4,1.61881,63.85,619639,619638,0.0084,8.7e-06,243 343,standard,Glass for molded optics lens
1301,HOYA M-PCD51,,,,,,,,,,,,3.14,literature (manufacturer datasheet),,,,,,,specs,HOYA-optical,365.01,1013.9800000000001,M-PCD51,,1.5901363897949137,5.039745999999999e-09,,,,,density 3.14 g/cm3 stated by the manufacturer's datasheet (M-PCD51); formula NULL: a catalog optical glass (composition proprietary); no x-ray / neutron SLD,,,,,,HOYA Zemax catalog 2017-04-01 (obtained from http://www.hoya-opticalworld.com),,,2017.0,optical glass,HOYA-optical/M-PCD51,1.59201,67.02,592670,,0.0081,8.9e-06,243 343,standard,Glass for molded optics lens
1302,HOYA MC-PCD4-40,,,,,,,,,,,,3.57,literature (manufacturer datasheet),,,,,,,specs,HOYA-optical,365.01,1013.9800000000001,MC-PCD4-40,,1.6171578248549,1.856042e-08,,,,,density 3.57 g/cm3 stated by the manufacturer's datasheet (MC-PCD4-40); formula NULL: a catalog optical glass (composition proprietary); no x-ray / neutron SLD,,,,,,HOYA Zemax catalog 2017-04-01 (obtained from http://www.hoya-opticalworld.com),,,2017.0,optical glass,HOYA-optical/MC-PCD4-40,1.61921,63.86,619639,,0.0085,8.7e-06,243 343,standard,Preforms for Precision molding
1303,HOYA MC-PCD51-70,,,,,,,,,,,,3.14,literature (manufacturer datasheet),,,,,,,specs,HOYA-optical,365.01,1013.9800000000001,MC-PCD51-70,,1.5908254141110942,5.039745999999999e-09,,,,,density 3.14 g/cm3 stated by the manufacturer's datasheet (MC-PCD51-70); formula NULL: a catalog optical glass (composition proprietary); no x-ray / neutron SLD,,,,,,HOYA Zemax catalog 2017-04-01 (obtained from http://www.hoya-opticalworld.com),,,2017.0,optical glass,HOYA-optical/MC-PCD51-70,1.59271,66.97,593670,,0.009,8.9e-06,243 343,standard,Preforms for Precision molding
1304,HOYA MP-PCD4-40,,,,,,,,,,,,3.57,literature (manufacturer datasheet),,,,,,,specs,HOYA-optical,365.01,1013.9800000000001,MP-PCD4-40,,1.6171578248549,1.3507086e-08,,,,,density 3.57 g/cm3 stated by the manufacturer's datasheet (MP-PCD4-40); formula NULL: a catalog optical glass (composition proprietary); no x-ray / neutron SLD,,,,,,HOYA Zemax catalog 2017-04-01 (obtained from http://www.hoya-opticalworld.com),,,2017.0,optical glass,HOYA-optical/MP-PCD4-40,1.61921,63.86,619639,,0.0085,8.7e-06,243 343,standard,Preforms for Precision molding
1305,HOYA MP-PCD51-70,,,,,,,,,,,,3.14,literature (manufacturer datasheet),,,,,,,specs,HOYA-optical,365.01,1013.9800000000001,MP-PCD51-70,,1.5908254141110942,5.039745999999999e-09,,,,,density 3.14 g/cm3 stated by the manufacturer's datasheet (MP-PCD51-70); formula NULL: a catalog optical glass (composition proprietary); no x-ray / neutron SLD,,,,,,HOYA Zemax catalog 2017-04-01 (obtained from http://www.hoya-opticalworld.com),,,2017.0,optical glass,HOYA-optical/MP-PCD51-70,1.59271,66.97,593670,,0.009,8.9e-06,243 343,standard,Preforms for Precision molding
1306,HOYA TAC2,,,,,,,,,,,,4.19,literature (manufacturer datasheet),,,,,,,specs,HOYA-optical,365.01,1013.9800000000001,TAC2,,1.7380250447450338,2.01897e-08,,,,,density 4.19 g/cm3 stated by the manufacturer's datasheet (TAC2); formula NULL: a catalog optical glass (composition proprietary); no x-ray / neutron SLD,,,,,,HOYA Zemax catalog 2017-04-01 (obtained from http://www.hoya-opticalworld.com),,,2017.0,optical glass,HOYA-optical/TAC2,1.741,52.6,741526,,-0.0091,5.2e-06,243 343,special,Not in a position to accept new order because of discontinuation.
1307,HOYA TAC4,,,,,,,,,,,,4.059,literature (manufacturer datasheet),,,,,,,specs,HOYA-optical,365.01,1013.9800000000001,TAC4,,1.7309741068856686,5.039745999999999e-09,,,,,density 4.059 g/cm3 stated by the manufacturer's datasheet (TAC4); formula NULL: a catalog optical glass (composition proprietary); no x-ray / neutron SLD,,,,,,HOYA Zemax catalog 2017-04-01 (obtained from http://www.hoya-opticalworld.com),,,2017.0,optical glass,HOYA-optical/TAC4,1.734,51.05,734511,734510,-0.0063,5.2e-06,243 343,special,Not in a position to accept new order because of discontinuation.
1308,HOYA TAC6,,,,,,,,,,,,4.27,literature (manufacturer datasheet),,,,,,,specs,HOYA-optical,365.01,1013.9800000000001,TAC6,,1.751960281613508,1.0084326000000001e-08,,,,,density 4.27 g/cm3 stated by the manufacturer's datasheet (TAC6); formula NULL: a catalog optical glass (composition proprietary); no x-ray / neutron SLD,,,,,,HOYA Zemax catalog 2017-04-01 (obtained from http://www.hoya-opticalworld.com),,,2017.0,optical glass,HOYA-optical/TAC6,1.755,52.33,755523,,-0.0067,6e-06,243 343,special,Not in a position to accept new order because of discontinuation.
1309,HOYA TAC8,,,,,,,,,,,,4.05,literature (manufacturer datasheet),,,,,,,specs,HOYA-optical,365.01,1013.9800000000001,TAC8,,1.7263417116624968,5.039745999999999e-09,,,,,density 4.05 g/cm3 stated by the manufacturer's datasheet (TAC8); formula NULL: a catalog optical glass (composition proprietary); no x-ray / neutron SLD,,,,,,HOYA Zemax catalog 2017-04-01 (obtained from http://www.hoya-opticalworld.com),,,2017.0,optical glass,HOYA-optical/TAC8,1.72916,54.67,729547,,-0.0046,5.6e-06,243 343,standard,Recommended glass type
1310,HOYA M-TAC60,,,,,,,,,,,,4.41,literature (manufacturer datasheet),,,,,,,specs,HOYA-optical,365.01,1013.9800000000001,M-TAC60,,1.7519099461892411,5.039745999999999e-09,,,,,density 4.41 g/cm3 stated by the manufacturer's datasheet (M-TAC60); formula NULL: a catalog optical glass (composition proprietary); no x-ray / neutron SLD,,,,,,HOYA Zemax catalog 2017-04-01 (obtained from http://www.hoya-opticalworld.com),,,2017.0,optical glass,HOYA-optical/M-TAC60,1.75501,51.16,755512,,-0.0077,6.2e-06,243 343,standard,Glass for molded optics lens
1311,HOYA MP-TAC60-90,,,,,,,,,,,,4.41,literature (manufacturer datasheet),,,,,,,specs,HOYA-optical,365.01,1013.9800000000001,MP-TAC60-90,,1.7528054501792534,5.039745999999999e-09,,,,,density 4.41 g/cm3 stated by the manufacturer's datasheet (MP-TAC60-90); formula NULL: a catalog optical glass (composition proprietary); no x-ray / neutron SLD,,,,,,HOYA Zemax catalog 2017-04-01 (obtained from http://www.hoya-opticalworld.com),,,2017.0,optical glass,HOYA-optical/MP-TAC60-90,1.75591,51.18,756512,,-0.0079,6.2e-06,243 343,standard,Preforms for Precision molding
1312,HOYA M-TAC80,,,,,,,,,,,,4.28,literature (manufacturer datasheet),,,,,,,specs,HOYA-optical,365.01,1013.9800000000001,M-TAC80,,1.726183932677254,5.039745999999999e-09,,,,,density 4.28 g/cm3 stated by the manufacturer's datasheet (M-TAC80); formula NULL: a catalog optical glass (composition proprietary); no x-ray / neutron SLD,,,,,,HOYA Zemax catalog 2017-04-01 (obtained from http://www.hoya-opticalworld.com),,,2017.0,optical glass,HOYA-optical/M-TAC80,1.72903,54.04,729540,,-0.0063,6.1e-06,243 343,standard,Glass for molded optics lens
1313,HOYA MP-TAC80-60,,,,,,,,,,,,4.28,literature (manufacturer datasheet),,,,,,,specs,HOYA-optical,365.01,1013.9800000000001,MP-TAC80-60,,1.7267861181152309,5.039745999999999e-09,,,,,density 4.28 g/cm3 stated by the manufacturer's datasheet (MP-TAC80-60); formula NULL: a catalog optical glass (composition proprietary); no x-ray / neutron SLD,,,,,,HOYA Zemax catalog 2017-04-01 (obtained from http://www.hoya-opticalworld.com),,,2017.0,optical glass,HOYA-optical/MP-TAC80-60,1.72963,54.07,730541,,-0.0064,6.1e-06,243 343,standard,Preforms for Precision molding
1314,HOYA E-F1,,,,,,,,,,,,2.7,literature (manufacturer datasheet),,,,,,,specs,HOYA-optical,365.01,1013.9800000000001,E-F1,,1.6222903281839727,1.513436e-08,,,,,density 2.7 g/cm3 stated by the manufacturer's datasheet (E-F1); formula NULL: a catalog optical glass (composition proprietary); no x-ray / neutron SLD,,,,,,HOYA Zemax catalog 2017-04-01 (obtained from http://www.hoya-opticalworld.com),,,2017.0,optical glass,HOYA-optical/E-F1,1.62588,35.74,626357,,0.0038,8.6e-06,243 343,special,Not in a position to accept new order because of discontinuation.
1315,HOYA E-F2,,,,,,,,,,,,2.67,literature (manufacturer datasheet),,,,,,,specs,HOYA-optical,365.01,1013.9800000000001,E-F2,,1.6165361312778865,3.2118320000000006e-08,,,,,density 2.67 g/cm3 stated by the manufacturer's datasheet (E-F2); formula NULL: a catalog optical glass (composition proprietary); no x-ray / neutron SLD,,,,,,HOYA Zemax catalog 2017-04-01 (obtained from http://www.hoya-opticalworld.com),,,2017.0,optical glass,HOYA-optical/E-F2,1.62004,36.3,620363,,0.0043,8.3e-06,243 343,,General glass Type
1316,HOYA E-F3,,,,,,,,,,,,2.64,literature (manufacturer datasheet),,,,,,,specs,HOYA-optical,365.01,1013.9800000000001,E-F3,,1.6095233907396482,1.3507086e-08,,,,,density 2.64 g/cm3 stated by the manufacturer's datasheet (E-F3); formula NULL: a catalog optical glass (composition proprietary); no x-ray / neutron SLD,,,,,,HOYA Zemax catalog 2017-04-01 (obtained from http://www.hoya-opticalworld.com),,,2017.0,optical glass,HOYA-optical/E-F3,1.61293,36.96,613370,,0.0032,7.7e-06,243 343,special,Not in a position to accept new order because of discontinuation.
1317,HOYA E-F5,,,,,,,,,,,,2.63,literature (manufacturer datasheet),,,,,,,specs,HOYA-optical,365.01,1013.9800000000001,E-F5,,1.600155233725329,2.542244e-08,,,,,density 2.63 g/cm3 stated by the manufacturer's datasheet (E-F5); formula NULL: a catalog optical glass (composition proprietary); no x-ray / neutron SLD,,,,,,HOYA Zemax catalog 2017-04-01 (obtained from http://www.hoya-opticalworld.com),,,2017.0,optical glass,HOYA-optical/E-F5,1.60342,38.01,603380,,0.0029,8e-06,243 343,,General glass Type
1318,HOYA E-F8,,,,,,,,,,,,2.62,literature (manufacturer datasheet),,,,,,,specs,HOYA-optical,365.01,1013.9800000000001,E-F8,,1.5923826156125542,1.6933146e-08,,,,,density 2.62 g/cm3 stated by the manufacturer's datasheet (E-F8); formula NULL: a catalog optical glass (composition proprietary); no x-ray / neutron SLD,,,,,,HOYA Zemax catalog 2017-04-01 (obtained from http://www.hoya-opticalworld.com),,,2017.0,optical glass,HOYA-optical/E-F8,1.59551,39.22,596392,,0.0027,8.2e-06,243 343,special,Not in a position to accept new order because of discontinuation.
1319,HOYA E-FL5,,,,,,,,,,,,2.59,literature (manufacturer datasheet),,,,,,,specs,HOYA-optical,365.01,1013.9800000000001,E-FL5,,1.5785044943581845,8.458480000000001e-09,,,,,density 2.59 g/cm3 stated by the manufacturer's datasheet (E-FL5); formula NULL: a catalog optical glass (composition proprietary); no x-ray / neutron SLD,,,,,,HOYA Zemax catalog 2017-04-01 (obtained from http://www.hoya-opticalworld.com),,,2017.0,optical glass,HOYA-optical/E-FL5,1.58144,40.89,581409,,0.002,7.9e-06,243 343,,General glass Type
1320,HOYA E-FL6,,,,,,,,,,,,2.53,literature (manufacturer datasheet),,,,,,,specs,HOYA-optical,365.01,1013.9800000000001,E-FL6,,1.5645792856296552,1.6933146e-08,,,,,density 2.53 g/cm3 stated by the manufacturer's datasheet (E-FL6); formula NULL: a catalog optical glass (composition proprietary); no x-ray / neutron SLD,,,,,,HOYA Zemax catalog 2017-04-01 (obtained from http://www.hoya-opticalworld.com),,,2017.0,optical glass,HOYA-optical/E-FL6,1.56732,42.84,567428,,0.0031,6.7e-06,243 343,,General glass Type
1321,HOYA E-FEL1,,,,,,,,,,,,2.54,literature (manufacturer datasheet),,,,,,,specs,HOYA-optical,365.01,1013.9800000000001,E-FEL1,,1.5456577066286967,2.7051720000000003e-08,,,,,density 2.54 g/cm3 stated by the manufacturer's datasheet (E-FEL1); formula NULL: a catalog optical glass (composition proprietary); no x-ray / neutron SLD,,,,,,HOYA Zemax catalog 2017-04-01 (obtained from http://www.hoya-opticalworld.com),,,2017.0,optical glass,HOYA-optical/E-FEL1,1.54814,45.82,548458,,0.0041,7.9e-06,243 343,,General glass Type
1322,HOYA E-FEL2,,,,,,,,,,,,2.53,literature (manufacturer datasheet),,,,,,,specs,HOYA-optical,365.01,1013.9800000000001,E-FEL2,,1.5383387575819958,1.0084326000000001e-08,,,,,density 2.53 g/cm3 stated by the manufacturer's datasheet (E-FEL2); formula NULL: a catalog optical glass (composition proprietary); no x-ray / neutron SLD,,,,,,HOYA Zemax catalog 2017-04-01 (obtained from http://www.hoya-opticalworld.com),,,2017.0,optical glass,HOYA-optical/E-FEL2,1.54072,47.2,541472,,0.0044,8.2e-06,243 343,,General glass Type
1323,HOYA E-FEL6,,,,,,,,,,,,2.51,literature (manufacturer datasheet),,,,,,,specs,HOYA-optical,365.01,1013.9800000000001,E-FEL6,,1.5294539177582829,1.856042e-08,,,,,density 2.51 g/cm3 stated by the manufacturer's datasheet (E-FEL6); formula NULL: a catalog optical glass (composition proprietary); no x-ray / neutron SLD,,,,,,HOYA Zemax catalog 2017-04-01 (obtained from http://www.hoya-opticalworld.com),,,2017.0,optical glass,HOYA-optical/E-FEL6,1.53172,48.84,532488,,0.0051,8.6e-06,243 343,special,Not in a position to accept new order because of discontinuation.
1324,HOYA FD60,,,,,,,,,,,,3.36,literature (manufacturer datasheet),,,,,,,specs,HOYA-optical,365.01,1013.9800000000001,FD60,,1.7988240075204944,4.5714360000000004e-08,,,,,density 3.36 g/cm3 stated by the manufacturer's datasheet (FD60); formula NULL: a catalog optical glass (composition proprietary); no x-ray / neutron SLD,,,,,,HOYA Zemax catalog 2017-04-01 (obtained from http://www.hoya-opticalworld.com),,,2017.0,optical glass,HOYA-optical/FD60,1.80518,25.46,805255,,0.0132,8.8e-06,243 343,,General glass Type
1325,HOYA FD60-W,,,,,,,,,,,,3.36,literature (manufacturer datasheet),,,,,,,specs,HOYA-optical,365.01,1013.9800000000001,FD60-W,,1.7988240075204944,3.702044e-08,,,,,density 3.36 g/cm3 stated by the manufacturer's datasheet (FD60-W); formula NULL: a catalog optical glass (composition proprietary); no x-ray / neutron SLD,,,,,,HOYA Zemax catalog 2017-04-01 (obtained from http://www.hoya-opticalworld.com),,,2017.0,optical glass,HOYA-optical/FD60-W,1.80518,25.46,805255,,0.0132,8.8e-06,243 343,standard,Recommended glass type
1326,HOYA FD110,,,,,,,,,,,,3.22,literature (manufacturer datasheet),,,,,,,specs,HOYA-optical,365.01,1013.9800000000001,FD110,,1.7785894909635718,4.73501e-08,,,,,density 3.22 g/cm3 stated by the manufacturer's datasheet (FD110); formula NULL: a catalog optical glass (composition proprietary); no x-ray / neutron SLD,,,,,,HOYA Zemax catalog 2017-04-01 (obtained from http://www.hoya-opticalworld.com),,,2017.0,optical glass,HOYA-optical/FD110,1.78472,25.72,785257,,0.0138,9.1e-06,243 343,,General glass Type
1327,HOYA FD140,,,,,,,,,,,,3.14,literature (manufacturer datasheet),,,,,,,specs,HOYA-optical,365.01,1013.9800000000001,FD140,,1.7560541845585629,4.7530139999999994e-08,,,,,density 3.14 g/cm3 stated by the manufacturer's datasheet (FD140); formula NULL: a catalog optical glass (composition proprietary); no x-ray / neutron SLD,,,,,,HOYA Zemax catalog 2017-04-01 (obtained from http://www.hoya-opticalworld.com),,,2017.0,optical glass,HOYA-optical/FD140,1.76182,26.61,762266,,0.0118,8.4e-06,243 343,,General glass Type
1328,HOYA FD225,,,,,,,,,,,,3.32,literature (manufacturer datasheet),,,,,,,specs,HOYA-optical,365.01,1013.9800000000001,FD225,,1.8010054860901814,2.6882039999999998e-08,,,,,density 3.32 g/cm3 stated by the manufacturer's datasheet (FD225); formula NULL: a catalog optical glass (composition proprietary); no x-ray / neutron SLD,,,,,,HOYA Zemax catalog 2017-04-01 (obtained from http://www.hoya-opticalworld.com),,,2017.0,optical glass,HOYA-optical/FD225,1.80809,22.76,808228,,0.0213,9.6e-06,243 343,standard,Recommended glass type
1329,HOYA E-FD1,,,,,,,,,,,,3.08,literature (manufacturer datasheet),,,,,,,specs,HOYA-optical,365.01,1013.9800000000001,E-FD1,,1.7124343239981532,2.361906e-08,,,,,density 3.08 g/cm3 stated by the manufacturer's datasheet (E-FD1); formula NULL: a catalog optical glass (composition proprietary); no x-ray / neutron SLD,,,,,,HOYA Zemax catalog 2017-04-01 (obtained from http://www.hoya-opticalworld.com),,,2017.0,optical glass,HOYA-optical/E-FD1,1.71736,29.5,717295,,0.0082,9.2e-06,243 343,,General glass Type
1330,HOYA E-FD2,,,,,,,,,,,,2.77,literature (manufacturer datasheet),,,,,,,specs,HOYA-optical,365.01,1013.9800000000001,E-FD2,,1.643783588387897,1.856042e-08,,,,,density 2.77 g/cm3 stated by the manufacturer's datasheet (E-FD2); formula NULL: a catalog optical glass (composition proprietary); no x-ray / neutron SLD,,,,,,HOYA Zemax catalog 2017-04-01 (obtained from http://www.hoya-opticalworld.com),,,2017.0,optical glass,HOYA-optical/E-FD2,1.64769,33.84,648338,,0.0049,8.8e-06,243 343,,General glass Type
1331,HOYA E-FD4,,,,,,,,,,,,3.23,literature (manufacturer datasheet),,,,,,,specs,HOYA-optical,365.01,1013.9800000000001,E-FD4,,1.7496622013610004,2.1820340000000002e-08,,,,,density 3.23 g/cm3 stated by the manufacturer's datasheet (E-FD4); formula NULL: a catalog optical glass (composition proprietary); no x-ray / neutron SLD,,,,,,HOYA Zemax catalog 2017-04-01 (obtained from http://www.hoya-opticalworld.com),,,2017.0,optical glass,HOYA-optical/E-FD4,1.7552,27.53,755275,,0.0103,8.7e-06,243 343,,General glass Type
1332,HOYA E-FD5,,,,,,,,,,,,2.9,literature (manufacturer datasheet),,,,,,,specs,HOYA-optical,365.01,1013.9800000000001,E-FD5,,1.6684420285951358,2.868236e-08,,,,,density 2.9 g/cm3 stated by the manufacturer's datasheet (E-FD5); formula NULL: a catalog optical glass (composition proprietary); no x-ray / neutron SLD,,,,,,HOYA Zemax catalog 2017-04-01 (obtained from http://www.hoya-opticalworld.com),,,2017.0,optical glass,HOYA-optical/E-FD5,1.6727,32.17,673322,,0.0059,8.9e-06,243 343,,General glass Type
1333,HOYA E-FD7,,,,,,,,,,,,2.75,literature (manufacturer datasheet),,,,,,,specs,HOYA-optical,365.01,1013.9800000000001,E-FD7,,1.636019655473058,2.542244e-08,,,,,density 2.75 g/cm3 stated by the manufacturer's datasheet (E-FD7); formula NULL: a catalog optical glass (composition proprietary); no x-ray / neutron SLD,,,,,,HOYA Zemax catalog 2017-04-01 (obtained from http://www.hoya-opticalworld.com),,,2017.0,optical glass,HOYA-optical/E-FD7,1.6398,34.57,640346,,0.0055,8.7e-06,243 343,special,Not in a position to accept new order because of discontinuation.
1334,HOYA E-FD8,,,,,,,,,,,,2.97,literature (manufacturer datasheet),,,,,,,specs,HOYA-optical,365.01,1013.9800000000001,E-FD8,,1.6844359201398849,2.7051720000000003e-08,,,,,density 2.97 g/cm3 stated by the manufacturer's datasheet (E-FD8); formula NULL: a catalog optical glass (composition proprietary); no x-ray / neutron SLD,,,,,,HOYA Zemax catalog 2017-04-01 (obtained from http://www.hoya-opticalworld.com),,,2017.0,optical glass,HOYA-optical/E-FD8,1.68893,31.16,689312,,0.0067,9.3e-06,243 343,,General glass Type
1335,HOYA E-FD10,,,,,,,,,,,,3.07,literature (manufacturer datasheet),,,,,,,specs,HOYA-optical,365.01,1013.9800000000001,E-FD10,,1.723047975984943,2.7051720000000003e-08,,,,,density 3.07 g/cm3 stated by the manufacturer's datasheet (E-FD10); formula NULL: a catalog optical glass (composition proprietary); no x-ray / neutron SLD,,,,,,HOYA Zemax catalog 2017-04-01 (obtained from http://www.hoya-opticalworld.com),,,2017.0,optical glass,HOYA-optical/E-FD10,1.72825,28.32,728283,,0.0085,9e-06,243 343,,General glass Type
1336,HOYA E-FD13,,,,,,,,,,,,3.11,literature (manufacturer datasheet),,,,,,,specs,HOYA-optical,365.01,1013.9800000000001,E-FD13,,1.735378464570306,3.900146e-08,,,,,density 3.11 g/cm3 stated by the manufacturer's datasheet (E-FD13); formula NULL: a catalog optical glass (composition proprietary); no x-ray / neutron SLD,,,,,,HOYA Zemax catalog 2017-04-01 (obtained from http://www.hoya-opticalworld.com),,,2017.0,optical glass,HOYA-optical/E-FD13,1.74077,27.76,741278,,0.0093,9.1e-06,243 343,,General glass Type
1337,HOYA E-FD15,,,,,,,,,,,,2.95,literature (manufacturer datasheet),,,,,,,specs,HOYA-optical,365.01,1013.9800000000001,E-FD15,,1.694233155858108,3.39276e-08,,,,,density 2.95 g/cm3 stated by the manufacturer's datasheet (E-FD15); formula NULL: a catalog optical glass (composition proprietary); no x-ray / neutron SLD,,,,,,HOYA Zemax catalog 2017-04-01 (obtained from http://www.hoya-opticalworld.com),,,2017.0,optical glass,HOYA-optical/E-FD15,1.69895,30.05,699301,699300,0.0086,8.7e-06,243 343,,General glass Type
1338,HOYA M-FD80,,,,,,,,,,,,3.26,literature (manufacturer datasheet),,,,,,,specs,HOYA-optical,365.01,1013.9800000000001,M-FD80,,1.6844450806689637,3.03147e-08,,,,,density 3.26 g/cm3 stated by the manufacturer's datasheet (M-FD80); formula NULL: a catalog optical glass (composition proprietary); no x-ray / neutron SLD,,,,,,HOYA Zemax catalog 2017-04-01 (obtained from http://www.hoya-opticalworld.com),,,2017.0,optical glass,HOYA-optical/M-FD80,1.68893,31.16,689312,,0.0115,1.15e-05,243 343,standard,Glass for molded optics lens
1339,HOYA MP-FD80,,,,,,,,,,,,3.26,literature (manufacturer datasheet),,,,,,,specs,HOYA-optical,365.01,1013.9800000000001,MP-FD80,,1.6844450806689637,3.03147e-08,,,,,density 3.26 g/cm3 stated by the manufacturer's datasheet (MP-FD80); formula NULL: a catalog optical glass (composition proprietary); no x-ray / neutron SLD,,,,,,HOYA Zemax catalog 2017-04-01 (obtained from http://www.hoya-opticalworld.com),,,2017.0,optical glass,HOYA-optical/MP-FD80,1.68893,31.16,689312,,0.0115,1.15e-05,243 343,standard,Preforms for Precision molding
1340,HOYA FDS16-W,,,,,,,,,,,,3.54,literature (manufacturer datasheet),,,,,,,specs,HOYA-optical,365.01,1013.9800000000001,FDS16-W,,1.9744235180160117,3.194874e-08,,,,,density 3.54 g/cm3 stated by the manufacturer's datasheet (FDS16-W); formula NULL: a catalog optical glass (composition proprietary); no x-ray / neutron SLD,,,,,,HOYA Zemax catalog 2017-04-01 (obtained from http://www.hoya-opticalworld.com),,,2017.0,optical glass,HOYA-optical/FDS16-W,1.98612,16.48,986165,,0.047,4.1e-06,243 343,standard,Recommended glass type
1341,HOYA FDS18,,,,,,,,,,,,3.51,literature (manufacturer datasheet),,,,,,,specs,HOYA-optical,365.01,1013.9800000000001,FDS18,,1.9356032220631243,7.415862000000001e-08,,,,,density 3.51 g/cm3 stated by the manufacturer's datasheet (FDS18); formula NULL: a catalog optical glass (composition proprietary); no x-ray / neutron SLD,,,,,,HOYA Zemax catalog 2017-04-01 (obtained from http://www.hoya-opticalworld.com),,,2017.0,optical glass,HOYA-optical/FDS18,1.94595,17.98,946180,,0.0386,5.7e-06,243 343,,General glass Type
1342,HOYA FDS18-W,,,,,,,,,,,,3.51,literature (manufacturer datasheet),,,,,,,specs,HOYA-optical,365.01,1013.9800000000001,FDS18-W,,1.9356032220631243,1.6763639999999998e-08,,,,,density 3.51 g/cm3 stated by the manufacturer's datasheet (FDS18-W); formula NULL: a catalog optical glass (composition proprietary); no x-ray / neutron SLD,,,,,,HOYA Zemax catalog 2017-04-01 (obtained from http://www.hoya-opticalworld.com),,,2017.0,optical glass,HOYA-optical/FDS18-W,1.94595,17.98,946180,,0.0386,5.7e-06,243 343,standard,Recommended glass type
1343,HOYA FDS24,,,,,,,,,,,,3.84,literature (manufacturer datasheet),,,,,,,specs,HOYA-optical,365.01,1013.9800000000001,FDS24,,1.9134843900630658,5.571666e-08,,,,,density 3.84 g/cm3 stated by the manufacturer's datasheet (FDS24); formula NULL: a catalog optical glass (composition proprietary); no x-ray / neutron SLD,,,,,,HOYA Zemax catalog 2017-04-01 (obtained from http://www.hoya-opticalworld.com),,,2017.0,optical glass,HOYA-optical/FDS24,1.92119,23.96,921240,,0.0151,7.8e-06,243 343,standard,Recommended glass type
1344,HOYA FDS90,,,,,,,,,,,,3.5,literature (manufacturer datasheet),,,,,,,specs,HOYA-optical,365.01,1013.9800000000001,FDS90,,1.8395295496875226,5.58908e-08,,,,,density 3.5 g/cm3 stated by the manufacturer's datasheet (FDS90); formula NULL: a catalog optical glass (composition proprietary); no x-ray / neutron SLD,,,,,,HOYA Zemax catalog 2017-04-01 (obtained from http://www.hoya-opticalworld.com),,,2017.0,optical glass,HOYA-optical/FDS90,1.84666,23.78,847238,,0.0137,8.7e-06,243 343,,General glass Type
1345,HOYA FDS90(P),,,,,,,,,,,,3.5,literature (manufacturer datasheet),,,,,,,specs,HOYA-optical,365.01,1013.9800000000001,FDS90(P),,1.8395553422218291,5.58908e-08,,,,,density 3.5 g/cm3 stated by the manufacturer's datasheet (FDS90(P)); formula NULL: a catalog optical glass (composition proprietary); no x-ray / neutron SLD,,,,,,HOYA Zemax catalog 2017-04-01 (obtained from http://www.hoya-opticalworld.com),,,2017.0,optical glass,HOYA-optical/FDS90(P),1.84666,23.88,847239,,0.0137,8.7e-06,243 343,,General glass Type
1346,HOYA FDS90-SG,,,,,,,,,,,,3.5,literature (manufacturer datasheet),,,,,,,specs,HOYA-optical,365.01,1013.9800000000001,FDS90-SG,,1.8395295496875226,3.048768e-08,,,,,density 3.5 g/cm3 stated by the manufacturer's datasheet (FDS90-SG); formula NULL: a catalog optical glass (composition proprietary); no x-ray / neutron SLD,,,,,,HOYA Zemax catalog 2017-04-01 (obtained from http://www.hoya-opticalworld.com),,,2017.0,optical glass,HOYA-optical/FDS90-SG,1.84666,23.78,847238,,0.0137,8.7e-06,243 343,standard,Recommended glass type
1347,HOYA E-FDS1,,,,,,,,,,,,3.94,literature (manufacturer datasheet),,,,,,,specs,HOYA-optical,365.01,1013.9800000000001,E-FDS1,,1.9140947137791176,2.508672e-08,,,,,density 3.94 g/cm3 stated by the manufacturer's datasheet (E-FDS1); formula NULL: a catalog optical glass (composition proprietary); no x-ray / neutron SLD,,,,,,HOYA Zemax catalog 2017-04-01 (obtained from http://www.hoya-opticalworld.com),,,2017.0,optical glass,HOYA-optical/E-FDS1,1.92286,20.88,923209,,0.0282,6e-06,243 343,,General glass Type
1348,HOYA E-FDS1-W,,,,,,,,,,,,3.94,literature (manufacturer datasheet),,,,,,,specs,HOYA-optical,365.01,1013.9800000000001,E-FDS1-W,,1.9140947137791176,1.0084326000000001e-08,,,,,density 3.94 g/cm3 stated by the manufacturer's datasheet (E-FDS1-W); formula NULL: a catalog optical glass (composition proprietary); no x-ray / neutron SLD,,,,,,HOYA Zemax catalog 2017-04-01 (obtained from http://www.hoya-opticalworld.com),,,2017.0,optical glass,HOYA-optical/E-FDS1-W,1.92286,20.88,923209,,0.0282,6e-06,243 343,standard,Recommended glass type
1349,HOYA E-FDS2,,,,,,,,,,,,5.08,literature (manufacturer datasheet),,,,,,,specs,HOYA-optical,365.01,1013.9800000000001,E-FDS2,,1.9924675412662975,3.882462e-08,,,,,density 5.08 g/cm3 stated by the manufacturer's datasheet (E-FDS2); formula NULL: a catalog optical glass (composition proprietary); no x-ray / neutron SLD,,,,,,HOYA Zemax catalog 2017-04-01 (obtained from http://www.hoya-opticalworld.com),,,2017.0,optical glass,HOYA-optical/E-FDS2,2.00272,19.32,003193,,0.0315,7.9e-06,243 343,standard,Recommended glass type
1350,HOYA E-FDS3,,,,,,,,,,,,5.63,literature (manufacturer datasheet),,,,,,,specs,HOYA-optical,365.01,1013.9800000000001,E-FDS3,,2.0915198375974335,7.070153999999999e-08,,,,,density 5.63 g/cm3 stated by the manufacturer's datasheet (E-FDS3); formula NULL: a catalog optical glass (composition proprietary); no x-ray / neutron SLD,,,,,,HOYA Zemax catalog 2017-04-01 (obtained from http://www.hoya-opticalworld.com),,,2017.0,optical glass,HOYA-optical/E-FDS3,2.1042,17.02,104170,,0.0455,6.8e-06,243 343,,General glass Type
1351,HOYA M-FDS1,,,,,,,,,,,,4.42,literature (manufacturer datasheet),,,,,,,specs,HOYA-optical,365.01,1013.9800000000001,M-FDS1,,1.9140865503742237,3.194874e-08,,,,,density 4.42 g/cm3 stated by the manufacturer's datasheet (M-FDS1); formula NULL: a catalog optical glass (composition proprietary); no x-ray / neutron SLD,,,,,,HOYA Zemax catalog 2017-04-01 (obtained from http://www.hoya-opticalworld.com),,,2017.0,optical glass,HOYA-optical/M-FDS1,1.92286,20.88,923209,,0.0263,8.8e-06,243 343,special,Not in a position to accept new order because of discontinuation.
1352,HOYA M-FDS2,,,,,,,,,,,,5.09,literature (manufacturer datasheet),,,,,,,specs,HOYA-optical,365.01,1013.9800000000001,M-FDS2,,1.9915429266345448,3.522158e-08,,,,,density 5.09 g/cm3 stated by the manufacturer's datasheet (M-FDS2); formula NULL: a catalog optical glass (composition proprietary); no x-ray / neutron SLD,,,,,,HOYA Zemax catalog 2017-04-01 (obtained from http://www.hoya-opticalworld.com),,,2017.0,optical glass,HOYA-optical/M-FDS2,2.00178,19.32,002193,,0.0312,7.9e-06,243 343,standard,Glass for molded optics lens
1353,HOYA M-FDS910,,,,,,,,,,,,3.69,literature (manufacturer datasheet),,,,,,,specs,HOYA-optical,365.01,1013.9800000000001,M-FDS910,,1.8143135476727348,2.5249699999999998e-08,,,,,density 3.69 g/cm3 stated by the manufacturer's datasheet (M-FDS910); formula NULL: a catalog optical glass (composition proprietary); no x-ray / neutron SLD,,,,,,HOYA Zemax catalog 2017-04-01 (obtained from http://www.hoya-opticalworld.com),,,2017.0,optical glass,HOYA-optical/M-FDS910,1.82115,24.06,821241,,0.0187,9.5e-06,243 343,standard,Glass for molded optics lens
1354,HOYA MC-FDS2,,,,,,,,,,,,5.09,literature (manufacturer datasheet),,,,,,,specs,HOYA-optical,365.01,1013.9800000000001,MC-FDS2,,1.9915429266345448,3.882462e-08,,,,,density 5.09 g/cm3 stated by the manufacturer's datasheet (MC-FDS2); formula NULL: a catalog optical glass (composition proprietary); no x-ray / neutron SLD,,,,,,HOYA Zemax catalog 2017-04-01 (obtained from http://www.hoya-opticalworld.com),,,2017.0,optical glass,HOYA-optical/MC-FDS2,2.00178,19.32,002193,,0.0312,7.9e-06,243 343,standard,Preforms for Precision molding
1355,HOYA MC-FDS910-50,,,,,,,,,,,,3.69,literature (manufacturer datasheet),,,,,,,specs,HOYA-optical,365.01,1013.9800000000001,MC-FDS910-50,,1.814812843864408,3.882462e-08,,,,,density 3.69 g/cm3 stated by the manufacturer's datasheet (MC-FDS910-50); formula NULL: a catalog optical glass (composition proprietary); no x-ray / neutron SLD,,,,,,HOYA Zemax catalog 2017-04-01 (obtained from http://www.hoya-opticalworld.com),,,2017.0,optical glass,HOYA-optical/MC-FDS910-50,1.82165,24.04,822240,,0.0187,9.5e-06,243 343,standard,Preforms for Precision molding
1356,HOYA MP-FDS1,,,,,,,,,,,,4.42,literature (manufacturer datasheet),,,,,,,specs,HOYA-optical,365.01,1013.9800000000001,MP-FDS1,,1.9140865503742237,3.194874e-08,,,,,density 4.42 g/cm3 stated by the manufacturer's datasheet (MP-FDS1); formula NULL: a catalog optical glass (composition proprietary); no x-ray / neutron SLD,,,,,,HOYA Zemax catalog 2017-04-01 (obtained from http://www.hoya-opticalworld.com),,,2017.0,optical glass,HOYA-optical/MP-FDS1,1.92286,20.88,923209,,0.0263,8.8e-06,243 343,special,Not in a position to accept new order because of discontinuation.
1357,HOYA MP-FDS2,,,,,,,,,,,,5.09,literature (manufacturer datasheet),,,,,,,specs,HOYA-optical,365.01,1013.9800000000001,MP-FDS2,,1.9915429266345448,3.522158e-08,,,,,density 5.09 g/cm3 stated by the manufacturer's datasheet (MP-FDS2); formula NULL: a catalog optical glass (composition proprietary); no x-ray / neutron SLD,,,,,,HOYA Zemax catalog 2017-04-01 (obtained from http://www.hoya-opticalworld.com),,,2017.0,optical glass,HOYA-optical/MP-FDS2,2.00178,19.32,002193,,0.0312,7.9e-06,243 343,standard,Preforms for Precision molding
1358,HOYA MP-FDS910-50,,,,,,,,,,,,3.69,literature (manufacturer datasheet),,,,,,,specs,HOYA-optical,365.01,1013.9800000000001,MP-FDS910-50,,1.814812843864408,2.5249699999999998e-08,,,,,density 3.69 g/cm3 stated by the manufacturer's datasheet (MP-FDS910-50); formula NULL: a catalog optical glass (composition proprietary); no x-ray / neutron SLD,,,,,,HOYA Zemax catalog 2017-04-01 (obtained from http://www.hoya-opticalworld.com),,,2017.0,optical glass,HOYA-optical/MP-FDS910-50,1.82165,24.04,822240,,0.0187,9.5e-06,243 343,standard,Preforms for Precision molding
1359,HOYA E-ADF10,,,,,,,,,,,,3.04,literature (manufacturer datasheet),,,,,,,specs,HOYA-optical,365.01,1013.9800000000001,E-ADF10,,1.6102127821746803,1.513436e-08,,,,,density 3.04 g/cm3 stated by the manufacturer's datasheet (E-ADF10); formula NULL: a catalog optical glass (composition proprietary); no x-ray / neutron SLD,,,,,,HOYA Zemax catalog 2017-04-01 (obtained from http://www.hoya-opticalworld.com),,,2017.0,optical glass,HOYA-optical/E-ADF10,1.6131,44.36,613444,,-0.008,4.7e-06,243 343,special,Not in a position to accept new order because of discontinuation.
1360,HOYA E-ADF50,,,,,,,,,,,,3.38,literature (manufacturer datasheet),,,,,,,specs,HOYA-optical,365.01,1013.9800000000001,E-ADF50,,1.650695796146116,2.5249699999999998e-08,,,,,density 3.38 g/cm3 stated by the manufacturer's datasheet (E-ADF50); formula NULL: a catalog optical glass (composition proprietary); no x-ray / neutron SLD,,,,,,HOYA Zemax catalog 2017-04-01 (obtained from http://www.hoya-opticalworld.com),,,2017.0,optical glass,HOYA-optical/E-ADF50,1.65412,39.62,654396,,-0.0033,5.1e-06,243 343,special,Not in a position to accept new order because of discontinuation.
1361,HOYA BAF10,,,,,,,,,,,,3.61,literature (manufacturer datasheet),,,,,,,specs,HOYA-optical,365.01,1013.9800000000001,BAF10,,1.6670750759211563,1.513436e-08,,,,,density 3.61 g/cm3 stated by the manufacturer's datasheet (BAF10); formula NULL: a catalog optical glass (composition proprietary); no x-ray / neutron SLD,,,,,,HOYA Zemax catalog 2017-04-01 (obtained from http://www.hoya-opticalworld.com),,,2017.0,optical glass,HOYA-optical/BAF10,1.67003,47.19,670472,,0.0007,7.2e-06,243 343,special,Not in a position to accept new order because of discontinuation.
1362,HOYA BAF11,,,,,,,,,,,,3.63,literature (manufacturer datasheet),,,,,,,specs,HOYA-optical,365.01,1013.9800000000001,BAF11,,1.6638570136590431,5.039745999999999e-09,,,,,density 3.63 g/cm3 stated by the manufacturer's datasheet (BAF11); formula NULL: a catalog optical glass (composition proprietary); no x-ray / neutron SLD,,,,,,HOYA Zemax catalog 2017-04-01 (obtained from http://www.hoya-opticalworld.com),,,2017.0,optical glass,HOYA-optical/BAF11,1.66672,48.3,667483,,0.0022,7.2e-06,243 343,special,Not in a position to accept new order because of discontinuation.
1363,HOYA E-BAF8,,,,,,,,,,,,3.32,literature (manufacturer datasheet),,,,,,,specs,HOYA-optical,365.01,1013.9800000000001,E-BAF8,,1.62097918259828,1.3507086e-08,,,,,density 3.32 g/cm3 stated by the manufacturer's datasheet (E-BAF8); formula NULL: a catalog optical glass (composition proprietary); no x-ray / neutron SLD,,,,,,HOYA Zemax catalog 2017-04-01 (obtained from http://www.hoya-opticalworld.com),,,2017.0,optical glass,HOYA-optical/E-BAF8,1.62374,47.05,624471,624470,-0.001,8e-06,243 343,special,Not in a position to accept new order because of discontinuation.
1364,HOYA BAFD7,,,,,,,,,,,,3.65,literature (manufacturer datasheet),,,,,,,specs,HOYA-optical,365.01,1013.9800000000001,BAFD7,,1.6980283292342633,1.0084326000000001e-08,,,,,density 3.65 g/cm3 stated by the manufacturer's datasheet (BAFD7); formula NULL: a catalog optical glass (composition proprietary); no x-ray / neutron SLD,,,,,,HOYA Zemax catalog 2017-04-01 (obtained from http://www.hoya-opticalworld.com),,,2017.0,optical glass,HOYA-optical/BAFD7,1.70154,41.15,702412,,0.0028,6.8e-06,243 343,,General glass Type
1365,HOYA BAFD8,,,,,,,,,,,,3.62,literature (manufacturer datasheet),,,,,,,specs,HOYA-optical,365.01,1013.9800000000001,BAFD8,,1.719502087995561,6.665592e-09,,,,,density 3.62 g/cm3 stated by the manufacturer's datasheet (BAFD8); formula NULL: a catalog optical glass (composition proprietary); no x-ray / neutron SLD,,,,,,HOYA Zemax catalog 2017-04-01 (obtained from http://www.hoya-opticalworld.com),,,2017.0,optical glass,HOYA-optical/BAFD8,1.72342,37.99,723380,,0.0021,7.1e-06,243 343,,General glass Type
1366,HOYA FF5,,,,,,,,,,,,2.64,literature (manufacturer datasheet),,,,,,,specs,HOYA-optical,365.01,1013.9800000000001,FF5,,1.5892892499872848,1.0084326000000001e-08,,,,,density 2.64 g/cm3 stated by the manufacturer's datasheet (FF5); formula NULL: a catalog optical glass (composition proprietary); no x-ray / neutron SLD,,,,,,HOYA Zemax catalog 2017-04-01 (obtained from http://www.hoya-opticalworld.com),,,2017.0,optical glass,HOYA-optical/FF5,1.5927,35.44,593354,,0.0081,8.6e-06,243 343,,General glass Type
1367,HOYA FF8,,,,,,,,,,,,3.14,literature (manufacturer datasheet),,,,,,,specs,HOYA-optical,365.01,1013.9800000000001,FF8,,1.7460881390760947,5.039745999999999e-09,,,,,density 3.14 g/cm3 stated by the manufacturer's datasheet (FF8); formula NULL: a catalog optical glass (composition proprietary); no x-ray / neutron SLD,,,,,,HOYA Zemax catalog 2017-04-01 (obtained from http://www.hoya-opticalworld.com),,,2017.0,optical glass,HOYA-optical/FF8,1.75211,25.05,752251,752250,0.0159,6.1e-06,243 343,,General glass Type
1368,HOYA LAF2,,,,,,,,,,,,4.39,literature (manufacturer datasheet),,,,,,,specs,HOYA-optical,365.01,1013.9800000000001,LAF2,,1.740556043898817,1.856042e-08,,,,,density 4.39 g/cm3 stated by the manufacturer's datasheet (LAF2); formula NULL: a catalog optical glass (composition proprietary); no x-ray / neutron SLD,,,,,,HOYA Zemax catalog 2017-04-01 (obtained from http://www.hoya-opticalworld.com),,,2017.0,optical glass,HOYA-optical/LAF2,1.744,44.9,744449,,-0.0044,7.2e-06,243 343,,General glass Type
1369,HOYA LAF3,,,,,,,,,,,,4.2,literature (manufacturer datasheet),,,,,,,specs,HOYA-optical,365.01,1013.9800000000001,LAF3,,1.7138733241277384,1.513436e-08,,,,,density 4.2 g/cm3 stated by the manufacturer's datasheet (LAF3); formula NULL: a catalog optical glass (composition proprietary); no x-ray / neutron SLD,,,,,,HOYA Zemax catalog 2017-04-01 (obtained from http://www.hoya-opticalworld.com),,,2017.0,optical glass,HOYA-optical/LAF3,1.717,47.98,717480,,-0.0063,8e-06,243 343,,General glass Type
1370,HOYA E-LAF7,,,,,,,,,,,,3.72,literature (manufacturer datasheet),,,,,,,specs,HOYA-optical,365.01,1013.9800000000001,E-LAF7,,1.7451286726547908,3.194874e-08,,,,,density 3.72 g/cm3 stated by the manufacturer's datasheet (E-LAF7); formula NULL: a catalog optical glass (composition proprietary); no x-ray / neutron SLD,,,,,,HOYA Zemax catalog 2017-04-01 (obtained from http://www.hoya-opticalworld.com),,,2017.0,optical glass,HOYA-optical/E-LAF7,1.7495,35.04,750350,,0.0053,6.8e-06,243 343,special,Not in a position to accept new order because of discontinuation.
1371,HOYA M-LAF81,,,,,,,,,,,,3.22,literature (manufacturer datasheet),,,,,,,specs,HOYA-optical,365.01,1013.9800000000001,M-LAF81,,1.7270298183594468,6.665592e-09,,,,,density 3.22 g/cm3 stated by the manufacturer's datasheet (M-LAF81); formula NULL: a catalog optical glass (composition proprietary); no x-ray / neutron SLD,,,,,,HOYA Zemax catalog 2017-04-01 (obtained from http://www.hoya-opticalworld.com),,,2017.0,optical glass,HOYA-optical/M-LAF81,1.73077,40.5,731405,,-0.004,8.9e-06,243 343,special,Not in a position to accept new order because of discontinuation.
1372,HOYA MP-LAF81,,,,,,,,,,,,3.22,literature (manufacturer datasheet),,,,,,,specs,HOYA-optical,365.01,1013.9800000000001,MP-LAF81,,1.7270298183594468,6.665592e-09,,,,,density 3.22 g/cm3 stated by the manufacturer's datasheet (MP-LAF81); formula NULL: a catalog optical glass (composition proprietary); no x-ray / neutron SLD,,,,,,HOYA Zemax catalog 2017-04-01 (obtained from http://www.hoya-opticalworld.com),,,2017.0,optical glass,HOYA-optical/MP-LAF81,1.73077,40.5,731405,,-0.004,8.9e-06,243 343,special,Not in a position to accept new order because of discontinuation.
1373,HOYA NBF1,,,,,,,,,,,,4.17,literature (manufacturer datasheet),,,,,,,specs,HOYA-optical,365.01,1013.9800000000001,NBF1,,1.7401272953591782,5.039745999999999e-09,,,,,density 4.17 g/cm3 stated by the manufacturer's datasheet (NBF1); formula NULL: a catalog optical glass (composition proprietary); no x-ray / neutron SLD,,,,,,HOYA Zemax catalog 2017-04-01 (obtained from http://www.hoya-opticalworld.com),,,2017.0,optical glass,HOYA-optical/NBF1,1.7433,49.22,743492,,-0.0103,5.3e-06,243 343,,General glass Type
1374,HOYA M-NBF1,,,,,,,,,,,,4.25,literature (manufacturer datasheet),,,,,,,specs,HOYA-optical,365.01,1013.9800000000001,M-NBF1,,1.7401424670020458,1.0084326000000001e-08,,,,,density 4.25 g/cm3 stated by the manufacturer's datasheet (M-NBF1); formula NULL: a catalog optical glass (composition proprietary); no x-ray / neutron SLD,,,,,,HOYA Zemax catalog 2017-04-01 (obtained from http://www.hoya-opticalworld.com),,,2017.0,optical glass,HOYA-optical/M-NBF1,1.7433,49.33,743493,,-0.0068,5.7e-06,243 343,special,Not in a position to accept new order because of discontinuation.
1375,HOYA MC-NBF1,,,,,,,,,,,,4.25,literature (manufacturer datasheet),,,,,,,specs,HOYA-optical,365.01,1013.9800000000001,MC-NBF1,,1.7401424670020458,5.039745999999999e-09,,,,,density 4.25 g/cm3 stated by the manufacturer's datasheet (MC-NBF1); formula NULL: a catalog optical glass (composition proprietary); no x-ray / neutron SLD,,,,,,HOYA Zemax catalog 2017-04-01 (obtained from http://www.hoya-opticalworld.com),,,2017.0,optical glass,HOYA-optical/MC-NBF1,1.7433,49.33,743493,,-0.0068,5.7e-06,243 343,special,Not in a position to accept new order because of discontinuation.
1376,HOYA MP-NBF1,,,,,,,,,,,,4.25,literature (manufacturer datasheet),,,,,,,specs,HOYA-optical,365.01,1013.9800000000001,MP-NBF1,,1.7401424670020458,1.0084326000000001e-08,,,,,density 4.25 g/cm3 stated by the manufacturer's datasheet (MP-NBF1); formula NULL: a catalog optical glass (composition proprietary); no x-ray / neutron SLD,,,,,,HOYA Zemax catalog 2017-04-01 (obtained from http://www.hoya-opticalworld.com),,,2017.0,optical glass,HOYA-optical/MP-NBF1,1.7433,49.33,743493,,-0.0068,5.7e-06,243 343,special,Not in a position to accept new order because of discontinuation.
1377,HOYA NBFD3,,,,,,,,,,,,4.39,literature (manufacturer datasheet),,,,,,,specs,HOYA-optical,365.01,1013.9800000000001,NBFD3,,1.8003062090273776,8.458480000000001e-09,,,,,density 4.39 g/cm3 stated by the manufacturer's datasheet (NBFD3); formula NULL: a catalog optical glass (composition proprietary); no x-ray / neutron SLD,,,,,,HOYA Zemax catalog 2017-04-01 (obtained from http://www.hoya-opticalworld.com),,,2017.0,optical glass,HOYA-optical/NBFD3,1.8045,39.63,805396,804396,-0.0056,5.3e-06,243 343,,General glass Type
1378,HOYA NBFD10,,,,,,,,,,,,4.57,literature (manufacturer datasheet),,,,,,,specs,HOYA-optical,365.01,1013.9800000000001,NBFD10,,1.8294058442584744,5.039745999999999e-09,,,,,density 4.57 g/cm3 stated by the manufacturer's datasheet (NBFD10); formula NULL: a catalog optical glass (composition proprietary); no x-ray / neutron SLD,,,,,,HOYA Zemax catalog 2017-04-01 (obtained from http://www.hoya-opticalworld.com),,,2017.0,optical glass,HOYA-optical/NBFD10,1.834,37.34,834373,,-0.0021,5.9e-06,243 343,standard,Recommended glass type
1379,HOYA NBFD11,,,,,,,,,,,,4.43,literature (manufacturer datasheet),,,,,,,specs,HOYA-optical,365.01,1013.9800000000001,NBFD11,,1.7821614421702714,5.039745999999999e-09,,,,,density 4.43 g/cm3 stated by the manufacturer's datasheet (NBFD11); formula NULL: a catalog optical glass (composition proprietary); no x-ray / neutron SLD,,,,,,HOYA Zemax catalog 2017-04-01 (obtained from http://www.hoya-opticalworld.com),,,2017.0,optical glass,HOYA-optical/NBFD11,1.7859,43.93,786439,,-0.008,5.7e-06,243 343,,General glass Type
1380,HOYA NBFD12,,,,,,,,,,,,4.45,literature (manufacturer datasheet),,,,,,,specs,HOYA-optical,365.01,1013.9800000000001,NBFD12,,1.795579319773129,1.513436e-08,,,,,density 4.45 g/cm3 stated by the manufacturer's datasheet (NBFD12); formula NULL: a catalog optical glass (composition proprietary); no x-ray / neutron SLD,,,,,,HOYA Zemax catalog 2017-04-01 (obtained from http://www.hoya-opticalworld.com),,,2017.0,optical glass,HOYA-optical/NBFD12,1.7995,42.34,800423,,-0.0072,5.7e-06,243 343,special,Not in a position to accept new order because of discontinuation.
1381,HOYA NBFD13,,,,,,,,,,,,4.38,literature (manufacturer datasheet),,,,,,,specs,HOYA-optical,365.01,1013.9800000000001,NBFD13,,1.8019997463079362,5.039745999999999e-09,,,,,density 4.38 g/cm3 stated by the manufacturer's datasheet (NBFD13); formula NULL: a catalog optical glass (composition proprietary); no x-ray / neutron SLD,,,,,,HOYA Zemax catalog 2017-04-01 (obtained from http://www.hoya-opticalworld.com),,,2017.0,optical glass,HOYA-optical/NBFD13,1.8061,40.73,806407,,-0.0078,5.7e-06,243 343,standard,Recommended glass type
1382,HOYA NBFD15,,,,,,,,,,,,3.47,literature (manufacturer datasheet),,,,,,,specs,HOYA-optical,365.01,1013.9800000000001,NBFD15,,1.8011468064288467,2.01897e-08,,,,,density 3.47 g/cm3 stated by the manufacturer's datasheet (NBFD15); formula NULL: a catalog optical glass (composition proprietary); no x-ray / neutron SLD,,,,,,HOYA Zemax catalog 2017-04-01 (obtained from http://www.hoya-opticalworld.com),,,2017.0,optical glass,HOYA-optical/NBFD15,1.8061,33.27,806333,,,7.1e-06,243 343,,General glass Type
1383,HOYA NBFD15-W,,,,,,,,,,,,3.47,literature (manufacturer datasheet),,,,,,,specs,HOYA-optical,365.01,1013.9800000000001,NBFD15-W,,1.8011468064288467,2.01897e-08,,,,,density 3.47 g/cm3 stated by the manufacturer's datasheet (NBFD15-W); formula NULL: a catalog optical glass (composition proprietary); no x-ray / neutron SLD,,,,,,HOYA Zemax catalog 2017-04-01 (obtained from http://www.hoya-opticalworld.com),,,2017.0,optical glass,HOYA-optical/NBFD15-W,1.8061,33.27,806333,,,7.1e-06,243 343,standard,Recommended glass type
1384,HOYA M-NBFD10,,,,,,,,,,,,4.39,literature (manufacturer datasheet),,,,,,,specs,HOYA-optical,365.01,1013.9800000000001,M-NBFD10,,1.8298000100124343,5.039745999999999e-09,,,,,density 4.39 g/cm3 stated by the manufacturer's datasheet (M-NBFD10); formula NULL: a catalog optical glass (composition proprietary); no x-ray / neutron SLD,,,,,,HOYA Zemax catalog 2017-04-01 (obtained from http://www.hoya-opticalworld.com),,,2017.0,optical glass,HOYA-optical/M-NBFD10,1.83441,37.28,834373,,-0.004,6.1e-06,243 343,standard,Glass for molded optics lens
1385,HOYA M-NBFD130,,,,,,,,,,,,4.56,literature (manufacturer datasheet),,,,,,,specs,HOYA-optical,365.01,1013.9800000000001,M-NBFD130,,1.8020013825305663,5.039745999999999e-09,,,,,density 4.56 g/cm3 stated by the manufacturer's datasheet (M-NBFD130); formula NULL: a catalog optical glass (composition proprietary); no x-ray / neutron SLD,,,,,,HOYA Zemax catalog 2017-04-01 (obtained from http://www.hoya-opticalworld.com),,,2017.0,optical glass,HOYA-optical/M-NBFD130,1.8061,40.73,806407,,-0.0056,5.8e-06,243 343,standard,Glass for molded optics lens
1386,HOYA MC-NBFD135,,,,,,,,,,,,4.67,literature (manufacturer datasheet),,,,,,,specs,HOYA-optical,365.01,1013.9800000000001,MC-NBFD135,,1.804247723830665,5.039745999999999e-09,,,,,density 4.67 g/cm3 stated by the manufacturer's datasheet (MC-NBFD135); formula NULL: a catalog optical glass (composition proprietary); no x-ray / neutron SLD,,,,,,HOYA Zemax catalog 2017-04-01 (obtained from http://www.hoya-opticalworld.com),,,2017.0,optical glass,HOYA-optical/MC-NBFD135,1.80834,40.92,808409,,-0.0061,6.2e-06,243 343,standard,Preforms for Precision molding
1387,HOYA MP-NBFD10-20,,,,,,,,,,,,4.39,literature (manufacturer datasheet),,,,,,,specs,HOYA-optical,365.01,1013.9800000000001,MP-NBFD10-20,,1.8300071740780395,5.039745999999999e-09,,,,,density 4.39 g/cm3 stated by the manufacturer's datasheet (MP-NBFD10-20); formula NULL: a catalog optical glass (composition proprietary); no x-ray / neutron SLD,,,,,,HOYA Zemax catalog 2017-04-01 (obtained from http://www.hoya-opticalworld.com),,,2017.0,optical glass,HOYA-optical/MP-NBFD10-20,1.83461,37.29,835373,,-0.0047,6.1e-06,243 343,standard,Preforms for Precision molding
1388,HOYA MP-NBFD130,,,,,,,,,,,,4.56,literature (manufacturer datasheet),,,,,,,specs,HOYA-optical,365.01,1013.9800000000001,MP-NBFD130,,1.8020013825305663,5.039745999999999e-09,,,,,density 4.56 g/cm3 stated by the manufacturer's datasheet (MP-NBFD130); formula NULL: a catalog optical glass (composition proprietary); no x-ray / neutron SLD,,,,,,HOYA Zemax catalog 2017-04-01 (obtained from http://www.hoya-opticalworld.com),,,2017.0,optical glass,HOYA-optical/MP-NBFD130,1.8061,40.73,806407,,-0.0056,5.8e-06,243 343,standard,Preforms for Precision molding
1389,HOYA TAF1,,,,,,,,,,,,4.28,literature (manufacturer datasheet),,,,,,,specs,HOYA-optical,365.01,1013.9800000000001,TAF1,,1.7692283079096947,5.039745999999999e-09,,,,,density 4.28 g/cm3 stated by the manufacturer's datasheet (TAF1); formula NULL: a catalog optical glass (composition proprietary); no x-ray / neutron SLD,,,,,,HOYA Zemax catalog 2017-04-01 (obtained from http://www.hoya-opticalworld.com),,,2017.0,optical glass,HOYA-optical/TAF1,1.7725,49.62,773496,772496,-0.0086,5.6e-06,243 343,standard,Recommended glass type
1390,HOYA TAF2,,,,,,,,,,,,4.35,literature (manufacturer datasheet),,,,,,,specs,HOYA-optical,365.01,1013.9800000000001,TAF2,,1.7908400983064257,1.513436e-08,,,,,density 4.35 g/cm3 stated by the manufacturer's datasheet (TAF2); formula NULL: a catalog optical glass (composition proprietary); no x-ray / neutron SLD,,,,,,HOYA Zemax catalog 2017-04-01 (obtained from http://www.hoya-opticalworld.com),,,2017.0,optical glass,HOYA-optical/TAF2,1.7945,45.39,795454,794454,-0.0093,6e-06,243 343,special,Not in a position to accept new order because of discontinuation.
1391,HOYA TAF3,,,,,,,,,,,,4.65,literature (manufacturer datasheet),,,,,,,specs,HOYA-optical,365.01,1013.9800000000001,TAF3,,1.8005821619955462,5.039745999999999e-09,,,,,density 4.65 g/cm3 stated by the manufacturer's datasheet (TAF3); formula NULL: a catalog optical glass (composition proprietary); no x-ray / neutron SLD,,,,,,HOYA Zemax catalog 2017-04-01 (obtained from http://www.hoya-opticalworld.com),,,2017.0,optical glass,HOYA-optical/TAF3,1.8042,46.5,804465,,-0.0066,5.9e-06,243 343,,General glass Type
1392,HOYA TAF3D,,,,,,,,,,,,4.4,literature (manufacturer datasheet),,,,,,,specs,HOYA-optical,365.01,1013.9800000000001,TAF3D,,1.800582238339348,5.039745999999999e-09,,,,,density 4.4 g/cm3 stated by the manufacturer's datasheet (TAF3D); formula NULL: a catalog optical glass (composition proprietary); no x-ray / neutron SLD,,,,,,HOYA Zemax catalog 2017-04-01 (obtained from http://www.hoya-opticalworld.com),,,2017.0,optical glass,HOYA-optical/TAF3D,1.8042,46.5,804465,,-0.0073,6.1e-06,243 343,standard,Recommended glass type
1393,HOYA TAF4,,,,,,,,,,,,4.54,literature (manufacturer datasheet),,,,,,,specs,HOYA-optical,365.01,1013.9800000000001,TAF4,,1.7845193220691702,5.039745999999999e-09,,,,,density 4.54 g/cm3 stated by the manufacturer's datasheet (TAF4); formula NULL: a catalog optical glass (composition proprietary); no x-ray / neutron SLD,,,,,,HOYA Zemax catalog 2017-04-01 (obtained from http://www.hoya-opticalworld.com),,,2017.0,optical glass,HOYA-optical/TAF4,1.788,47.49,788475,,-0.009,5.8e-06,243 343,special,Not in a position to accept new order because of discontinuation.
1394,HOYA TAF5,,,,,,,,,,,,5.06,literature (manufacturer datasheet),,,,,,,specs,HOYA-optical,365.01,1013.9800000000001,TAF5,,1.8123389569485415,2.508672e-08,,,,,density 5.06 g/cm3 stated by the manufacturer's datasheet (TAF5); formula NULL: a catalog optical glass (composition proprietary); no x-ray / neutron SLD,,,,,,HOYA Zemax catalog 2017-04-01 (obtained from http://www.hoya-opticalworld.com),,,2017.0,optical glass,HOYA-optical/TAF5,1.816,46.57,816466,,-0.0083,6.3e-06,243 343,special,Not in a position to accept new order because of discontinuation.
1395,HOYA M-TAF1,,,,,,,,,,,,4.83,literature (manufacturer datasheet),,,,,,,specs,HOYA-optical,365.01,1013.9800000000001,M-TAF1,,1.7692325909356923,1.513436e-08,,,,,density 4.83 g/cm3 stated by the manufacturer's datasheet (M-TAF1); formula NULL: a catalog optical glass (composition proprietary); no x-ray / neutron SLD,,,,,,HOYA Zemax catalog 2017-04-01 (obtained from http://www.hoya-opticalworld.com),,,2017.0,optical glass,HOYA-optical/M-TAF1,1.7725,49.47,773495,772495,-0.0052,7.6e-06,243 343,special,Not in a position to accept new order because of discontinuation.
1396,HOYA M-TAF31,,,,,,,,,,,,4.84,literature (manufacturer datasheet),,,,,,,specs,HOYA-optical,365.01,1013.9800000000001,M-TAF31,,1.7977052239932485,5.039745999999999e-09,,,,,density 4.84 g/cm3 stated by the manufacturer's datasheet (M-TAF31); formula NULL: a catalog optical glass (composition proprietary); no x-ray / neutron SLD,,,,,,HOYA Zemax catalog 2017-04-01 (obtained from http://www.hoya-opticalworld.com),,,2017.0,optical glass,HOYA-optical/M-TAF31,1.80139,45.45,801455,801454,-0.0083,6.2e-06,243 343,standard,Glass for molded optics lens
1397,HOYA M-TAF101,,,,,,,,,,,,4.56,literature (manufacturer datasheet),,,,,,,specs,HOYA-optical,365.01,1013.9800000000001,M-TAF101,,1.7647411811895595,1.513436e-08,,,,,density 4.56 g/cm3 stated by the manufacturer's datasheet (M-TAF101); formula NULL: a catalog optical glass (composition proprietary); no x-ray / neutron SLD,,,,,,HOYA Zemax catalog 2017-04-01 (obtained from http://www.hoya-opticalworld.com),,,2017.0,optical glass,HOYA-optical/M-TAF101,1.76802,49.24,768492,,-0.0081,5.9e-06,243 343,standard,Glass for molded optics lens
1398,HOYA M-TAF105,,,,,,,,,,,,4.62,literature (manufacturer datasheet),,,,,,,specs,HOYA-optical,365.01,1013.9800000000001,M-TAF105,,1.769224944076572,1.0084326000000001e-08,,,,,density 4.62 g/cm3 stated by the manufacturer's datasheet (M-TAF105); formula NULL: a catalog optical glass (composition proprietary); no x-ray / neutron SLD,,,,,,HOYA Zemax catalog 2017-04-01 (obtained from http://www.hoya-opticalworld.com),,,2017.0,optical glass,HOYA-optical/M-TAF105,1.7725,49.5,773495,772495,-0.0072,5.7e-06,243 343,standard,Glass for molded optics lens
1399,HOYA M-TAF401,,,,,,,,,,,,4.62,literature (manufacturer datasheet),,,,,,,specs,HOYA-optical,365.01,1013.9800000000001,M-TAF401,,1.7703346001451692,2.1820340000000002e-08,,,,,density 4.62 g/cm3 stated by the manufacturer's datasheet (M-TAF401); formula NULL: a catalog optical glass (composition proprietary); no x-ray / neutron SLD,,,,,,HOYA Zemax catalog 2017-04-01 (obtained from http://www.hoya-opticalworld.com),,,2017.0,optical glass,HOYA-optical/M-TAF401,1.77377,47.17,774472,,-0.0078,6.1e-06,243 343,standard,Glass for molded optics lens
1400,HOYA MC-TAF1,,,,,,,,,,,,4.83,literature (manufacturer datasheet),,,,,,,specs,HOYA-optical,365.01,1013.9800000000001,MC-TAF1,,1.7692325909356923,1.513436e-08,,,,,density 4.83 g/cm3 stated by the manufacturer's datasheet (MC-TAF1); formula NULL: a catalog optical glass (composition proprietary); no x-ray / neutron SLD,,,,,,HOYA Zemax catalog 2017-04-01 (obtained from http://www.hoya-opticalworld.com),,,2017.0,optical glass,HOYA-optical/MC-TAF1,1.7725,49.47,773495,772495,-0.0052,7.6e-06,243 343,special,Not in a position to accept new order because of discontinuation.
1401,HOYA MC-TAF31-15,,,,,,,,,,,,4.84,literature (manufacturer datasheet),,,,,,,specs,HOYA-optical,365.01,1013.9800000000001,MC-TAF31-15,,1.7978550486496405,1.0084326000000001e-08,,,,,density 4.84 g/cm3 stated by the manufacturer's datasheet (MC-TAF31-15); formula NULL: a catalog optical glass (composition proprietary); no x-ray / neutron SLD,,,,,,HOYA Zemax catalog 2017-04-01 (obtained from http://www.hoya-opticalworld.com),,,2017.0,optical glass,HOYA-optical/MC-TAF31-15,1.80154,45.46,802455,,-0.0084,6.2e-06,243 343,standard,Preforms for Precision molding
1402,HOYA MC-TAF101-100,,,,,,,,,,,,4.56,literature (manufacturer datasheet),,,,,,,specs,HOYA-optical,365.01,1013.9800000000001,MC-TAF101-100,,1.7657395820456487,1.0084326000000001e-08,,,,,density 4.56 g/cm3 stated by the manufacturer's datasheet (MC-TAF101-100); formula NULL: a catalog optical glass (composition proprietary); no x-ray / neutron SLD,,,,,,HOYA Zemax catalog 2017-04-01 (obtained from http://www.hoya-opticalworld.com),,,2017.0,optical glass,HOYA-optical/MC-TAF101-100,1.76902,49.29,769493,,-0.008,5.9e-06,243 343,standard,Preforms for Precision molding
1403,HOYA MC-TAF105,,,,,,,,,,,,4.62,literature (manufacturer datasheet),,,,,,,specs,HOYA-optical,365.01,1013.9800000000001,MC-TAF105,,1.769224944076572,5.039745999999999e-09,,,,,density 4.62 g/cm3 stated by the manufacturer's datasheet (MC-TAF105); formula NULL: a catalog optical glass (composition proprietary); no x-ray / neutron SLD,,,,,,HOYA Zemax catalog 2017-04-01 (obtained from http://www.hoya-opticalworld.com),,,2017.0,optical glass,HOYA-optical/MC-TAF105,1.7725,49.5,773495,772495,-0.0072,5.7e-06,243 343,standard,Preforms for Precision molding
1404,HOYA MC-TAF401,,,,,,,,,,,,4.62,literature (manufacturer datasheet),,,,,,,specs,HOYA-optical,365.01,1013.9800000000001,MC-TAF401,,1.7703346001451692,4.554068e-08,,,,,density 4.62 g/cm3 stated by the manufacturer's datasheet (MC-TAF401); formula NULL: a catalog optical glass (composition proprietary); no x-ray / neutron SLD,,,,,,HOYA Zemax catalog 2017-04-01 (obtained from http://www.hoya-opticalworld.com),,,2017.0,optical glass,HOYA-optical/MC-TAF401,1.77377,47.17,774472,,-0.0078,6.1e-06,243 343,standard,Preforms for Precision molding
1405,HOYA MP-TAF31-15,,,,,,,,,,,,4.84,literature (manufacturer datasheet),,,,,,,specs,HOYA-optical,365.01,1013.9800000000001,MP-TAF31-15,,1.7978550486496405,5.039745999999999e-09,,,,,density 4.84 g/cm3 stated by the manufacturer's datasheet (MP-TAF31-15); formula NULL: a catalog optical glass (composition proprietary); no x-ray / neutron SLD,,,,,,HOYA Zemax catalog 2017-04-01 (obtained from http://www.hoya-opticalworld.com),,,2017.0,optical glass,HOYA-optical/MP-TAF31-15,1.80154,45.46,802455,,-0.0084,6.2e-06,243 343,standard,Preforms for Precision molding
1406,HOYA MP-TAF101-100,,,,,,,,,,,,4.56,literature (manufacturer datasheet),,,,,,,specs,HOYA-optical,365.01,1013.9800000000001,MP-TAF101-100,,1.7657395820456487,1.513436e-08,,,,,density 4.56 g/cm3 stated by the manufacturer's datasheet (MP-TAF101-100); formula NULL: a catalog optical glass (composition proprietary); no x-ray / neutron SLD,,,,,,HOYA Zemax catalog 2017-04-01 (obtained from http://www.hoya-opticalworld.com),,,2017.0,optical glass,HOYA-optical/MP-TAF101-100,1.76902,49.29,769493,,-0.008,5.9e-06,243 343,standard,Preforms for Precision molding
1407,HOYA MP-TAF105,,,,,,,,,,,,4.62,literature (manufacturer datasheet),,,,,,,specs,HOYA-optical,365.01,1013.9800000000001,MP-TAF105,,1.769224944076572,1.0084326000000001e-08,,,,,density 4.62 g/cm3 stated by the manufacturer's datasheet (MP-TAF105); formula NULL: a catalog optical glass (composition proprietary); no x-ray / neutron SLD,,,,,,HOYA Zemax catalog 2017-04-01 (obtained from http://www.hoya-opticalworld.com),,,2017.0,optical glass,HOYA-optical/MP-TAF105,1.7725,49.5,773495,772495,-0.0072,5.7e-06,243 343,standard,Preforms for Precision molding
1408,HOYA MP-TAF401,,,,,,,,,,,,4.62,literature (manufacturer datasheet),,,,,,,specs,HOYA-optical,365.01,1013.9800000000001,MP-TAF401,,1.7703346001451692,2.1820340000000002e-08,,,,,density 4.62 g/cm3 stated by the manufacturer's datasheet (MP-TAF401); formula NULL: a catalog optical glass (composition proprietary); no x-ray / neutron SLD,,,,,,HOYA Zemax catalog 2017-04-01 (obtained from http://www.hoya-opticalworld.com),,,2017.0,optical glass,HOYA-optical/MP-TAF401,1.77377,47.17,774472,,-0.0078,6.1e-06,243 343,standard,Preforms for Precision molding
1409,HOYA TAFD5F,,,,,,,,,,,,4.72,literature (manufacturer datasheet),,,,,,,specs,HOYA-optical,365.01,1013.9800000000001,TAFD5F,,1.830745248880196,8.458480000000001e-09,,,,,density 4.72 g/cm3 stated by the manufacturer's datasheet (TAFD5F); formula NULL: a catalog optical glass (composition proprietary); no x-ray / neutron SLD,,,,,,HOYA Zemax catalog 2017-04-01 (obtained from http://www.hoya-opticalworld.com),,,2017.0,optical glass,HOYA-optical/TAFD5F,1.83481,42.72,835427,,-0.0062,6.2e-06,243 343,,General glass Type
1410,HOYA TAFD5G,,,,,,,,,,,,4.57,literature (manufacturer datasheet),,,,,,,specs,HOYA-optical,365.01,1013.9800000000001,TAFD5G,,1.8307462551273512,1.1711599999999999e-08,,,,,density 4.57 g/cm3 stated by the manufacturer's datasheet (TAFD5G); formula NULL: a catalog optical glass (composition proprietary); no x-ray / neutron SLD,,,,,,HOYA Zemax catalog 2017-04-01 (obtained from http://www.hoya-opticalworld.com),,,2017.0,optical glass,HOYA-optical/TAFD5G,1.83481,42.72,835427,,-0.0065,6.3e-06,243 343,standard,Recommended glass type
1411,HOYA TAFD25,,,,,,,,,,,,4.51,literature (manufacturer datasheet),,,,,,,specs,HOYA-optical,365.01,1013.9800000000001,TAFD25,,1.897784181518372,2.5249699999999998e-08,,,,,density 4.51 g/cm3 stated by the manufacturer's datasheet (TAFD25); formula NULL: a catalog optical glass (composition proprietary); no x-ray / neutron SLD,,,,,,HOYA Zemax catalog 2017-04-01 (obtained from http://www.hoya-opticalworld.com),,,2017.0,optical glass,HOYA-optical/TAFD25,1.90366,31.32,904313,,0.0028,7e-06,243 343,standard,Recommended glass type
1412,HOYA TAFD30,,,,,,,,,,,,5.42,literature (manufacturer datasheet),,,,,,,specs,HOYA-optical,365.01,1013.9800000000001,TAFD30,,1.878513389875802,5.039745999999999e-09,,,,,density 5.42 g/cm3 stated by the manufacturer's datasheet (TAFD30); formula NULL: a catalog optical glass (composition proprietary); no x-ray / neutron SLD,,,,,,HOYA Zemax catalog 2017-04-01 (obtained from http://www.hoya-opticalworld.com),,,2017.0,optical glass,HOYA-optical/TAFD30,1.883,40.8,883408,,-0.0094,6.5e-06,243 343,standard,Recommended glass type
1413,HOYA TAFD32,,,,,,,,,,,,4.84,literature (manufacturer datasheet),,,,,,,specs,HOYA-optical,365.01,1013.9800000000001,TAFD32,,1.8662756360028259,1.1711599999999999e-08,,,,,density 4.84 g/cm3 stated by the manufacturer's datasheet (TAFD32); formula NULL: a catalog optical glass (composition proprietary); no x-ray / neutron SLD,,,,,,HOYA Zemax catalog 2017-04-01 (obtained from http://www.hoya-opticalworld.com),,,2017.0,optical glass,HOYA-optical/TAFD32,1.8707,40.73,871407,,-0.0067,6.8e-06,243 343,standard,Recommended glass type
1414,HOYA TAFD33,,,,,,,,,,,,5.4,literature (manufacturer datasheet),,,,,,,specs,HOYA-optical,365.01,1013.9800000000001,TAFD33,,1.8764622438387548,2.1820340000000002e-08,,,,,density 5.4 g/cm3 stated by the manufacturer's datasheet (TAFD33); formula NULL: a catalog optical glass (composition proprietary); no x-ray / neutron SLD,,,,,,HOYA Zemax catalog 2017-04-01 (obtained from http://www.hoya-opticalworld.com),,,2017.0,optical glass,HOYA-optical/TAFD33,1.881,40.14,881401,,-0.0059,6.8e-06,243 343,standard,Recommended glass type
1415,HOYA TAFD35,,,,,,,,,,,,4.97,literature (manufacturer datasheet),,,,,,,specs,HOYA-optical,365.01,1013.9800000000001,TAFD35,,1.9055203228135607,3.194874e-08,,,,,density 4.97 g/cm3 stated by the manufacturer's datasheet (TAFD35); formula NULL: a catalog optical glass (composition proprietary); no x-ray / neutron SLD,,,,,,HOYA Zemax catalog 2017-04-01 (obtained from http://www.hoya-opticalworld.com),,,2017.0,optical glass,HOYA-optical/TAFD35,1.91082,35.25,911353,911352,-0.0026,6.8e-06,243 343,standard,Recommended glass type
1416,HOYA TAFD37,,,,,,,,,,,,5.19,literature (manufacturer datasheet),,,,,,,specs,HOYA-optical,365.01,1013.9800000000001,TAFD37,,1.895470661219717,3.03147e-08,,,,,density 5.19 g/cm3 stated by the manufacturer's datasheet (TAFD37); formula NULL: a catalog optical glass (composition proprietary); no x-ray / neutron SLD,,,,,,HOYA Zemax catalog 2017-04-01 (obtained from http://www.hoya-opticalworld.com),,,2017.0,optical glass,HOYA-optical/TAFD37,1.90043,37.37,900374,,-0.0038,7e-06,243 343,,General glass Type
1417,HOYA TAFD37A,,,,,,,,,,,,4.9,literature (manufacturer datasheet),,,,,,,specs,HOYA-optical,365.01,1013.9800000000001,TAFD37A,,1.8954687912244448,2.5249699999999998e-08,,,,,density 4.9 g/cm3 stated by the manufacturer's datasheet (TAFD37A); formula NULL: a catalog optical glass (composition proprietary); no x-ray / neutron SLD,,,,,,HOYA Zemax catalog 2017-04-01 (obtained from http://www.hoya-opticalworld.com),,,2017.0,optical glass,HOYA-optical/TAFD37A,1.90043,37.37,900374,,-0.0043,7e-06,243 343,standard,Recommended glass type
1418,HOYA TAFD40,,,,,,,,,,,,4.73,literature (manufacturer datasheet),,,,,,,specs,HOYA-optical,365.01,1013.9800000000001,TAFD40,,1.99278691285081,2.002662e-08,,,,,density 4.73 g/cm3 stated by the manufacturer's datasheet (TAFD40); formula NULL: a catalog optical glass (composition proprietary); no x-ray / neutron SLD,,,,,,HOYA Zemax catalog 2017-04-01 (obtained from http://www.hoya-opticalworld.com),,,2017.0,optical glass,HOYA-optical/TAFD40,2.00069,25.46,001255,,0.0111,7.2e-06,243 343,standard,Recommended glass type
1419,HOYA TAFD45,,,,,,,,,,,,5.1,literature (manufacturer datasheet),,,,,,,specs,HOYA-optical,365.01,1013.9800000000001,TAFD45,,1.947724307195975,5.039745999999999e-09,,,,,density 5.1 g/cm3 stated by the manufacturer's datasheet (TAFD45); formula NULL: a catalog optical glass (composition proprietary); no x-ray / neutron SLD,,,,,,HOYA Zemax catalog 2017-04-01 (obtained from http://www.hoya-opticalworld.com),,,2017.0,optical glass,HOYA-optical/TAFD45,1.95375,32.32,954323,,,7e-06,243 343,standard,Recommended glass type
1420,HOYA TAFD55,,,,,,,,,,,,5.12,literature (manufacturer datasheet),,,,,,,specs,HOYA-optical,365.01,1013.9800000000001,TAFD55,,1.9940334426077504,6.665592e-09,,,,,density 5.12 g/cm3 stated by the manufacturer's datasheet (TAFD55); formula NULL: a catalog optical glass (composition proprietary); no x-ray / neutron SLD,,,,,,HOYA Zemax catalog 2017-04-01 (obtained from http://www.hoya-opticalworld.com),,,2017.0,optical glass,HOYA-optical/TAFD55,2.001,29.13,001291,,0.0036,7.3e-06,243 343,standard,Recommended glass type
1421,HOYA TAFD65,,,,,,,,,,,,5.27,literature (manufacturer datasheet),,,,,,,specs,HOYA-optical,365.01,1013.9800000000001,TAFD65,,2.0430151576077105,2.6882039999999998e-08,,,,,density 5.27 g/cm3 stated by the manufacturer's datasheet (TAFD65); formula NULL: a catalog optical glass (composition proprietary); no x-ray / neutron SLD,,,,,,HOYA Zemax catalog 2017-04-01 (obtained from http://www.hoya-opticalworld.com),,,2017.0,optical glass,HOYA-optical/TAFD65,2.0509,26.94,051269,,0.0055,7.3e-06,243 343,standard,Recommended glass type
1422,HOYA M-TAFD51,,,,,,,,,,,,5.01,literature (manufacturer datasheet),,,,,,,specs,HOYA-optical,365.01,1013.9800000000001,M-TAFD51,,1.8168043320645881,5.039745999999999e-09,,,,,density 5.01 g/cm3 stated by the manufacturer's datasheet (M-TAFD51); formula NULL: a catalog optical glass (composition proprietary); no x-ray / neutron SLD,,,,,,HOYA Zemax catalog 2017-04-01 (obtained from http://www.hoya-opticalworld.com),,,2017.0,optical glass,HOYA-optical/M-TAFD51,1.8208,42.71,821427,,-0.0072,6.4e-06,243 343,standard,Glass for molded optics lens
1423,HOYA M-TAFD305,,,,,,,,,,,,5.25,literature (manufacturer datasheet),,,,,,,specs,HOYA-optical,365.01,1013.9800000000001,M-TAFD305,,1.8469546105761605,5.039745999999999e-09,,,,,density 5.25 g/cm3 stated by the manufacturer's datasheet (M-TAFD305); formula NULL: a catalog optical glass (composition proprietary); no x-ray / neutron SLD,,,,,,HOYA Zemax catalog 2017-04-01 (obtained from http://www.hoya-opticalworld.com),,,2017.0,optical glass,HOYA-optical/M-TAFD305,1.85135,40.1,851401,,-0.0067,6e-06,243 343,standard,Glass for molded optics lens
1424,HOYA M-TAFD307,,,,,,,,,,,,5.49,literature (manufacturer datasheet),,,,,,,specs,HOYA-optical,365.01,1013.9800000000001,M-TAFD307,,1.8771432136116002,6.665592e-09,,,,,density 5.49 g/cm3 stated by the manufacturer's datasheet (M-TAFD307); formula NULL: a catalog optical glass (composition proprietary); no x-ray / neutron SLD,,,,,,HOYA Zemax catalog 2017-04-01 (obtained from http://www.hoya-opticalworld.com),,,2017.0,optical glass,HOYA-optical/M-TAFD307,1.88202,37.22,882372,,-0.0044,6.7e-06,243 343,standard,Glass for molded optics lens
1425,HOYA M-TAFD405,,,,,,,,,,,,5.45,literature (manufacturer datasheet),,,,,,,specs,HOYA-optical,365.01,1013.9800000000001,M-TAFD405,,1.9450114914794798,2.01897e-08,,,,,density 5.45 g/cm3 stated by the manufacturer's datasheet (M-TAFD405); formula NULL: a catalog optical glass (composition proprietary); no x-ray / neutron SLD,,,,,,HOYA Zemax catalog 2017-04-01 (obtained from http://www.hoya-opticalworld.com),,,2017.0,optical glass,HOYA-optical/M-TAFD405,1.9515,29.83,952298,,0.0011,6e-06,243 343,standard,Glass for molded optics lens
1426,HOYA MC-TAFD51-50,,,,,,,,,,,,5.01,literature (manufacturer datasheet),,,,,,,specs,HOYA-optical,365.01,1013.9800000000001,MC-TAFD51-50,,1.8173049264297885,1.0084326000000001e-08,,,,,density 5.01 g/cm3 stated by the manufacturer's datasheet (MC-TAFD51-50); formula NULL: a catalog optical glass (composition proprietary); no x-ray / neutron SLD,,,,,,HOYA Zemax catalog 2017-04-01 (obtained from http://www.hoya-opticalworld.com),,,2017.0,optical glass,HOYA-optical/MC-TAFD51-50,1.8213,42.72,821427,,-0.0065,6.4e-06,243 343,standard,Preforms for Precision molding
1427,HOYA MC-TAFD305,,,,,,,,,,,,5.25,literature (manufacturer datasheet),,,,,,,specs,HOYA-optical,365.01,1013.9800000000001,MC-TAFD305,,1.8469546105761605,2.361906e-08,,,,,density 5.25 g/cm3 stated by the manufacturer's datasheet (MC-TAFD305); formula NULL: a catalog optical glass (composition proprietary); no x-ray / neutron SLD,,,,,,HOYA Zemax catalog 2017-04-01 (obtained from http://www.hoya-opticalworld.com),,,2017.0,optical glass,HOYA-optical/MC-TAFD305,1.85135,40.1,851401,,-0.0067,6e-06,243 343,standard,Preforms for Precision molding
1428,HOYA MC-TAFD307,,,,,,,,,,,,5.49,literature (manufacturer datasheet),,,,,,,specs,HOYA-optical,365.01,1013.9800000000001,MC-TAFD307,,1.8771432136116002,3.03147e-08,,,,,density 5.49 g/cm3 stated by the manufacturer's datasheet (MC-TAFD307); formula NULL: a catalog optical glass (composition proprietary); no x-ray / neutron SLD,,,,,,HOYA Zemax catalog 2017-04-01 (obtained from http://www.hoya-opticalworld.com),,,2017.0,optical glass,HOYA-optical/MC-TAFD307,1.88202,37.22,882372,,-0.0044,6.7e-06,243 343,standard,Preforms for Precision molding
1429,HOYA MP-TAFD51-50,,,,,,,,,,,,5.01,literature (manufacturer datasheet),,,,,,,specs,HOYA-optical,365.01,1013.9800000000001,MP-TAFD51-50,,1.8173049264297885,5.039745999999999e-09,,,,,density 5.01 g/cm3 stated by the manufacturer's datasheet (MP-TAFD51-50); formula NULL: a catalog optical glass (composition proprietary); no x-ray / neutron SLD,,,,,,HOYA Zemax catalog 2017-04-01 (obtained from http://www.hoya-opticalworld.com),,,2017.0,optical glass,HOYA-optical/MP-TAFD51-50,1.8213,42.72,821427,,-0.0065,6.4e-06,243 343,standard,Preforms for Precision molding
1430,HOYA MP-TAFD305,,,,,,,,,,,,5.25,literature (manufacturer datasheet),,,,,,,specs,HOYA-optical,365.01,1013.9800000000001,MP-TAFD305,,1.8469546105761605,5.039745999999999e-09,,,,,density 5.25 g/cm3 stated by the manufacturer's datasheet (MP-TAFD305); formula NULL: a catalog optical glass (composition proprietary); no x-ray / neutron SLD,,,,,,HOYA Zemax catalog 2017-04-01 (obtained from http://www.hoya-opticalworld.com),,,2017.0,optical glass,HOYA-optical/MP-TAFD305,1.85135,40.1,851401,,-0.0067,6e-06,243 343,standard,Preforms for Precision molding
1431,HOYA MP-TAFD307,,,,,,,,,,,,5.49,literature (manufacturer datasheet),,,,,,,specs,HOYA-optical,365.01,1013.9800000000001,MP-TAFD307,,1.8771432136116002,6.665592e-09,,,,,density 5.49 g/cm3 stated by the manufacturer's datasheet (MP-TAFD307); formula NULL: a catalog optical glass (composition proprietary); no x-ray / neutron SLD,,,,,,HOYA Zemax catalog 2017-04-01 (obtained from http://www.hoya-opticalworld.com),,,2017.0,optical glass,HOYA-optical/MP-TAFD307,1.88202,37.22,882372,,-0.0044,6.7e-06,243 343,standard,Preforms for Precision molding
1432,HOYA MP-TAFD405,,,,,,,,,,,,5.45,literature (manufacturer datasheet),,,,,,,specs,HOYA-optical,365.01,1013.9800000000001,MP-TAFD405,,1.9450114914794798,2.01897e-08,,,,,density 5.45 g/cm3 stated by the manufacturer's datasheet (MP-TAFD405); formula NULL: a catalog optical glass (composition proprietary); no x-ray / neutron SLD,,,,,,HOYA Zemax catalog 2017-04-01 (obtained from http://www.hoya-opticalworld.com),,,2017.0,optical glass,HOYA-optical/MP-TAFD405,1.9515,29.83,952298,,0.0011,6e-06,243 343,standard,Preforms for Precision molding
1433,HOYA E-CF6,,,,,,,,,,,,2.43,literature (manufacturer datasheet),,,,,,,specs,HOYA-optical,365.01,1013.9800000000001,E-CF6,,1.5153436072124902,2.7051720000000003e-08,,,,,density 2.43 g/cm3 stated by the manufacturer's datasheet (E-CF6); formula NULL: a catalog optical glass (composition proprietary); no x-ray / neutron SLD,,,,,,HOYA Zemax catalog 2017-04-01 (obtained from http://www.hoya-opticalworld.com),,,2017.0,optical glass,HOYA-optical/E-CF6,1.51742,52.15,517522,,0.0045,8.2e-06,243 343,,General glass Type
1434,SUMITA K-SK4,,,,,,,,,,,,3.58,literature (manufacturer datasheet),,,,,,,specs,SUMITA-optical,360.0,1550.0,K-SK4,,1.6105080885757141,1.0084326000000001e-08,,,,,density 3.58 g/cm3 stated by the manufacturer's datasheet (K-SK4); formula NULL: a catalog optical glass (composition proprietary); no x-ray / neutron SLD,,,,,,SUMITA Zemax catalog 2017-02-02 (obtained from http://www.sumita-opt.co.jp)See also SUMITA optical glass data book,,,2017.0,optical glass,SUMITA-optical/K-SK4,1.61272,58.6,613586,,-0.0006,6.1e-06,243 343,,
1435,SUMITA K-SK5,,,,,,,,,,,,3.32,literature (manufacturer datasheet),,,,,,,specs,SUMITA-optical,360.0,1550.0,K-SK5,,1.587090894607748,2.52497e-08,,,,,density 3.32 g/cm3 stated by the manufacturer's datasheet (K-SK5); formula NULL: a catalog optical glass (composition proprietary); no x-ray / neutron SLD,,,,,,SUMITA Zemax catalog 2017-02-02 (obtained from http://www.sumita-opt.co.jp)See also SUMITA optical glass data book,,,2017.0,optical glass,SUMITA-optical/K-SK5,1.58913,61.2,589612,,-0.0012,5.4e-06,243 343,,
1436,SUMITA K-SK7,,,,,,,,,,,,3.5,literature (manufacturer datasheet),,,,,,,specs,SUMITA-optical,360.0,1550.0,K-SK7,,1.6051293977677075,4.046036e-08,,,,,density 3.5 g/cm3 stated by the manufacturer's datasheet (K-SK7); formula NULL: a catalog optical glass (composition proprietary); no x-ray / neutron SLD,,,,,,SUMITA Zemax catalog 2017-02-02 (obtained from http://www.sumita-opt.co.jp)See also SUMITA optical glass data book,,,2017.0,optical glass,SUMITA-optical/K-SK7,1.60729,59.5,607595,,-0.0001,7.1e-06,243 343,,
1437,SUMITA K-SK14,,,,,,,,,,,,3.44,literature (manufacturer datasheet),,,,,,,specs,SUMITA-optical,360.0,1550.0,K-SK14,,1.6010053373974913,1.17116e-08,,,,,density 3.44 g/cm3 stated by the manufacturer's datasheet (K-SK14); formula NULL: a catalog optical glass (composition proprietary); no x-ray / neutron SLD,,,,,,SUMITA Zemax catalog 2017-02-02 (obtained from http://www.sumita-opt.co.jp)See also SUMITA optical glass data book,,,2017.0,optical glass,SUMITA-optical/K-SK14,1.60311,60.7,603607,,-0.0011,5.7e-06,243 343,,
1438,SUMITA K-SK15,,,,,,,,,,,,3.67,literature (manufacturer datasheet),,,,,,,specs,SUMITA-optical,360.0,1550.0,K-SK15,,1.6207264069205856,1.0084326000000001e-08,,,,,density 3.67 g/cm3 stated by the manufacturer's datasheet (K-SK15); formula NULL: a catalog optical glass (composition proprietary); no x-ray / neutron SLD,,,,,,SUMITA Zemax catalog 2017-02-02 (obtained from http://www.sumita-opt.co.jp)See also SUMITA optical glass data book,,,2017.0,optical glass,SUMITA-optical/K-SK15,1.62299,58.1,623581,,-0.0023,6.8e-06,243 343,,
1439,SUMITA K-SK16RH,,,,,,,,,,,,3.5,literature (manufacturer datasheet),,,,,,,specs,SUMITA-optical,360.0,1550.0,K-SK16RH,,1.618224213475876,1.0084326000000001e-08,,,,,density 3.5 g/cm3 stated by the manufacturer's datasheet (K-SK16RH); formula NULL: a catalog optical glass (composition proprietary); no x-ray / neutron SLD,,,,,,SUMITA Zemax catalog 2017-02-02 (obtained from http://www.sumita-opt.co.jp)See also SUMITA optical glass data book,,,2017.0,optical glass,SUMITA-optical/K-SK16RH,1.62041,60.3,620603,,-0.0029,6e-06,243 343,,
1440,SUMITA K-SK18,,,,,,,,,,,,3.69,literature (manufacturer datasheet),,,,,,,specs,SUMITA-optical,360.0,1550.0,K-SK18,,1.6361220135302943,1.839428e-08,,,,,density 3.69 g/cm3 stated by the manufacturer's datasheet (K-SK18); formula NULL: a catalog optical glass (composition proprietary); no x-ray / neutron SLD,,,,,,SUMITA Zemax catalog 2017-02-02 (obtained from http://www.sumita-opt.co.jp)See also SUMITA optical glass data book,,,2017.0,optical glass,SUMITA-optical/K-SK18,1.63854,55.5,639555,,-0.0018,6.8e-06,243 343,,
1441,SUMITA K-SK18RH,,,,,,,,,,,,3.35,literature (manufacturer datasheet),,,,,,,specs,SUMITA-optical,360.0,1550.0,K-SK18RH,,1.6361184496733434,1.839428e-08,,,,,density 3.35 g/cm3 stated by the manufacturer's datasheet (K-SK18RH); formula NULL: a catalog optical glass (composition proprietary); no x-ray / neutron SLD,,,,,,SUMITA Zemax catalog 2017-02-02 (obtained from http://www.sumita-opt.co.jp)See also SUMITA optical glass data book,,,2017.0,optical glass,SUMITA-optical/K-SK18RH,1.63854,55.5,639555,,-0.0008,6.7e-06,243 343,,
1442,SUMITA K-BK7,,,,,,,,,,,,2.52,literature (manufacturer datasheet),,,,,,,specs,SUMITA-optical,360.0,1550.0,K-BK7,,1.514611559718683,1.513436e-08,,,,,density 2.52 g/cm3 stated by the manufacturer's datasheet (K-BK7); formula NULL: a catalog optical glass (composition proprietary); no x-ray / neutron SLD,,,,,,SUMITA Zemax catalog 2017-02-02 (obtained from http://www.sumita-opt.co.jp)See also SUMITA optical glass data book,,,2017.0,optical glass,SUMITA-optical/K-BK7,1.51633,64.1,516641,,-0.0014,6.3e-06,243 343,,
1443,SUMITA K-FK5,,,,,,,,,,,,2.45,literature (manufacturer datasheet),,,,,,,specs,SUMITA-optical,360.0,1550.0,K-FK5,,1.48600534605618,2.52497e-08,,,,,density 2.45 g/cm3 stated by the manufacturer's datasheet (K-FK5); formula NULL: a catalog optical glass (composition proprietary); no x-ray / neutron SLD,,,,,,SUMITA Zemax catalog 2017-02-02 (obtained from http://www.sumita-opt.co.jp)See also SUMITA optical glass data book,,,2017.0,optical glass,SUMITA-optical/K-FK5,1.48749,70.4,487704,,0.0032,8.8e-06,243 343,,
1444,SUMITA K-LaK6,,,,,,,,,,,,3.76,literature (manufacturer datasheet),,,,,,,specs,SUMITA-optical,360.0,1550.0,K-LaK6,,1.640166238091133,1.513436e-08,,,,,density 3.76 g/cm3 stated by the manufacturer's datasheet (K-LaK6); formula NULL: a catalog optical glass (composition proprietary); no x-ray / neutron SLD,,,,,,SUMITA Zemax catalog 2017-02-02 (obtained from http://www.sumita-opt.co.jp)See also SUMITA optical glass data book,,,2017.0,optical glass,SUMITA-optical/K-LaK6,1.6425,58.1,643581,,-0.0014,6.2e-06,243 343,,
1445,SUMITA K-LaK7,,,,,,,,,,,,3.76,literature (manufacturer datasheet),,,,,,,specs,SUMITA-optical,360.0,1550.0,K-LaK7,,1.6492371396811,3.03147e-08,,,,,density 3.76 g/cm3 stated by the manufacturer's datasheet (K-LaK7); formula NULL: a catalog optical glass (composition proprietary); no x-ray / neutron SLD,,,,,,SUMITA Zemax catalog 2017-02-02 (obtained from http://www.sumita-opt.co.jp)See also SUMITA optical glass data book,,,2017.0,optical glass,SUMITA-optical/K-LaK7,1.6516,58.3,652583,,-0.0021,6.8e-06,243 343,,
1446,SUMITA K-LaK8,,,,,,,,,,,,3.79,literature (manufacturer datasheet),,,,,,,specs,SUMITA-optical,360.0,1550.0,K-LaK8,,1.710212110781169,4.717982e-08,,,,,density 3.79 g/cm3 stated by the manufacturer's datasheet (K-LaK8); formula NULL: a catalog optical glass (composition proprietary); no x-ray / neutron SLD,,,,,,SUMITA Zemax catalog 2017-02-02 (obtained from http://www.sumita-opt.co.jp)See also SUMITA optical glass data book,,,2017.0,optical glass,SUMITA-optical/K-LaK8,1.713,53.9,713539,,-0.0065,4.9e-06,243 343,,
1447,SUMITA K-LaK9,,,,,,,,,,,,4.059,literature (manufacturer datasheet),,,,,,,specs,SUMITA-optical,360.0,1550.0,K-LaK9,,1.688344849968788,4.046036e-08,,,,,density 4.059 g/cm3 stated by the manufacturer's datasheet (K-LaK9); formula NULL: a catalog optical glass (composition proprietary); no x-ray / neutron SLD,,,,,,SUMITA Zemax catalog 2017-02-02 (obtained from http://www.sumita-opt.co.jp)See also SUMITA optical glass data book,,,2017.0,optical glass,SUMITA-optical/K-LaK9,1.691,54.8,691548,,-0.004,8.6e-06,293 573,,
1448,SUMITA K-LaK10,,,,,,,,,,,,4.08,literature (manufacturer datasheet),,,,,,,specs,SUMITA-optical,360.0,1550.0,K-LaK10,,1.7170026600440598,3.015182e-08,,,,,density 4.08 g/cm3 stated by the manufacturer's datasheet (K-LaK10); formula NULL: a catalog optical glass (composition proprietary); no x-ray / neutron SLD,,,,,,SUMITA Zemax catalog 2017-02-02 (obtained from http://www.sumita-opt.co.jp)See also SUMITA optical glass data book,,,2017.0,optical glass,SUMITA-optical/K-LaK10,1.72,50.3,720503,,-0.0066,7.2e-06,243 343,,
1449,SUMITA K-LaK11,,,,,,,,,,,,3.85,literature (manufacturer datasheet),,,,,,,specs,SUMITA-optical,360.0,1550.0,K-LaK11,,1.655876959467682,2.6882039999999998e-08,,,,,density 3.85 g/cm3 stated by the manufacturer's datasheet (K-LaK11); formula NULL: a catalog optical glass (composition proprietary); no x-ray / neutron SLD,,,,,,SUMITA Zemax catalog 2017-02-02 (obtained from http://www.sumita-opt.co.jp)See also SUMITA optical glass data book,,,2017.0,optical glass,SUMITA-optical/K-LaK11,1.6583,57.3,658573,,-0.004,5.6e-06,243 343,,
1450,SUMITA K-LaK12,,,,,,,,,,,,3.98,literature (manufacturer datasheet),,,,,,,specs,SUMITA-optical,360.0,1550.0,K-LaK12,,1.6753326842834393,3.358448e-08,,,,,density 3.98 g/cm3 stated by the manufacturer's datasheet (K-LaK12); formula NULL: a catalog optical glass (composition proprietary); no x-ray / neutron SLD,,,,,,SUMITA Zemax catalog 2017-02-02 (obtained from http://www.sumita-opt.co.jp)See also SUMITA optical glass data book,,,2017.0,optical glass,SUMITA-optical/K-LaK12,1.6779,55.5,678555,,-0.0018,6.9e-06,243 343,,
1451,SUMITA K-LaK14,,,,,,,,,,,,3.64,literature (manufacturer datasheet),,,,,,,specs,SUMITA-optical,360.0,1550.0,K-LaK14,,1.6941551198690792,4.717982e-08,,,,,density 3.64 g/cm3 stated by the manufacturer's datasheet (K-LaK14); formula NULL: a catalog optical glass (composition proprietary); no x-ray / neutron SLD,,,,,,SUMITA Zemax catalog 2017-02-02 (obtained from http://www.sumita-opt.co.jp)See also SUMITA optical glass data book,,,2017.0,optical glass,SUMITA-optical/K-LaK14,1.6968,55.6,697556,,-0.0065,6.4e-06,243 343,,
1452,SUMITA K-LaK18,,,,,,,,,,,,4.08,literature (manufacturer datasheet),,,,,,,specs,SUMITA-optical,360.0,1550.0,K-LaK18,,1.7263414069050727,1.839428e-08,,,,,density 4.08 g/cm3 stated by the manufacturer's datasheet (K-LaK18); formula NULL: a catalog optical glass (composition proprietary); no x-ray / neutron SLD,,,,,,SUMITA Zemax catalog 2017-02-02 (obtained from http://www.sumita-opt.co.jp)See also SUMITA optical glass data book,,,2017.0,optical glass,SUMITA-optical/K-LaK18,1.72916,54.7,729547,,-0.0092,5.6e-06,243 343,,
1453,SUMITA K-LaKn2,,,,,,,,,,,,3.66,literature (manufacturer datasheet),,,,,,,specs,SUMITA-optical,360.0,1550.0,K-LaKn2,,1.6382489190855913,1.839428e-08,,,,,density 3.66 g/cm3 stated by the manufacturer's datasheet (K-LaKn2); formula NULL: a catalog optical glass (composition proprietary); no x-ray / neutron SLD,,,,,,SUMITA Zemax catalog 2017-02-02 (obtained from http://www.sumita-opt.co.jp)See also SUMITA optical glass data book,,,2017.0,optical glass,SUMITA-optical/K-LaKn2,1.6405,60.1,641601,,-0.0029,5.9e-06,243 343,,
1454,SUMITA K-LaKn4,,,,,,,,,,,,3.88,literature (manufacturer datasheet),,,,,,,specs,SUMITA-optical,360.0,1550.0,K-LaKn4,,1.6685269959954168,2.52497e-08,,,,,density 3.88 g/cm3 stated by the manufacturer's datasheet (K-LaKn4); formula NULL: a catalog optical glass (composition proprietary); no x-ray / neutron SLD,,,,,,SUMITA Zemax catalog 2017-02-02 (obtained from http://www.sumita-opt.co.jp)See also SUMITA optical glass data book,,,2017.0,optical glass,SUMITA-optical/K-LaKn4,1.671,57.2,671572,,-0.0038,8.5e-06,293 573,,
1455,SUMITA K-LaKn5,,,,,,,,,,,,3.71,literature (manufacturer datasheet),,,,,,,specs,SUMITA-optical,360.0,1550.0,K-LaKn5,,1.6475509466964584,1.0084326000000001e-08,,,,,density 3.71 g/cm3 stated by the manufacturer's datasheet (K-LaKn5); formula NULL: a catalog optical glass (composition proprietary); no x-ray / neutron SLD,,,,,,SUMITA Zemax catalog 2017-02-02 (obtained from http://www.sumita-opt.co.jp)See also SUMITA optical glass data book,,,2017.0,optical glass,SUMITA-optical/K-LaKn5,1.65,55.8,650558,,-0.0011,8e-06,293 573,,
1456,SUMITA K-LaKn7,,,,,,,,,,,,3.78,literature (manufacturer datasheet),,,,,,,specs,SUMITA-optical,360.0,1550.0,K-LaKn7,,1.6672794619696323,3.015182e-08,,,,,density 3.78 g/cm3 stated by the manufacturer's datasheet (K-LaKn7); formula NULL: a catalog optical glass (composition proprietary); no x-ray / neutron SLD,,,,,,SUMITA Zemax catalog 2017-02-02 (obtained from http://www.sumita-opt.co.jp)See also SUMITA optical glass data book,,,2017.0,optical glass,SUMITA-optical/K-LaKn7,1.67,51.7,670517,,-0.0042,6.3e-06,243 343,,
1457,SUMITA K-LaKn11,,,,,,,,,,,,3.75,literature (manufacturer datasheet),,,,,,,specs,SUMITA-optical,360.0,1550.0,K-LaKn11,,1.6557243120980003,2.6882039999999998e-08,,,,,density 3.75 g/cm3 stated by the manufacturer's datasheet (K-LaKn11); formula NULL: a catalog optical glass (composition proprietary); no x-ray / neutron SLD,,,,,,SUMITA Zemax catalog 2017-02-02 (obtained from http://www.sumita-opt.co.jp)See also SUMITA optical glass data book,,,2017.0,optical glass,SUMITA-optical/K-LaKn11,1.6583,53.4,658534,,-0.0014,8.2e-06,293 573,,
1458,SUMITA K-LaKn14,,,,,,,,,,,,4.31,literature (manufacturer datasheet),,,,,,,specs,SUMITA-optical,360.0,1550.0,K-LaKn14,,1.738033731476981,1.0084326000000001e-08,,,,,density 4.31 g/cm3 stated by the manufacturer's datasheet (K-LaKn14); formula NULL: a catalog optical glass (composition proprietary); no x-ray / neutron SLD,,,,,,SUMITA Zemax catalog 2017-02-02 (obtained from http://www.sumita-opt.co.jp)See also SUMITA optical glass data book,,,2017.0,optical glass,SUMITA-optical/K-LaKn14,1.741,52.7,741527,,-0.0095,5.8e-06,243 343,,
1459,SUMITA K-LaSKn1,,,,,,,,,,,,4.51,literature (manufacturer datasheet),,,,,,,specs,SUMITA-optical,360.0,1550.0,K-LaSKn1,,1.7519613464118124,1.0084326000000001e-08,,,,,density 4.51 g/cm3 stated by the manufacturer's datasheet (K-LaSKn1); formula NULL: a catalog optical glass (composition proprietary); no x-ray / neutron SLD,,,,,,SUMITA Zemax catalog 2017-02-02 (obtained from http://www.sumita-opt.co.jp)See also SUMITA optical glass data book,,,2017.0,optical glass,SUMITA-optical/K-LaSKn1,1.755,52.4,755524,,-0.009,5.7e-06,243 343,,
1460,SUMITA K-PSK11,,,,,,,,,,,,3.08,literature (manufacturer datasheet),,,,,,,specs,SUMITA-optical,360.0,1550.0,K-PSK11,,1.563845411374815,1.0084326000000001e-08,,,,,density 3.08 g/cm3 stated by the manufacturer's datasheet (K-PSK11); formula NULL: a catalog optical glass (composition proprietary); no x-ray / neutron SLD,,,,,,SUMITA Zemax catalog 2017-02-02 (obtained from http://www.sumita-opt.co.jp)See also SUMITA optical glass data book,,,2017.0,optical glass,SUMITA-optical/K-PSK11,1.5658,61.0,566610,,0.0036,8.2e-06,243 343,,
1461,SUMITA K-PSK11(M),,,,,,,,,,,,3.08,literature (manufacturer datasheet),,,,,,,specs,SUMITA-optical,360.0,1550.0,K-PSK11(M),,1.557916971282776,1.0084326000000001e-08,,,,,density 3.08 g/cm3 stated by the manufacturer's datasheet (K-PSK11(M)); formula NULL: a catalog optical glass (composition proprietary); no x-ray / neutron SLD,,,,,,SUMITA Zemax catalog 2017-02-02 (obtained from http://www.sumita-opt.co.jp)See also SUMITA optical glass data book,,,2017.0,optical glass,SUMITA-optical/K-PSK11(M),1.55985,61.0,566610,560610,0.0036,8.2e-06,243 343,,
1462,SUMITA K-PSK100,,,,,,,,,,,,3.24,literature (manufacturer datasheet),,,,,,,specs,SUMITA-optical,360.0,1550.0,K-PSK100,,1.589637253170223,1.0084326000000001e-08,,,,,density 3.24 g/cm3 stated by the manufacturer's datasheet (K-PSK100); formula NULL: a catalog optical glass (composition proprietary); no x-ray / neutron SLD,,,,,,SUMITA Zemax catalog 2017-02-02 (obtained from http://www.sumita-opt.co.jp)See also SUMITA optical glass data book,,,2017.0,optical glass,SUMITA-optical/K-PSK100,1.5917,60.7,592607,,0.0028,9.5e-06,243 343,,
1463,SUMITA K-PSK100(M),,,,,,,,,,,,3.24,literature (manufacturer datasheet),,,,,,,specs,SUMITA-optical,360.0,1550.0,K-PSK100(M),,1.5858733118252766,1.0084326000000001e-08,,,,,density 3.24 g/cm3 stated by the manufacturer's datasheet (K-PSK100(M)); formula NULL: a catalog optical glass (composition proprietary); no x-ray / neutron SLD,,,,,,SUMITA Zemax catalog 2017-02-02 (obtained from http://www.sumita-opt.co.jp)See also SUMITA optical glass data book,,,2017.0,optical glass,SUMITA-optical/K-PSK100(M),1.58792,60.6,592607,588606,0.0048,9.5e-06,243 343,,
1464,SUMITA K-PSK200,,,,,,,,,,,,3.38,literature (manufacturer datasheet),,,,,,,specs,SUMITA-optical,360.0,1550.0,K-PSK200,,1.6108648228976088,1.0084326000000001e-08,,,,,density 3.38 g/cm3 stated by the manufacturer's datasheet (K-PSK200); formula NULL: a catalog optical glass (composition proprietary); no x-ray / neutron SLD,,,,,,SUMITA Zemax catalog 2017-02-02 (obtained from http://www.sumita-opt.co.jp)See also SUMITA optical glass data book,,,2017.0,optical glass,SUMITA-optical/K-PSK200,1.61305,59.0,613590,,0.0041,1e-05,243 343,,
1465,SUMITA K-PSK200(M),,,,,,,,,,,,3.38,literature (manufacturer datasheet),,,,,,,specs,SUMITA-optical,360.0,1550.0,K-PSK200(M),,1.6086465485048802,1.0084326000000001e-08,,,,,density 3.38 g/cm3 stated by the manufacturer's datasheet (K-PSK200(M)); formula NULL: a catalog optical glass (composition proprietary); no x-ray / neutron SLD,,,,,,SUMITA Zemax catalog 2017-02-02 (obtained from http://www.sumita-opt.co.jp)See also SUMITA optical glass data book,,,2017.0,optical glass,SUMITA-optical/K-PSK200(M),1.61083,58.9,613590,611589,0.0029,1e-05,243 343,,
1466,SUMITA K-PSK300,,,,,,,,,,,,3.49,literature (manufacturer datasheet),,,,,,,specs,SUMITA-optical,360.0,1550.0,K-PSK300,,1.597566821446321,3.8824619999999997e-08,,,,,density 3.49 g/cm3 stated by the manufacturer's datasheet (K-PSK300); formula NULL: a catalog optical glass (composition proprietary); no x-ray / neutron SLD,,,,,,SUMITA Zemax catalog 2017-02-02 (obtained from http://www.sumita-opt.co.jp)See also SUMITA optical glass data book,,,2017.0,optical glass,SUMITA-optical/K-PSK300,1.5995,65.6,600656,599656,0.0077,1.05e-05,243 343,,
1467,SUMITA K-PSK300(M),,,,,,,,,,,,3.49,literature (manufacturer datasheet),,,,,,,specs,SUMITA-optical,360.0,1550.0,K-PSK300(M),,1.5949669857426312,3.8824619999999997e-08,,,,,density 3.49 g/cm3 stated by the manufacturer's datasheet (K-PSK300(M)); formula NULL: a catalog optical glass (composition proprietary); no x-ray / neutron SLD,,,,,,SUMITA Zemax catalog 2017-02-02 (obtained from http://www.sumita-opt.co.jp)See also SUMITA optical glass data book,,,2017.0,optical glass,SUMITA-optical/K-PSK300(M),1.5969,65.3,600656,597653,0.0067,1.05e-05,243 343,,
1468,SUMITA K-PSK400,,,,,,,,,,,,4.05,literature (manufacturer datasheet),,,,,,,specs,SUMITA-optical,360.0,1550.0,K-PSK400,,1.5931442981856752,3.3615299999999997e-08,,,,,density 4.05 g/cm3 stated by the manufacturer's datasheet (K-PSK400); formula NULL: a catalog optical glass (composition proprietary); no x-ray / neutron SLD,,,,,,SUMITA Zemax catalog 2017-02-02 (obtained from http://www.sumita-opt.co.jp)See also SUMITA optical glass data book,,,2017.0,optical glass,SUMITA-optical/K-PSK400,1.595,67.8,595678,,0.0129,1.01e-05,243 343,,
1469,SUMITA K-PSK400(M),,,,,,,,,,,,4.05,literature (manufacturer datasheet),,,,,,,specs,SUMITA-optical,360.0,1550.0,K-PSK400(M),,1.5899394361809511,3.3615299999999997e-08,,,,,density 4.05 g/cm3 stated by the manufacturer's datasheet (K-PSK400(M)); formula NULL: a catalog optical glass (composition proprietary); no x-ray / neutron SLD,,,,,,SUMITA Zemax catalog 2017-02-02 (obtained from http://www.sumita-opt.co.jp)See also SUMITA optical glass data book,,,2017.0,optical glass,SUMITA-optical/K-PSK400(M),1.59179,67.7,595678,592677,0.0127,1.01e-05,243 343,,
1470,SUMITA K-PSK500,,,,,,,,,,,,3.76,literature (manufacturer datasheet),,,,,,,specs,SUMITA-optical,360.0,1550.0,K-PSK500,,1.5505294424756513,5.0448099999999995e-08,,,,,density 3.76 g/cm3 stated by the manufacturer's datasheet (K-PSK500); formula NULL: a catalog optical glass (composition proprietary); no x-ray / neutron SLD,,,,,,SUMITA Zemax catalog 2017-02-02 (obtained from http://www.sumita-opt.co.jp)See also SUMITA optical glass data book,,,2017.0,optical glass,SUMITA-optical/K-PSK500,1.55215,72.0,552720,,0.0179,1.08e-05,243 343,,
1471,SUMITA K-PSK500(M),,,,,,,,,,,,3.76,literature (manufacturer datasheet),,,,,,,specs,SUMITA-optical,360.0,1550.0,K-PSK500(M),,1.5483866879636243,5.0448099999999995e-08,,,,,density 3.76 g/cm3 stated by the manufacturer's datasheet (K-PSK500(M)); formula NULL: a catalog optical glass (composition proprietary); no x-ray / neutron SLD,,,,,,SUMITA Zemax catalog 2017-02-02 (obtained from http://www.sumita-opt.co.jp)See also SUMITA optical glass data book,,,2017.0,optical glass,SUMITA-optical/K-PSK500(M),1.55,71.9,552720,550719,0.0178,1.08e-05,243 343,,
1472,SUMITA K-PSKn2,,,,,,,,,,,,3.63,literature (manufacturer datasheet),,,,,,,specs,SUMITA-optical,360.0,1550.0,K-PSKn2,,1.615939625021982,1.839428e-08,,,,,density 3.63 g/cm3 stated by the manufacturer's datasheet (K-PSKn2); formula NULL: a catalog optical glass (composition proprietary); no x-ray / neutron SLD,,,,,,SUMITA Zemax catalog 2017-02-02 (obtained from http://www.sumita-opt.co.jp)See also SUMITA optical glass data book,,,2017.0,optical glass,SUMITA-optical/K-PSKn2,1.618,63.4,618634,,0.0055,7.9e-06,243 343,,
1473,SUMITA K-SSK1,,,,,,,,,,,,3.46,literature (manufacturer datasheet),,,,,,,specs,SUMITA-optical,360.0,1550.0,K-SSK1,,1.6148018059948472,1.3507085999999999e-08,,,,,density 3.46 g/cm3 stated by the manufacturer's datasheet (K-SSK1); formula NULL: a catalog optical glass (composition proprietary); no x-ray / neutron SLD,,,,,,SUMITA Zemax catalog 2017-02-02 (obtained from http://www.sumita-opt.co.jp)See also SUMITA optical glass data book,,,2017.0,optical glass,SUMITA-optical/K-SSK1,1.6172,54.0,617540,,-0.0053,7e-06,243 343,,
1474,SUMITA K-SSK3,,,,,,,,,,,,3.37,literature (manufacturer datasheet),,,,,,,specs,SUMITA-optical,360.0,1550.0,K-SSK3,,1.61231035276733,2.705172e-08,,,,,density 3.37 g/cm3 stated by the manufacturer's datasheet (K-SSK3); formula NULL: a catalog optical glass (composition proprietary); no x-ray / neutron SLD,,,,,,SUMITA Zemax catalog 2017-02-02 (obtained from http://www.sumita-opt.co.jp)See also SUMITA optical glass data book,,,2017.0,optical glass,SUMITA-optical/K-SSK3,1.61484,51.1,615511,,-0.0072,5.6e-06,243 343,,
1475,SUMITA K-SSK4,,,,,,,,,,,,3.39,literature (manufacturer datasheet),,,,,,,specs,SUMITA-optical,360.0,1550.0,K-SSK4,,1.6152946896544187,1.0084326000000001e-08,,,,,density 3.39 g/cm3 stated by the manufacturer's datasheet (K-SSK4); formula NULL: a catalog optical glass (composition proprietary); no x-ray / neutron SLD,,,,,,SUMITA Zemax catalog 2017-02-02 (obtained from http://www.sumita-opt.co.jp)See also SUMITA optical glass data book,,,2017.0,optical glass,SUMITA-optical/K-SSK4,1.61765,55.1,618551,,-0.0045,7.1e-06,243 343,,
1476,SUMITA K-SSK9,,,,,,,,,,,,3.29,literature (manufacturer datasheet),,,,,,,specs,SUMITA-optical,360.0,1550.0,K-SSK9,,1.6175212570590227,1.839428e-08,,,,,density 3.29 g/cm3 stated by the manufacturer's datasheet (K-SSK9); formula NULL: a catalog optical glass (composition proprietary); no x-ray / neutron SLD,,,,,,SUMITA Zemax catalog 2017-02-02 (obtained from http://www.sumita-opt.co.jp)See also SUMITA optical glass data book,,,2017.0,optical glass,SUMITA-optical/K-SSK9,1.62012,49.8,620498,,-0.0004,8.3e-06,243 343,,
1477,SUMITA K-BaF8,,,,,,,,,,,,3.02,literature (manufacturer datasheet),,,,,,,specs,SUMITA-optical,360.0,1550.0,K-BaF8,,1.6209669124987662,1.676364e-08,,,,,density 3.02 g/cm3 stated by the manufacturer's datasheet (K-BaF8); formula NULL: a catalog optical glass (composition proprietary); no x-ray / neutron SLD,,,,,,SUMITA Zemax catalog 2017-02-02 (obtained from http://www.sumita-opt.co.jp)See also SUMITA optical glass data book,,,2017.0,optical glass,SUMITA-optical/K-BaF8,1.62374,47.1,624471,,0.0001,6.7e-06,243 343,,
1478,SUMITA K-BaF9,,,,,,,,,,,,3.44,literature (manufacturer datasheet),,,,,,,specs,SUMITA-optical,360.0,1550.0,K-BaF9,,1.640479928322608,2.361906e-08,,,,,density 3.44 g/cm3 stated by the manufacturer's datasheet (K-BaF9); formula NULL: a catalog optical glass (composition proprietary); no x-ray / neutron SLD,,,,,,SUMITA Zemax catalog 2017-02-02 (obtained from http://www.sumita-opt.co.jp)See also SUMITA optical glass data book,,,2017.0,optical glass,SUMITA-optical/K-BaF9,1.64328,47.8,643478,,0.0012,6.6e-06,243 343,,
1479,SUMITA K-BaFn1,,,,,,,,,,,,3.62,literature (manufacturer datasheet),,,,,,,specs,SUMITA-optical,360.0,1550.0,K-BaFn1,,1.6793241686559812,2.01897e-08,,,,,density 3.62 g/cm3 stated by the manufacturer's datasheet (K-BaFn1); formula NULL: a catalog optical glass (composition proprietary); no x-ray / neutron SLD,,,,,,SUMITA Zemax catalog 2017-02-02 (obtained from http://www.sumita-opt.co.jp)See also SUMITA optical glass data book,,,2017.0,optical glass,SUMITA-optical/K-BaFn1,1.6825,44.5,683445,,-0.0003,7.3e-06,243 343,,
1480,SUMITA K-BaFn3,,,,,,,,,,,,3.62,literature (manufacturer datasheet),,,,,,,specs,SUMITA-optical,360.0,1550.0,K-BaFn3,,1.6613988963629585,1.3340880000000002e-08,,,,,density 3.62 g/cm3 stated by the manufacturer's datasheet (K-BaFn3); formula NULL: a catalog optical glass (composition proprietary); no x-ray / neutron SLD,,,,,,SUMITA Zemax catalog 2017-02-02 (obtained from http://www.sumita-opt.co.jp)See also SUMITA optical glass data book,,,2017.0,optical glass,SUMITA-optical/K-BaFn3,1.66422,49.2,664492,,-0.0024,7e-06,243 343,,
1481,SUMITA K-BaSF4,,,,,,,,,,,,2.96,literature (manufacturer datasheet),,,,,,,specs,SUMITA-optical,360.0,1550.0,K-BaSF4,,1.6477959277147158,1.0084326000000001e-08,,,,,density 2.96 g/cm3 stated by the manufacturer's datasheet (K-BaSF4); formula NULL: a catalog optical glass (composition proprietary); no x-ray / neutron SLD,,,,,,SUMITA Zemax catalog 2017-02-02 (obtained from http://www.sumita-opt.co.jp)See also SUMITA optical glass data book,,,2017.0,optical glass,SUMITA-optical/K-BaSF4,1.65128,38.3,651383,,-0.0006,7.1e-06,243 343,,
1482,SUMITA K-BaSF5,,,,,,,,,,,,2.71,literature (manufacturer datasheet),,,,,,,specs,SUMITA-optical,360.0,1550.0,K-BaSF5,,1.600311412296737,1.0084326000000001e-08,,,,,density 2.71 g/cm3 stated by the manufacturer's datasheet (K-BaSF5); formula NULL: a catalog optical glass (composition proprietary); no x-ray / neutron SLD,,,,,,SUMITA Zemax catalog 2017-02-02 (obtained from http://www.sumita-opt.co.jp)See also SUMITA optical glass data book,,,2017.0,optical glass,SUMITA-optical/K-BaSF5,1.60323,42.5,603425,,0.0005,7.9e-06,243 343,,
1483,SUMITA K-LaF2,,,,,,,,,,,,4.01,literature (manufacturer datasheet),,,,,,,specs,SUMITA-optical,360.0,1550.0,K-LaF2,,1.74055517505391,3.358448e-08,,,,,density 4.01 g/cm3 stated by the manufacturer's datasheet (K-LaF2); formula NULL: a catalog optical glass (composition proprietary); no x-ray / neutron SLD,,,,,,SUMITA Zemax catalog 2017-02-02 (obtained from http://www.sumita-opt.co.jp)See also SUMITA optical glass data book,,,2017.0,optical glass,SUMITA-optical/K-LaF2,1.744,44.9,744449,,-0.0038,7.3e-06,243 343,,
1484,SUMITA K-LaFn3,,,,,,,,,,,,4.019,literature (manufacturer datasheet),,,,,,,specs,SUMITA-optical,360.0,1550.0,K-LaFn3,,1.6969690539680928,2.52497e-08,,,,,density 4.019 g/cm3 stated by the manufacturer's datasheet (K-LaFn3); formula NULL: a catalog optical glass (composition proprietary); no x-ray / neutron SLD,,,,,,SUMITA Zemax catalog 2017-02-02 (obtained from http://www.sumita-opt.co.jp)See also SUMITA optical glass data book,,,2017.0,optical glass,SUMITA-optical/K-LaFn3,1.7,48.0,700480,,-0.0034,7.3e-06,243 343,,
1485,SUMITA K-LaFn5,,,,,,,,,,,,4.05,literature (manufacturer datasheet),,,,,,,specs,SUMITA-optical,360.0,1550.0,K-LaFn5,,1.7398320195323684,1.0084326000000001e-08,,,,,density 4.05 g/cm3 stated by the manufacturer's datasheet (K-LaFn5); formula NULL: a catalog optical glass (composition proprietary); no x-ray / neutron SLD,,,,,,SUMITA Zemax catalog 2017-02-02 (obtained from http://www.sumita-opt.co.jp)See also SUMITA optical glass data book,,,2017.0,optical glass,SUMITA-optical/K-LaFn5,1.743,49.2,743492,,-0.0084,5.1e-06,243 343,,
1486,SUMITA K-LaFn11,,,,,,,,,,,,3.88,literature (manufacturer datasheet),,,,,,,specs,SUMITA-optical,360.0,1550.0,K-LaFn11,,1.7168820301189112,1.839428e-08,,,,,density 3.88 g/cm3 stated by the manufacturer's datasheet (K-LaFn11); formula NULL: a catalog optical glass (composition proprietary); no x-ray / neutron SLD,,,,,,SUMITA Zemax catalog 2017-02-02 (obtained from http://www.sumita-opt.co.jp)See also SUMITA optical glass data book,,,2017.0,optical glass,SUMITA-optical/K-LaFn11,1.72013,46.0,720460,,-0.0028,8.1e-06,243 343,,
1487,SUMITA K-LaSFn1,,,,,,,,,,,,4.17,literature (manufacturer datasheet),,,,,,,specs,SUMITA-optical,360.0,1550.0,K-LaSFn1,,1.8020005901374296,1.0084326000000001e-08,,,,,density 4.17 g/cm3 stated by the manufacturer's datasheet (K-LaSFn1); formula NULL: a catalog optical glass (composition proprietary); no x-ray / neutron SLD,,,,,,SUMITA Zemax catalog 2017-02-02 (obtained from http://www.sumita-opt.co.jp)See also SUMITA optical glass data book,,,2017.0,optical glass,SUMITA-optical/K-LaSFn1,1.8061,40.7,806407,,-0.0087,6.7e-06,243 343,,
1488,SUMITA K-LaSFn2,,,,,,,,,,,,4.13,literature (manufacturer datasheet),,,,,,,specs,SUMITA-optical,360.0,1550.0,K-LaSFn2,,1.8007986132925735,1.0084326000000001e-08,,,,,density 4.13 g/cm3 stated by the manufacturer's datasheet (K-LaSFn2); formula NULL: a catalog optical glass (composition proprietary); no x-ray / neutron SLD,,,,,,SUMITA Zemax catalog 2017-02-02 (obtained from http://www.sumita-opt.co.jp)See also SUMITA optical glass data book,,,2017.0,optical glass,SUMITA-optical/K-LaSFn2,1.805,39.6,805396,,-0.0066,5.6e-06,243 343,,
1489,SUMITA K-LaSFn3,,,,,,,,,,,,4.39,literature (manufacturer datasheet),,,,,,,specs,SUMITA-optical,360.0,1550.0,K-LaSFn3,,1.7955780911898642,2.182034e-08,,,,,density 4.39 g/cm3 stated by the manufacturer's datasheet (K-LaSFn3); formula NULL: a catalog optical glass (composition proprietary); no x-ray / neutron SLD,,,,,,SUMITA Zemax catalog 2017-02-02 (obtained from http://www.sumita-opt.co.jp)See also SUMITA optical glass data book,,,2017.0,optical glass,SUMITA-optical/K-LaSFn3,1.7995,42.3,800423,,-0.006,6.9e-06,243 343,,
1490,SUMITA K-LaSFn4,,,,,,,,,,,,4.12,literature (manufacturer datasheet),,,,,,,specs,SUMITA-optical,360.0,1550.0,K-LaSFn4,,1.781249608604438,1.513436e-08,,,,,density 4.12 g/cm3 stated by the manufacturer's datasheet (K-LaSFn4); formula NULL: a catalog optical glass (composition proprietary); no x-ray / neutron SLD,,,,,,SUMITA Zemax catalog 2017-02-02 (obtained from http://www.sumita-opt.co.jp)See also SUMITA optical glass data book,,,2017.0,optical glass,SUMITA-optical/K-LaSFn4,1.785,43.7,785437,,-0.0078,6.9e-06,243 343,,
1491,SUMITA K-LaSFn6,,,,,,,,,,,,4.72,literature (manufacturer datasheet),,,,,,,specs,SUMITA-optical,360.0,1550.0,K-LaSFn6,,1.8003959807708965,1.497152e-08,,,,,density 4.72 g/cm3 stated by the manufacturer's datasheet (K-LaSFn6); formula NULL: a catalog optical glass (composition proprietary); no x-ray / neutron SLD,,,,,,SUMITA Zemax catalog 2017-02-02 (obtained from http://www.sumita-opt.co.jp)See also SUMITA optical glass data book,,,2017.0,optical glass,SUMITA-optical/K-LaSFn6,1.804,46.6,804466,,-0.0098,5.9e-06,243 343,,
1492,SUMITA K-LaSFn7,,,,,,,,,,,,4.44,literature (manufacturer datasheet),,,,,,,specs,SUMITA-optical,360.0,1550.0,K-LaSFn7,,1.7692239207847478,1.0084326000000001e-08,,,,,density 4.44 g/cm3 stated by the manufacturer's datasheet (K-LaSFn7); formula NULL: a catalog optical glass (composition proprietary); no x-ray / neutron SLD,,,,,,SUMITA Zemax catalog 2017-02-02 (obtained from http://www.sumita-opt.co.jp)See also SUMITA optical glass data book,,,2017.0,optical glass,SUMITA-optical/K-LaSFn7,1.7725,49.6,773496,772496,-0.0077,5.7e-06,243 343,,
1493,SUMITA K-LaSFn8,,,,,,,,,,,,4.9,literature (manufacturer datasheet),,,,,,,specs,SUMITA-optical,360.0,1550.0,K-LaSFn8,,1.830937701699131,1.856042e-08,,,,,density 4.9 g/cm3 stated by the manufacturer's datasheet (K-LaSFn8); formula NULL: a catalog optical glass (composition proprietary); no x-ray / neutron SLD,,,,,,SUMITA Zemax catalog 2017-02-02 (obtained from http://www.sumita-opt.co.jp)See also SUMITA optical glass data book,,,2017.0,optical glass,SUMITA-optical/K-LaSFn8,1.835,42.7,835427,,-0.0093,6e-06,243 343,,
1494,SUMITA K-LaSFn9,,,,,,,,,,,,4.96,literature (manufacturer datasheet),,,,,,,specs,SUMITA-optical,360.0,1550.0,K-LaSFn9,,1.8123494431261946,3.1788919999999995e-08,,,,,density 4.96 g/cm3 stated by the manufacturer's datasheet (K-LaSFn9); formula NULL: a catalog optical glass (composition proprietary); no x-ray / neutron SLD,,,,,,SUMITA Zemax catalog 2017-02-02 (obtained from http://www.sumita-opt.co.jp)See also SUMITA optical glass data book,,,2017.0,optical glass,SUMITA-optical/K-LaSFn9,1.816,46.7,816467,,-0.0086,6.3e-06,243 343,,
1495,SUMITA K-LaSFn10,,,,,,,,,,,,4.8,literature (manufacturer datasheet),,,,,,,specs,SUMITA-optical,360.0,1550.0,K-LaSFn10,,1.81166117675544,3.1788919999999995e-08,,,,,density 4.8 g/cm3 stated by the manufacturer's datasheet (K-LaSFn10); formula NULL: a catalog optical glass (composition proprietary); no x-ray / neutron SLD,,,,,,SUMITA Zemax catalog 2017-02-02 (obtained from http://www.sumita-opt.co.jp)See also SUMITA optical glass data book,,,2017.0,optical glass,SUMITA-optical/K-LaSFn10,1.8155,44.4,816444,815444,-0.0105,5.6e-06,243 343,,
1496,SUMITA K-LaSFn14,,,,,,,,,,,,4.18,literature (manufacturer datasheet),,,,,,,specs,SUMITA-optical,400.0,1550.0,K-LaSFn14,,1.8294061996243718,1.4971520000000002e-08,,,,,density 4.18 g/cm3 stated by the manufacturer's datasheet (K-LaSFn14); formula NULL: a catalog optical glass (composition proprietary); no x-ray / neutron SLD,,,,,,SUMITA Zemax catalog 2017-02-02 (obtained from http://www.sumita-opt.co.jp)See also SUMITA optical glass data book,,,2017.0,optical glass,SUMITA-optical/K-LaSFn14,1.834,37.3,834373,,-0.0024,5.8e-06,243 343,,
1497,SUMITA K-LaSFn16,,,,,,,,,,,,4.76,literature (manufacturer datasheet),,,,,,,specs,SUMITA-optical,360.0,1550.0,K-LaSFn16,,1.7848207690821543,4.7019299999999995e-08,,,,,density 4.76 g/cm3 stated by the manufacturer's datasheet (K-LaSFn16); formula NULL: a catalog optical glass (composition proprietary); no x-ray / neutron SLD,,,,,,SUMITA Zemax catalog 2017-02-02 (obtained from http://www.sumita-opt.co.jp)See also SUMITA optical glass data book,,,2017.0,optical glass,SUMITA-optical/K-LaSFn16,1.7883,47.4,788474,,-0.0104,5.4e-06,243 343,,
1498,SUMITA K-LaSFn17,,,,,,,,,,,,5.54,literature (manufacturer datasheet),,,,,,,specs,SUMITA-optical,400.0,1550.0,K-LaSFn17,,1.8785022904684354,3.702044e-08,,,,,density 5.54 g/cm3 stated by the manufacturer's datasheet (K-LaSFn17); formula NULL: a catalog optical glass (composition proprietary); no x-ray / neutron SLD,,,,,,SUMITA Zemax catalog 2017-02-02 (obtained from http://www.sumita-opt.co.jp)See also SUMITA optical glass data book,,,2017.0,optical glass,SUMITA-optical/K-LaSFn17,1.883,40.8,883408,,-0.0095,6.3e-06,243 343,,
1499,SUMITA K-LaSFn21,,,,,,,,,,,,3.99,literature (manufacturer datasheet),,,,,,,specs,SUMITA-optical,400.0,1550.0,K-LaSFn21,,1.8446855667537663,5.3752020000000004e-08,,,,,density 3.99 g/cm3 stated by the manufacturer's datasheet (K-LaSFn21); formula NULL: a catalog optical glass (composition proprietary); no x-ray / neutron SLD,,,,,,SUMITA Zemax catalog 2017-02-02 (obtained from http://www.sumita-opt.co.jp)See also SUMITA optical glass data book,,,2017.0,optical glass,SUMITA-optical/K-LaSFn21,1.85,32.4,850324,,0.0085,6e-06,243 343,,
1500,SUMITA K-LaSFn22,,,,,,,,,,,,4.92,literature (manufacturer datasheet),,,,,,,specs,SUMITA-optical,400.0,1550.0,K-LaSFn22,,1.8925883979401843,4.0460359999999995e-08,,,,,density 4.92 g/cm3 stated by the manufacturer's datasheet (K-LaSFn22); formula NULL: a catalog optical glass (composition proprietary); no x-ray / neutron SLD,,,,,,SUMITA Zemax catalog 2017-02-02 (obtained from http://www.sumita-opt.co.jp)See also SUMITA optical glass data book,,,2017.0,optical glass,SUMITA-optical/K-LaSFn22,1.898,34.0,898340,,,5.7e-06,243 343,,
1501,SUMITA K-LaSFn23,,,,,,,,,,,,4.9,literature (manufacturer datasheet),,,,,,,specs,SUMITA-optical,360.0,1550.0,K-LaSFn23,,1.9056956079608762,3.211832e-08,,,,,density 4.9 g/cm3 stated by the manufacturer's datasheet (K-LaSFn23); formula NULL: a catalog optical glass (composition proprietary); no x-ray / neutron SLD,,,,,,SUMITA Zemax catalog 2017-02-02 (obtained from http://www.sumita-opt.co.jp)See also SUMITA optical glass data book,,,2017.0,optical glass,SUMITA-optical/K-LaSFn23,1.911,35.2,911352,,-0.0019,6.9e-06,243 343,,
1502,SUMITA K-SFLD1,,,,,,,,,,,,3.03,literature (manufacturer datasheet),,,,,,,specs,SUMITA-optical,400.0,1550.0,K-SFLD1,,1.71242849808851,2.361906e-08,,,,,density 3.03 g/cm3 stated by the manufacturer's datasheet (K-SFLD1); formula NULL: a catalog optical glass (composition proprietary); no x-ray / neutron SLD,,,,,,SUMITA Zemax catalog 2017-02-02 (obtained from http://www.sumita-opt.co.jp)See also SUMITA optical glass data book,,,2017.0,optical glass,SUMITA-optical/K-SFLD1,1.71736,29.5,717295,,0.0075,8.2e-06,243 343,,
1503,SUMITA K-SFLDn3,,,,,,,,,,,,3.49,literature (manufacturer datasheet),,,,,,,specs,SUMITA-optical,400.0,1550.0,K-SFLDn3,,1.839569500040864,4.554068e-08,,,,,density 3.49 g/cm3 stated by the manufacturer's datasheet (K-SFLDn3); formula NULL: a catalog optical glass (composition proprietary); no x-ray / neutron SLD,,,,,,SUMITA Zemax catalog 2017-02-02 (obtained from http://www.sumita-opt.co.jp)See also SUMITA optical glass data book,,,2017.0,optical glass,SUMITA-optical/K-SFLDn3,1.84666,23.9,847239,,0.018,8.9e-06,243 343,,
1504,SUMITA K-SFLD4,,,,,,,,,,,,3.19,literature (manufacturer datasheet),,,,,,,specs,SUMITA-optical,400.0,1550.0,K-SFLD4,,1.7496615011739118,3.882462e-08,,,,,density 3.19 g/cm3 stated by the manufacturer's datasheet (K-SFLD4); formula NULL: a catalog optical glass (composition proprietary); no x-ray / neutron SLD,,,,,,SUMITA Zemax catalog 2017-02-02 (obtained from http://www.sumita-opt.co.jp)See also SUMITA optical glass data book,,,2017.0,optical glass,SUMITA-optical/K-SFLD4,1.7552,27.5,755275,,0.0131,8.6e-06,243 343,,
1505,SUMITA K-SFLD6,,,,,,,,,,,,3.4,literature (manufacturer datasheet),,,,,,,specs,SUMITA-optical,400.0,1550.0,K-SFLD6,,1.7988214917679208,6.574944000000001e-08,,,,,density 3.4 g/cm3 stated by the manufacturer's datasheet (K-SFLD6); formula NULL: a catalog optical glass (composition proprietary); no x-ray / neutron SLD,,,,,,SUMITA Zemax catalog 2017-02-02 (obtained from http://www.sumita-opt.co.jp)See also SUMITA optical glass data book,,,2017.0,optical glass,SUMITA-optical/K-SFLD6,1.80518,25.4,805254,,0.0136,9.3e-06,243 343,,
1506,SUMITA K-SFLD8,,,,,,,,,,,,2.94,literature (manufacturer datasheet),,,,,,,specs,SUMITA-optical,400.0,1550.0,K-SFLD8,,1.68442884469581,8.636951999999999e-08,,,,,density 2.94 g/cm3 stated by the manufacturer's datasheet (K-SFLD8); formula NULL: a catalog optical glass (composition proprietary); no x-ray / neutron SLD,,,,,,SUMITA Zemax catalog 2017-02-02 (obtained from http://www.sumita-opt.co.jp)See also SUMITA optical glass data book,,,2017.0,optical glass,SUMITA-optical/K-SFLD8,1.68893,31.1,689311,,0.0062,8e-06,243 343,,
1507,SUMITA K-SFLD11,,,,,,,,,,,,3.3,literature (manufacturer datasheet),,,,,,,specs,SUMITA-optical,400.0,1550.0,K-SFLD11,,1.7786445289455048,7.613123999999999e-08,,,,,density 3.3 g/cm3 stated by the manufacturer's datasheet (K-SFLD11); formula NULL: a catalog optical glass (composition proprietary); no x-ray / neutron SLD,,,,,,SUMITA Zemax catalog 2017-02-02 (obtained from http://www.sumita-opt.co.jp)See also SUMITA optical glass data book,,,2017.0,optical glass,SUMITA-optical/K-SFLD11,1.78472,25.9,785259,,0.0144,9.3e-06,243 343,,
1508,SUMITA K-SFLD14,,,,,,,,,,,,3.15,literature (manufacturer datasheet),,,,,,,specs,SUMITA-optical,400.0,1550.0,K-SFLD14,,1.7560359441015778,6.444739999999999e-08,,,,,density 3.15 g/cm3 stated by the manufacturer's datasheet (K-SFLD14); formula NULL: a catalog optical glass (composition proprietary); no x-ray / neutron SLD,,,,,,SUMITA Zemax catalog 2017-02-02 (obtained from http://www.sumita-opt.co.jp)See also SUMITA optical glass data book,,,2017.0,optical glass,SUMITA-optical/K-SFLD14,1.76182,26.5,762265,,0.0144,8.5e-06,243 343,,
1509,SUMITA K-SFLD66,,,,,,,,,,,,3.35,literature (manufacturer datasheet),,,,,,,specs,SUMITA-optical,400.0,1550.0,K-SFLD66,,1.7927354545678835,2.3795166e-08,,,,,density 3.35 g/cm3 stated by the manufacturer's datasheet (K-SFLD66); formula NULL: a catalog optical glass (composition proprietary); no x-ray / neutron SLD,,,,,,SUMITA Zemax catalog 2017-02-02 (obtained from http://www.sumita-opt.co.jp)See also SUMITA optical glass data book,,,2017.0,optical glass,SUMITA-optical/K-SFLD66,1.79925,24.6,799246,,0.0152,8.7e-06,243 343,,
1510,SUMITA K-BPG2,,,,,,,,,,,,2.72,literature (manufacturer datasheet),,,,,,,specs,SUMITA-optical,360.0,1550.0,K-BPG2,,1.5570143316613285,4.046036e-08,,,,,density 2.72 g/cm3 stated by the manufacturer's datasheet (K-BPG2); formula NULL: a catalog optical glass (composition proprietary); no x-ray / neutron SLD,,,,,,SUMITA Zemax catalog 2017-02-02 (obtained from http://www.sumita-opt.co.jp)See also SUMITA optical glass data book,,,2017.0,optical glass,SUMITA-optical/K-BPG2,1.5592,53.9,559539,,-0.0005,6e-06,243 343,,
1511,SUMITA K-BOC20,,,,,,,,,,,,4.95,literature (manufacturer datasheet),,,,,,,specs,SUMITA-optical,360.0,1550.0,K-BOC20,,1.9980525187495135,5.719854e-08,,,,,density 4.95 g/cm3 stated by the manufacturer's datasheet (K-BOC20); formula NULL: a catalog optical glass (composition proprietary); no x-ray / neutron SLD,,,,,,SUMITA Zemax catalog 2017-02-02 (obtained from http://www.sumita-opt.co.jp)See also SUMITA optical glass data book,,,2017.0,optical glass,SUMITA-optical/K-BOC20,2.0054,27.7,005277,,0.0064,7.6e-06,243 343,,
1512,SUMITA K-BOC30,,,,,,,,,,,,4.8,literature (manufacturer datasheet),,,,,,,specs,SUMITA-optical,400.0,1550.0,K-BOC30,,1.9990583651573115,8.960604e-08,,,,,density 4.8 g/cm3 stated by the manufacturer's datasheet (K-BOC30); formula NULL: a catalog optical glass (composition proprietary); no x-ray / neutron SLD,,,,,,SUMITA Zemax catalog 2017-02-02 (obtained from http://www.sumita-opt.co.jp)See also SUMITA optical glass data book,,,2017.0,optical glass,SUMITA-optical/K-BOC30,2.0068,26.2,007262,,0.0099,7e-06,243 343,,
1513,SUMITA K-CaFK95,,,,,,,,,,,,3.54,literature (manufacturer datasheet),,,,,,,specs,SUMITA-optical,360.0,1550.0,K-CaFK95,,1.4332768893144257,1.0084326000000001e-08,,,,,density 3.54 g/cm3 stated by the manufacturer's datasheet (K-CaFK95); formula NULL: a catalog optical glass (composition proprietary); no x-ray / neutron SLD,,,,,,SUMITA Zemax catalog 2017-02-02 (obtained from http://www.sumita-opt.co.jp)See also SUMITA optical glass data book,,,2017.0,optical glass,SUMITA-optical/K-CaFK95,1.43425,95.0,434950,,0.0483,1.29e-05,243 343,,
1514,SUMITA K-CaFK95(M),,,,,,,,,,,,3.54,literature (manufacturer datasheet),,,,,,,specs,SUMITA-optical,360.0,1550.0,K-CaFK95(M),,1.4321464610878674,1.0084326000000001e-08,,,,,density 3.54 g/cm3 stated by the manufacturer's datasheet (K-CaFK95(M)); formula NULL: a catalog optical glass (composition proprietary); no x-ray / neutron SLD,,,,,,SUMITA Zemax catalog 2017-02-02 (obtained from http://www.sumita-opt.co.jp)See also SUMITA optical glass data book,,,2017.0,optical glass,SUMITA-optical/K-CaFK95(M),1.43312,95.0,434950,433950,0.0506,1.29e-05,243 343,,
1515,SUMITA K-CD45,,,,,,,,,,,,3.13,literature (manufacturer datasheet),,,,,,,specs,SUMITA-optical,400.0,1550.0,K-CD45,,1.689005699165418,3.03147e-08,,,,,density 3.13 g/cm3 stated by the manufacturer's datasheet (K-CD45); formula NULL: a catalog optical glass (composition proprietary); no x-ray / neutron SLD,,,,,,SUMITA Zemax catalog 2017-02-02 (obtained from http://www.sumita-opt.co.jp)See also SUMITA optical glass data book,,,2017.0,optical glass,SUMITA-optical/K-CD45,1.6932,33.7,693337,,0.0055,9.1e-06,243 343,,
1516,SUMITA K-CD45(M),,,,,,,,,,,,3.13,literature (manufacturer datasheet),,,,,,,specs,SUMITA-optical,400.0,1550.0,K-CD45(M),,1.6826260890485973,3.03147e-08,,,,,density 3.13 g/cm3 stated by the manufacturer's datasheet (K-CD45(M)); formula NULL: a catalog optical glass (composition proprietary); no x-ray / neutron SLD,,,,,,SUMITA Zemax catalog 2017-02-02 (obtained from http://www.sumita-opt.co.jp)See also SUMITA optical glass data book,,,2017.0,optical glass,SUMITA-optical/K-CD45(M),1.68673,34.1,693337,687341,0.0064,9.1e-06,243 343,,
1517,SUMITA K-CD120,,,,,,,,,,,,3.01,literature (manufacturer datasheet),,,,,,,specs,SUMITA-optical,400.0,1550.0,K-CD120,,1.7174913711267104,1.0084326000000001e-08,,,,,density 3.01 g/cm3 stated by the manufacturer's datasheet (K-CD120); formula NULL: a catalog optical glass (composition proprietary); no x-ray / neutron SLD,,,,,,SUMITA Zemax catalog 2017-02-02 (obtained from http://www.sumita-opt.co.jp)See also SUMITA optical glass data book,,,2017.0,optical glass,SUMITA-optical/K-CD120,1.7225,29.2,723292,722292,0.009,9.2e-06,243 343,,
1518,SUMITA K-CD120(M),,,,,,,,,,,,3.01,literature (manufacturer datasheet),,,,,,,specs,SUMITA-optical,400.0,1550.0,K-CD120(M),,1.7097722536218796,1.0084326000000001e-08,,,,,density 3.01 g/cm3 stated by the manufacturer's datasheet (K-CD120(M)); formula NULL: a catalog optical glass (composition proprietary); no x-ray / neutron SLD,,,,,,SUMITA Zemax catalog 2017-02-02 (obtained from http://www.sumita-opt.co.jp)See also SUMITA optical glass data book,,,2017.0,optical glass,SUMITA-optical/K-CD120(M),1.71466,29.6,723292,715296,0.0096,9.2e-06,243 343,,
1519,SUMITA K-CSK120,,,,,,,,,,,,3.0,literature (manufacturer datasheet),,,,,,,specs,SUMITA-optical,360.0,1550.0,K-CSK120,,1.584894181879537,1.0084326000000001e-08,,,,,density 3.0 g/cm3 stated by the manufacturer's datasheet (K-CSK120); formula NULL: a catalog optical glass (composition proprietary); no x-ray / neutron SLD,,,,,,SUMITA Zemax catalog 2017-02-02 (obtained from http://www.sumita-opt.co.jp)See also SUMITA optical glass data book,,,2017.0,optical glass,SUMITA-optical/K-CSK120,1.587,59.6,587596,,-0.0031,7.2e-06,243 343,,
1520,SUMITA K-CSK120(M),,,,,,,,,,,,3.0,literature (manufacturer datasheet),,,,,,,specs,SUMITA-optical,360.0,1550.0,K-CSK120(M),,1.5823429794651804,1.0084326000000001e-08,,,,,density 3.0 g/cm3 stated by the manufacturer's datasheet (K-CSK120(M)); formula NULL: a catalog optical glass (composition proprietary); no x-ray / neutron SLD,,,,,,SUMITA Zemax catalog 2017-02-02 (obtained from http://www.sumita-opt.co.jp)See also SUMITA optical glass data book,,,2017.0,optical glass,SUMITA-optical/K-CSK120(M),1.58445,59.2,587596,584592,-0.0038,7.2e-06,243 343,,
1521,SUMITA K-FIR97UV,,,,,,,,,,,,3.75,literature (manufacturer datasheet),,,,,,,specs,SUMITA-optical,360.0,1550.0,K-FIR97UV,,1.4248764643580425,1.0084326000000001e-08,,,,,density 3.75 g/cm3 stated by the manufacturer's datasheet (K-FIR97UV); formula NULL: a catalog optical glass (composition proprietary); no x-ray / neutron SLD,,,,,,SUMITA Zemax catalog 2017-02-02 (obtained from http://www.sumita-opt.co.jp)See also SUMITA optical glass data book,,,2017.0,optical glass,SUMITA-optical/K-FIR97UV,1.4258,97.4,426974,,0.0526,1.3e-05,243 343,,
1522,SUMITA K-FIR98UV,,,,,,,,,,,,3.75,literature (manufacturer datasheet),,,,,,,specs,SUMITA-optical,360.0,1550.0,K-FIR98UV,,1.4244440562326,2.01897e-08,,,,,density 3.75 g/cm3 stated by the manufacturer's datasheet (K-FIR98UV); formula NULL: a catalog optical glass (composition proprietary); no x-ray / neutron SLD,,,,,,SUMITA Zemax catalog 2017-02-02 (obtained from http://www.sumita-opt.co.jp)See also SUMITA optical glass data book,,,2017.0,optical glass,SUMITA-optical/K-FIR98UV,1.42537,97.8,425978,,0.0533,1.3e-05,243 343,,
1523,SUMITA K-GIR79,,,,,,,,,,,,5.14,literature (manufacturer datasheet),,,,,,,specs,SUMITA-optical,360.0,1550.0,K-GIR79,,1.8505898732245105,3.522158e-08,,,,,density 5.14 g/cm3 stated by the manufacturer's datasheet (K-GIR79); formula NULL: a catalog optical glass (composition proprietary); no x-ray / neutron SLD,,,,,,SUMITA Zemax catalog 2017-02-02 (obtained from http://www.sumita-opt.co.jp)See also SUMITA optical glass data book,,,2017.0,optical glass,SUMITA-optical/K-GIR79,1.85588,33.0,856330,,-0.0017,7.1e-06,243 343,,
1524,SUMITA K-GIR140,,,,,,,,,,,,5.24,literature (manufacturer datasheet),,,,,,,specs,SUMITA-optical,360.0,1550.0,K-GIR140,,1.7474621075866845,2.01897e-08,,,,,density 5.24 g/cm3 stated by the manufacturer's datasheet (K-GIR140); formula NULL: a catalog optical glass (composition proprietary); no x-ray / neutron SLD,,,,,,SUMITA Zemax catalog 2017-02-02 (obtained from http://www.sumita-opt.co.jp)See also SUMITA optical glass data book,,,2017.0,optical glass,SUMITA-optical/K-GIR140,1.75106,43.1,751431,,-0.004,5.9e-06,243 343,,
1525,SUMITA K-GFK68,,,,,,,,,,,,4.51,literature (manufacturer datasheet),,,,,,,specs,SUMITA-optical,360.0,1550.0,K-GFK68,,1.5905766282697467,1.0084326000000001e-08,,,,,density 4.51 g/cm3 stated by the manufacturer's datasheet (K-GFK68); formula NULL: a catalog optical glass (composition proprietary); no x-ray / neutron SLD,,,,,,SUMITA Zemax catalog 2017-02-02 (obtained from http://www.sumita-opt.co.jp)See also SUMITA optical glass data book,,,2017.0,optical glass,SUMITA-optical/K-GFK68,1.5924,68.3,592683,,0.0179,1.29e-05,243 343,,
1526,SUMITA K-GFK68(M),,,,,,,,,,,,4.51,literature (manufacturer datasheet),,,,,,,specs,SUMITA-optical,360.0,1550.0,K-GFK68(M),,1.5881635876496547,1.0084326000000001e-08,,,,,density 4.51 g/cm3 stated by the manufacturer's datasheet (K-GFK68(M)); formula NULL: a catalog optical glass (composition proprietary); no x-ray / neutron SLD,,,,,,SUMITA Zemax catalog 2017-02-02 (obtained from http://www.sumita-opt.co.jp)See also SUMITA optical glass data book,,,2017.0,optical glass,SUMITA-optical/K-GFK68(M),1.58998,68.3,592683,590683,0.0179,1.29e-05,243 343,,
1527,SUMITA K-GFK70,,,,,,,,,,,,4.46,literature (manufacturer datasheet),,,,,,,specs,SUMITA-optical,360.0,1550.0,K-GFK70,,1.5673969948402657,1.17116e-08,,,,,density 4.46 g/cm3 stated by the manufacturer's datasheet (K-GFK70); formula NULL: a catalog optical glass (composition proprietary); no x-ray / neutron SLD,,,,,,SUMITA Zemax catalog 2017-02-02 (obtained from http://www.sumita-opt.co.jp)See also SUMITA optical glass data book,,,2017.0,optical glass,SUMITA-optical/K-GFK70,1.56907,71.3,569713,,0.0207,1.32e-05,243 343,,
1528,SUMITA K-GFK70(M),,,,,,,,,,,,4.46,literature (manufacturer datasheet),,,,,,,specs,SUMITA-optical,360.0,1550.0,K-GFK70(M),,1.5646040647668813,1.17116e-08,,,,,density 4.46 g/cm3 stated by the manufacturer's datasheet (K-GFK70(M)); formula NULL: a catalog optical glass (composition proprietary); no x-ray / neutron SLD,,,,,,SUMITA Zemax catalog 2017-02-02 (obtained from http://www.sumita-opt.co.jp)See also SUMITA optical glass data book,,,2017.0,optical glass,SUMITA-optical/K-GFK70(M),1.56627,71.3,569713,566713,0.0207,1.32e-05,243 343,,
1529,SUMITA K-LaFK50,,,,,,,,,,,,5.2,literature (manufacturer datasheet),,,,,,,specs,SUMITA-optical,360.0,1550.0,K-LaFK50,,1.768765400986949,1.17116e-08,,,,,density 5.2 g/cm3 stated by the manufacturer's datasheet (K-LaFK50); formula NULL: a catalog optical glass (composition proprietary); no x-ray / neutron SLD,,,,,,SUMITA Zemax catalog 2017-02-02 (obtained from http://www.sumita-opt.co.jp)See also SUMITA optical glass data book,,,2017.0,optical glass,SUMITA-optical/K-LaFK50,1.772,50.0,772500,,-0.0051,7.3e-06,243 343,,
1530,SUMITA K-LaFK50(M),,,,,,,,,,,,5.2,literature (manufacturer datasheet),,,,,,,specs,SUMITA-optical,360.0,1550.0,K-LaFK50(M),,1.7650687838909003,1.17116e-08,,,,,density 5.2 g/cm3 stated by the manufacturer's datasheet (K-LaFK50(M)); formula NULL: a catalog optical glass (composition proprietary); no x-ray / neutron SLD,,,,,,SUMITA Zemax catalog 2017-02-02 (obtained from http://www.sumita-opt.co.jp)See also SUMITA optical glass data book,,,2017.0,optical glass,SUMITA-optical/K-LaFK50(M),1.76831,49.7,772500,768497,-0.0056,7.3e-06,243 343,,
1531,SUMITA K-LaFK50T,,,,,,,,,,,,4.75,literature (manufacturer datasheet),,,,,,,specs,SUMITA-optical,360.0,1550.0,K-LaFK50T,,1.7627811094610901,2.01897e-08,,,,,density 4.75 g/cm3 stated by the manufacturer's datasheet (K-LaFK50T); formula NULL: a catalog optical glass (composition proprietary); no x-ray / neutron SLD,,,,,,SUMITA Zemax catalog 2017-02-02 (obtained from http://www.sumita-opt.co.jp)See also SUMITA optical glass data book,,,2017.0,optical glass,SUMITA-optical/K-LaFK50T,1.766,49.8,766498,,-0.0064,6.3e-06,243 343,,
1532,SUMITA K-LaFK50T(M),,,,,,,,,,,,4.75,literature (manufacturer datasheet),,,,,,,specs,SUMITA-optical,360.0,1550.0,K-LaFK50T(M),,1.7588719609584178,2.01897e-08,,,,,density 4.75 g/cm3 stated by the manufacturer's datasheet (K-LaFK50T(M)); formula NULL: a catalog optical glass (composition proprietary); no x-ray / neutron SLD,,,,,,SUMITA Zemax catalog 2017-02-02 (obtained from http://www.sumita-opt.co.jp)See also SUMITA optical glass data book,,,2017.0,optical glass,SUMITA-optical/K-LaFK50T(M),1.76209,49.6,766498,762496,-0.0068,6.3e-06,243 343,,
1533,SUMITA K-LaFK55,,,,,,,,,,,,4.34,literature (manufacturer datasheet),,,,,,,specs,SUMITA-optical,360.0,1550.0,K-LaFK55,,1.6913914017271916,1.0084326000000001e-08,,,,,density 4.34 g/cm3 stated by the manufacturer's datasheet (K-LaFK55); formula NULL: a catalog optical glass (composition proprietary); no x-ray / neutron SLD,,,,,,SUMITA Zemax catalog 2017-02-02 (obtained from http://www.sumita-opt.co.jp)See also SUMITA optical glass data book,,,2017.0,optical glass,SUMITA-optical/K-LaFK55,1.694,56.3,694563,,-0.0045,7.3e-06,243 343,,
1534,SUMITA K-LaFK55(M),,,,,,,,,,,,4.34,literature (manufacturer datasheet),,,,,,,specs,SUMITA-optical,360.0,1550.0,K-LaFK55(M),,1.686141076331992,1.0084326000000001e-08,,,,,density 4.34 g/cm3 stated by the manufacturer's datasheet (K-LaFK55(M)); formula NULL: a catalog optical glass (composition proprietary); no x-ray / neutron SLD,,,,,,SUMITA Zemax catalog 2017-02-02 (obtained from http://www.sumita-opt.co.jp)See also SUMITA optical glass data book,,,2017.0,optical glass,SUMITA-optical/K-LaFK55(M),1.68875,55.8,694563,689558,-0.0041,7.3e-06,243 343,,
1535,SUMITA K-LaFK58,,,,,,,,,,,,4.56,literature (manufacturer datasheet),,,,,,,specs,SUMITA-optical,360.0,1550.0,K-LaFK58,,1.693113484334289,2.01897e-08,,,,,density 4.56 g/cm3 stated by the manufacturer's datasheet (K-LaFK58); formula NULL: a catalog optical glass (composition proprietary); no x-ray / neutron SLD,,,,,,SUMITA Zemax catalog 2017-02-02 (obtained from http://www.sumita-opt.co.jp)See also SUMITA optical glass data book,,,2017.0,optical glass,SUMITA-optical/K-LaFK58,1.6956,59.0,696590,,-0.0019,6.9e-06,243 343,,
1536,SUMITA K-LaFK58(M),,,,,,,,,,,,4.56,literature (manufacturer datasheet),,,,,,,specs,SUMITA-optical,360.0,1550.0,K-LaFK58(M),,1.6884718031997192,2.01897e-08,,,,,density 4.56 g/cm3 stated by the manufacturer's datasheet (K-LaFK58(M)); formula NULL: a catalog optical glass (composition proprietary); no x-ray / neutron SLD,,,,,,SUMITA Zemax catalog 2017-02-02 (obtained from http://www.sumita-opt.co.jp)See also SUMITA optical glass data book,,,2017.0,optical glass,SUMITA-optical/K-LaFK58(M),1.69097,58.4,696590,691584,-0.0029,6.9e-06,243 343,,
1537,SUMITA K-LaFK60,,,,,,,,,,,,4.29,literature (manufacturer datasheet),,,,,,,specs,SUMITA-optical,360.0,1550.0,K-LaFK60,,1.6303618685030303,1.0084326000000001e-08,,,,,density 4.29 g/cm3 stated by the manufacturer's datasheet (K-LaFK60); formula NULL: a catalog optical glass (composition proprietary); no x-ray / neutron SLD,,,,,,SUMITA Zemax catalog 2017-02-02 (obtained from http://www.sumita-opt.co.jp)See also SUMITA optical glass data book,,,2017.0,optical glass,SUMITA-optical/K-LaFK60,1.63246,63.8,632638,,0.0041,9.3e-06,243 343,,
1538,SUMITA K-LaFK60(M),,,,,,,,,,,,4.29,literature (manufacturer datasheet),,,,,,,specs,SUMITA-optical,360.0,1550.0,K-LaFK60(M),,1.626376196856981,1.0084326000000001e-08,,,,,density 4.29 g/cm3 stated by the manufacturer's datasheet (K-LaFK60(M)); formula NULL: a catalog optical glass (composition proprietary); no x-ray / neutron SLD,,,,,,SUMITA Zemax catalog 2017-02-02 (obtained from http://www.sumita-opt.co.jp)See also SUMITA optical glass data book,,,2017.0,optical glass,SUMITA-optical/K-LaFK60(M),1.62848,63.2,632638,628632,0.0031,9.3e-06,243 343,,
1539,SUMITA K-LaFK65,,,,,,,,,,,,4.36,literature (manufacturer datasheet),,,,,,,specs,SUMITA-optical,360.0,1550.0,K-LaFK65,,1.6544706603734856,3.3615299999999997e-08,,,,,density 4.36 g/cm3 stated by the manufacturer's datasheet (K-LaFK65); formula NULL: a catalog optical glass (composition proprietary); no x-ray / neutron SLD,,,,,,SUMITA Zemax catalog 2017-02-02 (obtained from http://www.sumita-opt.co.jp)See also SUMITA optical glass data book,,,2017.0,optical glass,SUMITA-optical/K-LaFK65,1.6567,62.3,657623,,0.0026,8.1e-06,243 343,,
1540,SUMITA K-LaFK65(M),,,,,,,,,,,,4.36,literature (manufacturer datasheet),,,,,,,specs,SUMITA-optical,360.0,1550.0,K-LaFK65(M),,1.6500257449026554,3.3615299999999997e-08,,,,,density 4.36 g/cm3 stated by the manufacturer's datasheet (K-LaFK65(M)); formula NULL: a catalog optical glass (composition proprietary); no x-ray / neutron SLD,,,,,,SUMITA Zemax catalog 2017-02-02 (obtained from http://www.sumita-opt.co.jp)See also SUMITA optical glass data book,,,2017.0,optical glass,SUMITA-optical/K-LaFK65(M),1.65224,62.2,657623,652622,0.0025,8.1e-06,243 343,,
1541,SUMITA K-LCV93,,,,,,,,,,,,3.64,literature (manufacturer datasheet),,,,,,,specs,SUMITA-optical,360.0,1550.0,K-LCV93,,1.6622597033904998,3.3615299999999997e-08,,,,,density 3.64 g/cm3 stated by the manufacturer's datasheet (K-LCV93); formula NULL: a catalog optical glass (composition proprietary); no x-ray / neutron SLD,,,,,,SUMITA Zemax catalog 2017-02-02 (obtained from http://www.sumita-opt.co.jp)See also SUMITA optical glass data book,,,2017.0,optical glass,SUMITA-optical/K-LCV93,1.6652,47.3,665473,,-0.0076,3e-06,243 343,,
1542,SUMITA K-LCV93(M),,,,,,,,,,,,3.64,literature (manufacturer datasheet),,,,,,,specs,SUMITA-optical,360.0,1550.0,K-LCV93(M),,1.6606088374408503,3.3615299999999997e-08,,,,,density 3.64 g/cm3 stated by the manufacturer's datasheet (K-LCV93(M)); formula NULL: a catalog optical glass (composition proprietary); no x-ray / neutron SLD,,,,,,SUMITA Zemax catalog 2017-02-02 (obtained from http://www.sumita-opt.co.jp)See also SUMITA optical glass data book,,,2017.0,optical glass,SUMITA-optical/K-LCV93(M),1.66355,47.2,665473,664472,-0.0078,3e-06,243 343,,
1543,SUMITA K-PBK40,,,,,,,,,,,,2.39,literature (manufacturer datasheet),,,,,,,specs,SUMITA-optical,360.0,1550.0,K-PBK40,,1.5158599414777687,4.046036e-08,,,,,density 2.39 g/cm3 stated by the manufacturer's datasheet (K-PBK40); formula NULL: a catalog optical glass (composition proprietary); no x-ray / neutron SLD,,,,,,SUMITA Zemax catalog 2017-02-02 (obtained from http://www.sumita-opt.co.jp)See also SUMITA optical glass data book,,,2017.0,optical glass,SUMITA-optical/K-PBK40,1.5176,63.5,518635,,-0.0044,5.4e-06,243 343,,
1544,SUMITA K-PBK40(M),,,,,,,,,,,,2.39,literature (manufacturer datasheet),,,,,,,specs,SUMITA-optical,360.0,1550.0,K-PBK40(M),,1.5132358519621785,4.046036e-08,,,,,density 2.39 g/cm3 stated by the manufacturer's datasheet (K-PBK40(M)); formula NULL: a catalog optical glass (composition proprietary); no x-ray / neutron SLD,,,,,,SUMITA Zemax catalog 2017-02-02 (obtained from http://www.sumita-opt.co.jp)See also SUMITA optical glass data book,,,2017.0,optical glass,SUMITA-optical/K-PBK40(M),1.51497,63.3,518635,515633,-0.0035,5.4e-06,243 343,,
1545,SUMITA K-PBK50,,,,,,,,,,,,2.43,literature (manufacturer datasheet),,,,,,,specs,SUMITA-optical,360.0,1550.0,K-PBK50,,1.5207104802244544,1.0084326000000001e-08,,,,,density 2.43 g/cm3 stated by the manufacturer's datasheet (K-PBK50); formula NULL: a catalog optical glass (composition proprietary); no x-ray / neutron SLD,,,,,,SUMITA Zemax catalog 2017-02-02 (obtained from http://www.sumita-opt.co.jp)See also SUMITA optical glass data book,,,2017.0,optical glass,SUMITA-optical/K-PBK50,1.5225,62.3,523623,522623,-0.0046,6.7e-06,243 343,,
1546,SUMITA K-PBK50(M),,,,,,,,,,,,2.43,literature (manufacturer datasheet),,,,,,,specs,SUMITA-optical,360.0,1550.0,K-PBK50(M),,1.5184637540907715,1.0084326000000001e-08,,,,,density 2.43 g/cm3 stated by the manufacturer's datasheet (K-PBK50(M)); formula NULL: a catalog optical glass (composition proprietary); no x-ray / neutron SLD,,,,,,SUMITA Zemax catalog 2017-02-02 (obtained from http://www.sumita-opt.co.jp)See also SUMITA optical glass data book,,,2017.0,optical glass,SUMITA-optical/K-PBK50(M),1.52025,62.2,523623,520622,-0.0046,6.7e-06,243 343,,
1547,SUMITA K-PFK80,,,,,,,,,,,,3.6,literature (manufacturer datasheet),,,,,,,specs,SUMITA-optical,360.0,1550.0,K-PFK80,,1.495701471443905,1.0084326000000001e-08,,,,,density 3.6 g/cm3 stated by the manufacturer's datasheet (K-PFK80); formula NULL: a catalog optical glass (composition proprietary); no x-ray / neutron SLD,,,,,,SUMITA Zemax catalog 2017-02-02 (obtained from http://www.sumita-opt.co.jp)See also SUMITA optical glass data book,,,2017.0,optical glass,SUMITA-optical/K-PFK80,1.497,81.5,497815,,0.0296,1.34e-05,243 343,,
1548,SUMITA K-PFK80(M),,,,,,,,,,,,3.6,literature (manufacturer datasheet),,,,,,,specs,SUMITA-optical,360.0,1550.0,K-PFK80(M),,1.4940228111577156,1.0084326000000001e-08,,,,,density 3.6 g/cm3 stated by the manufacturer's datasheet (K-PFK80(M)); formula NULL: a catalog optical glass (composition proprietary); no x-ray / neutron SLD,,,,,,SUMITA Zemax catalog 2017-02-02 (obtained from http://www.sumita-opt.co.jp)See also SUMITA optical glass data book,,,2017.0,optical glass,SUMITA-optical/K-PFK80(M),1.49533,80.8,497815,495808,0.0276,1.34e-05,243 343,,
1549,SUMITA K-PFK85,,,,,,,,,,,,3.97,literature (manufacturer datasheet),,,,,,,specs,SUMITA-optical,360.0,1550.0,K-PFK85,,1.4844221534858772,1.0084326000000001e-08,,,,,density 3.97 g/cm3 stated by the manufacturer's datasheet (K-PFK85); formula NULL: a catalog optical glass (composition proprietary); no x-ray / neutron SLD,,,,,,SUMITA Zemax catalog 2017-02-02 (obtained from http://www.sumita-opt.co.jp)See also SUMITA optical glass data book,,,2017.0,optical glass,SUMITA-optical/K-PFK85,1.48563,85.2,486852,,0.0381,1.29e-05,243 343,,
1550,SUMITA K-PFK85(M),,,,,,,,,,,,3.97,literature (manufacturer datasheet),,,,,,,specs,SUMITA-optical,360.0,1550.0,K-PFK85(M),,1.482542937689596,1.0084326000000001e-08,,,,,density 3.97 g/cm3 stated by the manufacturer's datasheet (K-PFK85(M)); formula NULL: a catalog optical glass (composition proprietary); no x-ray / neutron SLD,,,,,,SUMITA Zemax catalog 2017-02-02 (obtained from http://www.sumita-opt.co.jp)See also SUMITA optical glass data book,,,2017.0,optical glass,SUMITA-optical/K-PFK85(M),1.48375,85.0,486852,484850,0.0388,1.29e-05,243 343,,
1551,SUMITA K-PFK90,,,,,,,,,,,,3.72,literature (manufacturer datasheet),,,,,,,specs,SUMITA-optical,360.0,1550.0,K-PFK90,,1.4577184981620246,1.0084326000000001e-08,,,,,density 3.72 g/cm3 stated by the manufacturer's datasheet (K-PFK90); formula NULL: a catalog optical glass (composition proprietary); no x-ray / neutron SLD,,,,,,SUMITA Zemax catalog 2017-02-02 (obtained from http://www.sumita-opt.co.jp)See also SUMITA optical glass data book,,,2017.0,optical glass,SUMITA-optical/K-PFK90,1.4588,90.0,459900,,0.0442,1.37e-05,243 343,,
1552,SUMITA K-PFK90(M),,,,,,,,,,,,3.72,literature (manufacturer datasheet),,,,,,,specs,SUMITA-optical,360.0,1550.0,K-PFK90(M),,1.4562476018955097,1.0084326000000001e-08,,,,,density 3.72 g/cm3 stated by the manufacturer's datasheet (K-PFK90(M)); formula NULL: a catalog optical glass (composition proprietary); no x-ray / neutron SLD,,,,,,SUMITA Zemax catalog 2017-02-02 (obtained from http://www.sumita-opt.co.jp)See also SUMITA optical glass data book,,,2017.0,optical glass,SUMITA-optical/K-PFK90(M),1.45733,89.8,459900,457898,0.0449,1.37e-05,243 343,,
1553,SUMITA K-PG325,,,,,,,,,,,,3.0,literature (manufacturer datasheet),,,,,,,specs,SUMITA-optical,360.0,1550.0,K-PG325,,1.5051731281490248,2.01897e-08,,,,,density 3.0 g/cm3 stated by the manufacturer's datasheet (K-PG325); formula NULL: a catalog optical glass (composition proprietary); no x-ray / neutron SLD,,,,,,SUMITA Zemax catalog 2017-02-02 (obtained from http://www.sumita-opt.co.jp)See also SUMITA optical glass data book,,,2017.0,optical glass,SUMITA-optical/K-PG325,1.5067,70.5,507705,,0.0124,1.43e-05,243 343,,
1554,SUMITA K-PG325(M),,,,,,,,,,,,3.0,literature (manufacturer datasheet),,,,,,,specs,SUMITA-optical,360.0,1550.0,K-PG325(M),,1.503540104405945,2.01897e-08,,,,,density 3.0 g/cm3 stated by the manufacturer's datasheet (K-PG325(M)); formula NULL: a catalog optical glass (composition proprietary); no x-ray / neutron SLD,,,,,,SUMITA Zemax catalog 2017-02-02 (obtained from http://www.sumita-opt.co.jp)See also SUMITA optical glass data book,,,2017.0,optical glass,SUMITA-optical/K-PG325(M),1.50506,70.4,507705,505704,0.0122,1.43e-05,243 343,,
1555,SUMITA K-PG375,,,,,,,,,,,,2.9,literature (manufacturer datasheet),,,,,,,specs,SUMITA-optical,360.0,1550.0,K-PG375,,1.540671109065692,2.361906e-08,,,,,density 2.9 g/cm3 stated by the manufacturer's datasheet (K-PG375); formula NULL: a catalog optical glass (composition proprietary); no x-ray / neutron SLD,,,,,,SUMITA Zemax catalog 2017-02-02 (obtained from http://www.sumita-opt.co.jp)See also SUMITA optical glass data book,,,2017.0,optical glass,SUMITA-optical/K-PG375,1.5425,62.9,543629,542629,0.0036,1.29e-05,243 343,,
1556,SUMITA K-PG375(M),,,,,,,,,,,,2.9,literature (manufacturer datasheet),,,,,,,specs,SUMITA-optical,360.0,1550.0,K-PG375(M),,1.5373927132426972,2.361906e-08,,,,,density 2.9 g/cm3 stated by the manufacturer's datasheet (K-PG375(M)); formula NULL: a catalog optical glass (composition proprietary); no x-ray / neutron SLD,,,,,,SUMITA Zemax catalog 2017-02-02 (obtained from http://www.sumita-opt.co.jp)See also SUMITA optical glass data book,,,2017.0,optical glass,SUMITA-optical/K-PG375(M),1.53922,62.7,543629,539627,0.0053,1.29e-05,243 343,,
1557,SUMITA K-PG395,,,,,,,,,,,,3.5,literature (manufacturer datasheet),,,,,,,specs,SUMITA-optical,360.0,1550.0,K-PG395,,1.654347443967161,3.900146e-08,,,,,density 3.5 g/cm3 stated by the manufacturer's datasheet (K-PG395); formula NULL: a catalog optical glass (composition proprietary); no x-ray / neutron SLD,,,,,,SUMITA Zemax catalog 2017-02-02 (obtained from http://www.sumita-opt.co.jp)See also SUMITA optical glass data book,,,2017.0,optical glass,SUMITA-optical/K-PG395,1.658,36.9,658369,,0.0049,1.24e-05,243 343,,
1558,SUMITA K-PG395(M),,,,,,,,,,,,3.5,literature (manufacturer datasheet),,,,,,,specs,SUMITA-optical,360.0,1550.0,K-PG395(M),,1.6493282666758897,3.900146e-08,,,,,density 3.5 g/cm3 stated by the manufacturer's datasheet (K-PG395(M)); formula NULL: a catalog optical glass (composition proprietary); no x-ray / neutron SLD,,,,,,SUMITA Zemax catalog 2017-02-02 (obtained from http://www.sumita-opt.co.jp)See also SUMITA optical glass data book,,,2017.0,optical glass,SUMITA-optical/K-PG395(M),1.65296,36.8,658369,653368,0.0057,1.24e-05,243 343,,
1559,SUMITA K-PMK30,,,,,,,,,,,,2.6,literature (manufacturer datasheet),,,,,,,specs,SUMITA-optical,360.0,1550.0,K-PMK30,,1.5234072545628352,1.0084326000000001e-08,,,,,density 2.6 g/cm3 stated by the manufacturer's datasheet (K-PMK30); formula NULL: a catalog optical glass (composition proprietary); no x-ray / neutron SLD,,,,,,SUMITA Zemax catalog 2017-02-02 (obtained from http://www.sumita-opt.co.jp)See also SUMITA optical glass data book,,,2017.0,optical glass,SUMITA-optical/K-PMK30,1.525,70.4,525704,,0.0062,8.3e-06,243 343,,
1560,SUMITA K-PMK30(M),,,,,,,,,,,,2.6,literature (manufacturer datasheet),,,,,,,specs,SUMITA-optical,360.0,1550.0,K-PMK30(M),,1.5184408406025263,1.0084326000000001e-08,,,,,density 2.6 g/cm3 stated by the manufacturer's datasheet (K-PMK30(M)); formula NULL: a catalog optical glass (composition proprietary); no x-ray / neutron SLD,,,,,,SUMITA Zemax catalog 2017-02-02 (obtained from http://www.sumita-opt.co.jp)See also SUMITA optical glass data book,,,2017.0,optical glass,SUMITA-optical/K-PMK30(M),1.52002,70.2,525704,520702,0.0069,8.3e-06,243 343,,
1561,SUMITA K-PSFn1,,,,,,,,,,,,4.15,literature (manufacturer datasheet),,,,,,,specs,SUMITA-optical,400.0,1550.0,K-PSFn1,,1.8983048830485971,8.95194e-08,,,,,density 4.15 g/cm3 stated by the manufacturer's datasheet (K-PSFn1); formula NULL: a catalog optical glass (composition proprietary); no x-ray / neutron SLD,,,,,,SUMITA Zemax catalog 2017-02-02 (obtained from http://www.sumita-opt.co.jp)See also SUMITA optical glass data book,,,2017.0,optical glass,SUMITA-optical/K-PSFn1,1.9068,21.2,907212,,0.0245,7.4e-06,243 343,,
1562,SUMITA K-PSFn1(M),,,,,,,,,,,,4.15,literature (manufacturer datasheet),,,,,,,specs,SUMITA-optical,400.0,1550.0,K-PSFn1(M),,1.8910951769670465,8.95194e-08,,,,,density 4.15 g/cm3 stated by the manufacturer's datasheet (K-PSFn1(M)); formula NULL: a catalog optical glass (composition proprietary); no x-ray / neutron SLD,,,,,,SUMITA Zemax catalog 2017-02-02 (obtained from http://www.sumita-opt.co.jp)See also SUMITA optical glass data book,,,2017.0,optical glass,SUMITA-optical/K-PSFn1(M),1.89945,21.3,907212,899213,0.0238,7.4e-06,243 343,,
1563,SUMITA K-PSFn2,,,,,,,,,,,,5.48,literature (manufacturer datasheet),,,,,,,specs,SUMITA-optical,400.0,1550.0,K-PSFn2,,1.9920890116661065,2.48282e-07,,,,,density 5.48 g/cm3 stated by the manufacturer's datasheet (K-PSFn2); formula NULL: a catalog optical glass (composition proprietary); no x-ray / neutron SLD,,,,,,SUMITA Zemax catalog 2017-02-02 (obtained from http://www.sumita-opt.co.jp)See also SUMITA optical glass data book,,,2017.0,optical glass,SUMITA-optical/K-PSFn2,2.0017,20.6,002206,,0.0257,7.3e-06,243 343,,
1564,SUMITA K-PSFn2(M),,,,,,,,,,,,5.48,literature (manufacturer datasheet),,,,,,,specs,SUMITA-optical,400.0,1550.0,K-PSFn2(M),,1.9871250901675115,2.48282e-07,,,,,density 5.48 g/cm3 stated by the manufacturer's datasheet (K-PSFn2(M)); formula NULL: a catalog optical glass (composition proprietary); no x-ray / neutron SLD,,,,,,SUMITA Zemax catalog 2017-02-02 (obtained from http://www.sumita-opt.co.jp)See also SUMITA optical glass data book,,,2017.0,optical glass,SUMITA-optical/K-PSFn2(M),1.9967,20.6,997206,,0.0255,7.3e-06,243 343,,
1565,SUMITA K-PSFn3,,,,,,,,,,,,3.9,literature (manufacturer datasheet),,,,,,,specs,SUMITA-optical,400.0,1550.0,K-PSFn3,,1.8321404414166582,4.029668e-08,,,,,density 3.9 g/cm3 stated by the manufacturer's datasheet (K-PSFn3); formula NULL: a catalog optical glass (composition proprietary); no x-ray / neutron SLD,,,,,,SUMITA Zemax catalog 2017-02-02 (obtained from http://www.sumita-opt.co.jp)See also SUMITA optical glass data book,,,2017.0,optical glass,SUMITA-optical/K-PSFn3,1.83917,23.9,839239,,0.018,9.3e-06,243 343,,
1566,SUMITA K-PSFn3(M),,,,,,,,,,,,3.9,literature (manufacturer datasheet),,,,,,,specs,SUMITA-optical,400.0,1550.0,K-PSFn3(M),,1.8265878187836324,4.029668e-08,,,,,density 3.9 g/cm3 stated by the manufacturer's datasheet (K-PSFn3(M)); formula NULL: a catalog optical glass (composition proprietary); no x-ray / neutron SLD,,,,,,SUMITA Zemax catalog 2017-02-02 (obtained from http://www.sumita-opt.co.jp)See also SUMITA optical glass data book,,,2017.0,optical glass,SUMITA-optical/K-PSFn3(M),1.83352,24.0,839239,834240,0.0182,9.3e-06,243 343,,
1567,SUMITA K-PSFn4,,,,,,,,,,,,4.58,literature (manufacturer datasheet),,,,,,,specs,SUMITA-optical,400.0,1550.0,K-PSFn4,,1.837168602326489,1.0892478e-07,,,,,density 4.58 g/cm3 stated by the manufacturer's datasheet (K-PSFn4); formula NULL: a catalog optical glass (composition proprietary); no x-ray / neutron SLD,,,,,,SUMITA Zemax catalog 2017-02-02 (obtained from http://www.sumita-opt.co.jp)See also SUMITA optical glass data book,,,2017.0,optical glass,SUMITA-optical/K-PSFn4,1.844,24.8,844248,,0.0136,1.03e-05,243 343,,
1568,SUMITA K-PSFn4(M),,,,,,,,,,,,4.58,literature (manufacturer datasheet),,,,,,,specs,SUMITA-optical,400.0,1550.0,K-PSFn4(M),,1.8325313730291575,1.0892478e-07,,,,,density 4.58 g/cm3 stated by the manufacturer's datasheet (K-PSFn4(M)); formula NULL: a catalog optical glass (composition proprietary); no x-ray / neutron SLD,,,,,,SUMITA Zemax catalog 2017-02-02 (obtained from http://www.sumita-opt.co.jp)See also SUMITA optical glass data book,,,2017.0,optical glass,SUMITA-optical/K-PSFn4(M),1.83932,24.8,844248,839248,0.0136,1.03e-05,243 343,,
1569,SUMITA K-PSFn5,,,,,,,,,,,,5.22,literature (manufacturer datasheet),,,,,,,specs,SUMITA-optical,400.0,1550.0,K-PSFn5,,1.9129050712928053,1.0011094e-07,,,,,density 5.22 g/cm3 stated by the manufacturer's datasheet (K-PSFn5); formula NULL: a catalog optical glass (composition proprietary); no x-ray / neutron SLD,,,,,,SUMITA Zemax catalog 2017-02-02 (obtained from http://www.sumita-opt.co.jp)See also SUMITA optical glass data book,,,2017.0,optical glass,SUMITA-optical/K-PSFn5,1.9211,22.4,921224,,0.0185,1.08e-05,243 343,,
1570,SUMITA K-PSFn5(M),,,,,,,,,,,,5.22,literature (manufacturer datasheet),,,,,,,specs,SUMITA-optical,400.0,1550.0,K-PSFn5(M),,1.9082601934071681,1.0011094e-07,,,,,density 5.22 g/cm3 stated by the manufacturer's datasheet (K-PSFn5(M)); formula NULL: a catalog optical glass (composition proprietary); no x-ray / neutron SLD,,,,,,SUMITA Zemax catalog 2017-02-02 (obtained from http://www.sumita-opt.co.jp)See also SUMITA optical glass data book,,,2017.0,optical glass,SUMITA-optical/K-PSFn5(M),1.91643,22.4,921224,916224,0.0185,1.08e-05,243 343,,
1571,SUMITA K-PSFn173,,,,,,,,,,,,7.03,literature (manufacturer datasheet),,,,,,,specs,SUMITA-optical,400.0,1550.0,K-PSFn173,,2.134860226451543,9.560578e-08,,,,,density 7.03 g/cm3 stated by the manufacturer's datasheet (K-PSFn173); formula NULL: a catalog optical glass (composition proprietary); no x-ray / neutron SLD,,,,,,SUMITA Zemax catalog 2017-02-02 (obtained from http://www.sumita-opt.co.jp)See also SUMITA optical glass data book,,,2017.0,optical glass,SUMITA-optical/K-PSFn173,2.1478,17.3,148173,,0.0481,7.9e-06,243 343,,
1572,SUMITA K-PSFn173(M),,,,,,,,,,,,7.03,literature (manufacturer datasheet),,,,,,,specs,SUMITA-optical,400.0,1550.0,K-PSFn173(M),,2.1305095837422203,9.560578e-08,,,,,density 7.03 g/cm3 stated by the manufacturer's datasheet (K-PSFn173(M)); formula NULL: a catalog optical glass (composition proprietary); no x-ray / neutron SLD,,,,,,SUMITA Zemax catalog 2017-02-02 (obtained from http://www.sumita-opt.co.jp)See also SUMITA optical glass data book,,,2017.0,optical glass,SUMITA-optical/K-PSFn173(M),2.14342,17.3,148173,143173,0.049,7.9e-06,243 343,,
1573,SUMITA K-PSFn202,,,,,,,,,,,,6.22,literature (manufacturer datasheet),,,,,,,specs,SUMITA-optical,400.0,1550.0,K-PSFn202,,2.010161013585602,3.904e-08,,,,,density 6.22 g/cm3 stated by the manufacturer's datasheet (K-PSFn202); formula NULL: a catalog optical glass (composition proprietary); no x-ray / neutron SLD,,,,,,SUMITA Zemax catalog 2017-02-02 (obtained from http://www.sumita-opt.co.jp)See also SUMITA optical glass data book,,,2017.0,optical glass,SUMITA-optical/K-PSFn202,2.0196,21.5,020215,,0.029,7.4e-06,243 343,,
1574,SUMITA K-PSFn202(M),,,,,,,,,,,,6.22,literature (manufacturer datasheet),,,,,,,specs,SUMITA-optical,400.0,1550.0,K-PSFn202(M),,2.004249682641813,3.904e-08,,,,,density 6.22 g/cm3 stated by the manufacturer's datasheet (K-PSFn202(M)); formula NULL: a catalog optical glass (composition proprietary); no x-ray / neutron SLD,,,,,,SUMITA Zemax catalog 2017-02-02 (obtained from http://www.sumita-opt.co.jp)See also SUMITA optical glass data book,,,2017.0,optical glass,SUMITA-optical/K-PSFn202(M),2.01365,21.4,014214,,0.0289,7.4e-06,243 343,,
1575,SUMITA K-PSFn203,,,,,,,,,,,,6.17,literature (manufacturer datasheet),,,,,,,specs,SUMITA-optical,400.0,1550.0,K-PSFn203,,2.0073167876247395,6.729789999999999e-08,,,,,density 6.17 g/cm3 stated by the manufacturer's datasheet (K-PSFn203); formula NULL: a catalog optical glass (composition proprietary); no x-ray / neutron SLD,,,,,,SUMITA Zemax catalog 2017-02-02 (obtained from http://www.sumita-opt.co.jp)See also SUMITA optical glass data book,,,2017.0,optical glass,SUMITA-optical/K-PSFn203,2.017,20.8,017208,,0.0288,8.2e-06,243 343,,
1576,SUMITA K-PSFn203(M),,,,,,,,,,,,6.17,literature (manufacturer datasheet),,,,,,,specs,SUMITA-optical,400.0,1550.0,K-PSFn203(M),,2.0014083714920523,6.729789999999999e-08,,,,,density 6.17 g/cm3 stated by the manufacturer's datasheet (K-PSFn203(M)); formula NULL: a catalog optical glass (composition proprietary); no x-ray / neutron SLD,,,,,,SUMITA Zemax catalog 2017-02-02 (obtained from http://www.sumita-opt.co.jp)See also SUMITA optical glass data book,,,2017.0,optical glass,SUMITA-optical/K-PSFn203(M),2.01105,20.8,011208,,0.0298,8.2e-06,243 343,,
1577,SUMITA K-PSFn214,,,,,,,,,,,,7.06,literature (manufacturer datasheet),,,,,,,specs,SUMITA-optical,400.0,1550.0,K-PSFn214,,2.1309261383289573,3.3615299999999997e-08,,,,,density 7.06 g/cm3 stated by the manufacturer's datasheet (K-PSFn214); formula NULL: a catalog optical glass (composition proprietary); no x-ray / neutron SLD,,,,,,SUMITA Zemax catalog 2017-02-02 (obtained from http://www.sumita-opt.co.jp)See also SUMITA optical glass data book,,,2017.0,optical glass,SUMITA-optical/K-PSFn214,2.14355,17.8,144178,,0.0458,8.3e-06,243 343,,
1578,SUMITA K-PSFn214(M),,,,,,,,,,,,7.06,literature (manufacturer datasheet),,,,,,,specs,SUMITA-optical,400.0,1550.0,K-PSFn214(M),,2.126530478180556,3.3615299999999997e-08,,,,,density 7.06 g/cm3 stated by the manufacturer's datasheet (K-PSFn214(M)); formula NULL: a catalog optical glass (composition proprietary); no x-ray / neutron SLD,,,,,,SUMITA Zemax catalog 2017-02-02 (obtained from http://www.sumita-opt.co.jp)See also SUMITA optical glass data book,,,2017.0,optical glass,SUMITA-optical/K-PSFn214(M),2.13909,17.7,144178,139177,0.0457,8.3e-06,243 343,,
1579,SUMITA K-PSFn215,,,,,,,,,,,,7.1,literature (manufacturer datasheet),,,,,,,specs,SUMITA-optical,400.0,1550.0,K-PSFn215,,2.1408689566834047,4.50234e-08,,,,,density 7.1 g/cm3 stated by the manufacturer's datasheet (K-PSFn215); formula NULL: a catalog optical glass (composition proprietary); no x-ray / neutron SLD,,,,,,SUMITA Zemax catalog 2017-02-02 (obtained from http://www.sumita-opt.co.jp)See also SUMITA optical glass data book,,,2017.0,optical glass,SUMITA-optical/K-PSFn215,2.154,17.2,154172,,0.0498,8.6e-06,243 343,,
1580,SUMITA K-SKF6,,,,,,,,,,,,2.51,literature (manufacturer datasheet),,,,,,,specs,SUMITA-optical,360.0,1550.0,K-SKF6,,1.5099507573209208,1.0084326000000001e-08,,,,,density 2.51 g/cm3 stated by the manufacturer's datasheet (K-SKF6); formula NULL: a catalog optical glass (composition proprietary); no x-ray / neutron SLD,,,,,,SUMITA Zemax catalog 2017-02-02 (obtained from http://www.sumita-opt.co.jp)See also SUMITA optical glass data book,,,2017.0,optical glass,SUMITA-optical/K-SKF6,1.512,52.1,512521,,0.0035,9.5e-06,243 343,,
1581,SUMITA K-SKF6(M),,,,,,,,,,,,2.51,literature (manufacturer datasheet),,,,,,,specs,SUMITA-optical,360.0,1550.0,K-SKF6(M),,1.5064537587067952,1.0084326000000001e-08,,,,,density 2.51 g/cm3 stated by the manufacturer's datasheet (K-SKF6(M)); formula NULL: a catalog optical glass (composition proprietary); no x-ray / neutron SLD,,,,,,SUMITA Zemax catalog 2017-02-02 (obtained from http://www.sumita-opt.co.jp)See also SUMITA optical glass data book,,,2017.0,optical glass,SUMITA-optical/K-SKF6(M),1.50847,52.6,512521,508526,0.0043,9.5e-06,243 343,,
1582,SUMITA K-SKLD120,,,,,,,,,,,,2.64,literature (manufacturer datasheet),,,,,,,specs,SUMITA-optical,360.0,1550.0,K-SKLD120,,1.584710934963071,1.0084326000000001e-08,,,,,density 2.64 g/cm3 stated by the manufacturer's datasheet (K-SKLD120); formula NULL: a catalog optical glass (composition proprietary); no x-ray / neutron SLD,,,,,,SUMITA Zemax catalog 2017-02-02 (obtained from http://www.sumita-opt.co.jp)See also SUMITA optical glass data book,,,2017.0,optical glass,SUMITA-optical/K-SKLD120,1.5868,59.8,587598,,-0.0046,6.4e-06,243 343,,
1583,SUMITA K-SKLD120(M),,,,,,,,,,,,2.64,literature (manufacturer datasheet),,,,,,,specs,SUMITA-optical,360.0,1550.0,K-SKLD120(M),,1.5819210152024294,1.0084326000000001e-08,,,,,density 2.64 g/cm3 stated by the manufacturer's datasheet (K-SKLD120(M)); formula NULL: a catalog optical glass (composition proprietary); no x-ray / neutron SLD,,,,,,SUMITA Zemax catalog 2017-02-02 (obtained from http://www.sumita-opt.co.jp)See also SUMITA optical glass data book,,,2017.0,optical glass,SUMITA-optical/K-SKLD120(M),1.58401,59.5,587598,584595,-0.0062,6.4e-06,243 343,,
1584,SUMITA K-VC78,,,,,,,,,,,,3.44,literature (manufacturer datasheet),,,,,,,specs,SUMITA-optical,360.0,1550.0,K-VC78,,1.6669963945927313,1.17116e-08,,,,,density 3.44 g/cm3 stated by the manufacturer's datasheet (K-VC78); formula NULL: a catalog optical glass (composition proprietary); no x-ray / neutron SLD,,,,,,SUMITA Zemax catalog 2017-02-02 (obtained from http://www.sumita-opt.co.jp)See also SUMITA optical glass data book,,,2017.0,optical glass,SUMITA-optical/K-VC78,1.66955,55.4,670554,,-0.007,8e-06,243 343,,
1585,SUMITA K-VC78(M),,,,,,,,,,,,3.44,literature (manufacturer datasheet),,,,,,,specs,SUMITA-optical,360.0,1550.0,K-VC78(M),,1.6636890138063316,1.17116e-08,,,,,density 3.44 g/cm3 stated by the manufacturer's datasheet (K-VC78(M)); formula NULL: a catalog optical glass (composition proprietary); no x-ray / neutron SLD,,,,,,SUMITA Zemax catalog 2017-02-02 (obtained from http://www.sumita-opt.co.jp)See also SUMITA optical glass data book,,,2017.0,optical glass,SUMITA-optical/K-VC78(M),1.66624,55.1,670554,666551,-0.0075,8e-06,243 343,,
1586,SUMITA K-VC79,,,,,,,,,,,,3.09,literature (manufacturer datasheet),,,,,,,specs,SUMITA-optical,360.0,1550.0,K-VC79,,1.6081202809593709,2.002662e-08,,,,,density 3.09 g/cm3 stated by the manufacturer's datasheet (K-VC79); formula NULL: a catalog optical glass (composition proprietary); no x-ray / neutron SLD,,,,,,SUMITA Zemax catalog 2017-02-02 (obtained from http://www.sumita-opt.co.jp)See also SUMITA optical glass data book,,,2017.0,optical glass,SUMITA-optical/K-VC79,1.61035,57.9,610579,,-0.0058,7.2e-06,243 343,,
1587,SUMITA K-VC79(M),,,,,,,,,,,,3.09,literature (manufacturer datasheet),,,,,,,specs,SUMITA-optical,360.0,1550.0,K-VC79(M),,1.6051229957605713,2.002662e-08,,,,,density 3.09 g/cm3 stated by the manufacturer's datasheet (K-VC79(M)); formula NULL: a catalog optical glass (composition proprietary); no x-ray / neutron SLD,,,,,,SUMITA Zemax catalog 2017-02-02 (obtained from http://www.sumita-opt.co.jp)See also SUMITA optical glass data book,,,2017.0,optical glass,SUMITA-optical/K-VC79(M),1.60737,57.2,610579,607572,-0.008,7.2e-06,243 343,,
1588,SUMITA K-VC80,,,,,,,,,,,,3.81,literature (manufacturer datasheet),,,,,,,specs,SUMITA-optical,360.0,1550.0,K-VC80,,1.6910926761648248,1.0084326000000001e-08,,,,,density 3.81 g/cm3 stated by the manufacturer's datasheet (K-VC80); formula NULL: a catalog optical glass (composition proprietary); no x-ray / neutron SLD,,,,,,SUMITA Zemax catalog 2017-02-02 (obtained from http://www.sumita-opt.co.jp)See also SUMITA optical glass data book,,,2017.0,optical glass,SUMITA-optical/K-VC80,1.69384,53.1,694531,,-0.0059,6.4e-06,243 343,,
1589,SUMITA K-VC80(M),,,,,,,,,,,,3.81,literature (manufacturer datasheet),,,,,,,specs,SUMITA-optical,360.0,1550.0,K-VC80(M),,1.6870894786646058,1.0084326000000001e-08,,,,,density 3.81 g/cm3 stated by the manufacturer's datasheet (K-VC80(M)); formula NULL: a catalog optical glass (composition proprietary); no x-ray / neutron SLD,,,,,,SUMITA Zemax catalog 2017-02-02 (obtained from http://www.sumita-opt.co.jp)See also SUMITA optical glass data book,,,2017.0,optical glass,SUMITA-optical/K-VC80(M),1.68983,52.9,694531,690529,-0.0062,6.4e-06,243 343,,
1590,SUMITA K-VC82,,,,,,,,,,,,4.25,literature (manufacturer datasheet),,,,,,,specs,SUMITA-optical,360.0,1550.0,K-VC82,,1.7520388399292028,1.17116e-08,,,,,density 4.25 g/cm3 stated by the manufacturer's datasheet (K-VC82); formula NULL: a catalog optical glass (composition proprietary); no x-ray / neutron SLD,,,,,,SUMITA Zemax catalog 2017-02-02 (obtained from http://www.sumita-opt.co.jp)See also SUMITA optical glass data book,,,2017.0,optical glass,SUMITA-optical/K-VC82,1.7555,45.6,756456,,-0.0085,5.9e-06,243 343,,
1591,SUMITA K-VC82(M),,,,,,,,,,,,4.25,literature (manufacturer datasheet),,,,,,,specs,SUMITA-optical,360.0,1550.0,K-VC82(M),,1.7468262305140376,1.17116e-08,,,,,density 4.25 g/cm3 stated by the manufacturer's datasheet (K-VC82(M)); formula NULL: a catalog optical glass (composition proprietary); no x-ray / neutron SLD,,,,,,SUMITA Zemax catalog 2017-02-02 (obtained from http://www.sumita-opt.co.jp)See also SUMITA optical glass data book,,,2017.0,optical glass,SUMITA-optical/K-VC82(M),1.75028,45.4,756456,750454,-0.0098,5.9e-06,243 343,,
1592,SUMITA K-VC89,,,,,,,,,,,,4.75,literature (manufacturer datasheet),,,,,,,specs,SUMITA-optical,360.0,1550.0,K-VC89,,1.8058744469799315,2.01897e-08,,,,,density 4.75 g/cm3 stated by the manufacturer's datasheet (K-VC89); formula NULL: a catalog optical glass (composition proprietary); no x-ray / neutron SLD,,,,,,SUMITA Zemax catalog 2017-02-02 (obtained from http://www.sumita-opt.co.jp)See also SUMITA optical glass data book,,,2017.0,optical glass,SUMITA-optical/K-VC89,1.81,41.0,810410,,-0.0084,6.4e-06,243 343,,
1593,SUMITA K-VC89(M),,,,,,,,,,,,4.75,literature (manufacturer datasheet),,,,,,,specs,SUMITA-optical,360.0,1550.0,K-VC89(M),,1.801794195130758,2.01897e-08,,,,,density 4.75 g/cm3 stated by the manufacturer's datasheet (K-VC89(M)); formula NULL: a catalog optical glass (composition proprietary); no x-ray / neutron SLD,,,,,,SUMITA Zemax catalog 2017-02-02 (obtained from http://www.sumita-opt.co.jp)See also SUMITA optical glass data book,,,2017.0,optical glass,SUMITA-optical/K-VC89(M),1.8059,40.9,810410,806409,-0.0074,6.4e-06,243 343,,
1594,SUMITA K-VC90,,,,,,,,,,,,4.98,literature (manufacturer datasheet),,,,,,,specs,SUMITA-optical,360.0,1550.0,K-VC90,,1.8482792860106707,6.591362e-08,,,,,density 4.98 g/cm3 stated by the manufacturer's datasheet (K-VC90); formula NULL: a catalog optical glass (composition proprietary); no x-ray / neutron SLD,,,,,,SUMITA Zemax catalog 2017-02-02 (obtained from http://www.sumita-opt.co.jp)See also SUMITA optical glass data book,,,2017.0,optical glass,SUMITA-optical/K-VC90,1.8528,39.0,853390,,-0.0056,7.7e-06,243 343,,
1595,SUMITA K-VC90(M),,,,,,,,,,,,4.98,literature (manufacturer datasheet),,,,,,,specs,SUMITA-optical,360.0,1550.0,K-VC90(M),,1.8440780164716077,6.591362e-08,,,,,density 4.98 g/cm3 stated by the manufacturer's datasheet (K-VC90(M)); formula NULL: a catalog optical glass (composition proprietary); no x-ray / neutron SLD,,,,,,SUMITA Zemax catalog 2017-02-02 (obtained from http://www.sumita-opt.co.jp)See also SUMITA optical glass data book,,,2017.0,optical glass,SUMITA-optical/K-VC90(M),1.84859,38.9,853390,849389,-0.0057,7.7e-06,243 343,,
1596,SUMITA K-VC91,,,,,,,,,,,,4.87,literature (manufacturer datasheet),,,,,,,specs,SUMITA-optical,360.0,1550.0,K-VC91,,1.881376860038469,3.53847e-08,,,,,density 4.87 g/cm3 stated by the manufacturer's datasheet (K-VC91); formula NULL: a catalog optical glass (composition proprietary); no x-ray / neutron SLD,,,,,,SUMITA Zemax catalog 2017-02-02 (obtained from http://www.sumita-opt.co.jp)See also SUMITA optical glass data book,,,2017.0,optical glass,SUMITA-optical/K-VC91,1.8866,35.0,887350,,-0.0045,7.7e-06,243 343,,
1597,SUMITA K-VC91(M),,,,,,,,,,,,4.87,literature (manufacturer datasheet),,,,,,,specs,SUMITA-optical,360.0,1550.0,K-VC91(M),,1.8765732389352605,3.53847e-08,,,,,density 4.87 g/cm3 stated by the manufacturer's datasheet (K-VC91(M)); formula NULL: a catalog optical glass (composition proprietary); no x-ray / neutron SLD,,,,,,SUMITA Zemax catalog 2017-02-02 (obtained from http://www.sumita-opt.co.jp)See also SUMITA optical glass data book,,,2017.0,optical glass,SUMITA-optical/K-VC91(M),1.88175,34.9,887350,882349,-0.0025,7.7e-06,243 343,,
1598,SUMITA K-VC99,,,,,,,,,,,,5.15,literature (manufacturer datasheet),,,,,,,specs,SUMITA-optical,360.0,1550.0,K-VC99,,1.8463540810010124,2.868236e-08,,,,,density 5.15 g/cm3 stated by the manufacturer's datasheet (K-VC99); formula NULL: a catalog optical glass (composition proprietary); no x-ray / neutron SLD,,,,,,SUMITA Zemax catalog 2017-02-02 (obtained from http://www.sumita-opt.co.jp)See also SUMITA optical glass data book,,,2017.0,optical glass,SUMITA-optical/K-VC99,1.8506,41.6,851416,,-0.0102,6e-06,243 343,,
1599,SUMITA K-VC99(M),,,,,,,,,,,,5.15,literature (manufacturer datasheet),,,,,,,specs,SUMITA-optical,360.0,1550.0,K-VC99(M),,1.8417998769140926,2.868236e-08,,,,,density 5.15 g/cm3 stated by the manufacturer's datasheet (K-VC99(M)); formula NULL: a catalog optical glass (composition proprietary); no x-ray / neutron SLD,,,,,,SUMITA Zemax catalog 2017-02-02 (obtained from http://www.sumita-opt.co.jp)See also SUMITA optical glass data book,,,2017.0,optical glass,SUMITA-optical/K-VC99(M),1.84604,41.5,851416,846415,-0.0094,6e-06,243 343,,
1600,SUMITA K-VC100,,,,,,,,,,,,4.71,literature (manufacturer datasheet),,,,,,,specs,SUMITA-optical,360.0,1550.0,K-VC100,,1.8001611468169634,2.6882039999999998e-08,,,,,density 4.71 g/cm3 stated by the manufacturer's datasheet (K-VC100); formula NULL: a catalog optical glass (composition proprietary); no x-ray / neutron SLD,,,,,,SUMITA Zemax catalog 2017-02-02 (obtained from http://www.sumita-opt.co.jp)See also SUMITA optical glass data book,,,2017.0,optical glass,SUMITA-optical/K-VC100,1.804,43.6,804436,,-0.0078,5.8e-06,243 343,,
1601,SUMITA K-VC100(M),,,,,,,,,,,,4.71,literature (manufacturer datasheet),,,,,,,specs,SUMITA-optical,360.0,1550.0,K-VC100(M),,1.7953368472206377,2.6882039999999998e-08,,,,,density 4.71 g/cm3 stated by the manufacturer's datasheet (K-VC100(M)); formula NULL: a catalog optical glass (composition proprietary); no x-ray / neutron SLD,,,,,,SUMITA Zemax catalog 2017-02-02 (obtained from http://www.sumita-opt.co.jp)See also SUMITA optical glass data book,,,2017.0,optical glass,SUMITA-optical/K-VC100(M),1.79916,43.5,804436,799435,-0.008,5.8e-06,243 343,,
1602,SUMITA K-VC179,,,,,,,,,,,,4.65,literature (manufacturer datasheet),,,,,,,specs,SUMITA-optical,360.0,1550.0,K-VC179,,1.7949376684739842,3.3615299999999997e-08,,,,,density 4.65 g/cm3 stated by the manufacturer's datasheet (K-VC179); formula NULL: a catalog optical glass (composition proprietary); no x-ray / neutron SLD,,,,,,SUMITA Zemax catalog 2017-02-02 (obtained from http://www.sumita-opt.co.jp)See also SUMITA optical glass data book,,,2017.0,optical glass,SUMITA-optical/K-VC179,1.7989,41.8,799418,,-0.0068,6.1e-06,243 343,,
1603,SUMITA K-VC179(M),,,,,,,,,,,,4.65,literature (manufacturer datasheet),,,,,,,specs,SUMITA-optical,360.0,1550.0,K-VC179(M),,1.7904698392037937,3.3615299999999997e-08,,,,,density 4.65 g/cm3 stated by the manufacturer's datasheet (K-VC179(M)); formula NULL: a catalog optical glass (composition proprietary); no x-ray / neutron SLD,,,,,,SUMITA Zemax catalog 2017-02-02 (obtained from http://www.sumita-opt.co.jp)See also SUMITA optical glass data book,,,2017.0,optical glass,SUMITA-optical/K-VC179(M),1.79441,41.9,799418,794419,-0.0058,6.1e-06,243 343,,
1604,SUMITA K-VC181,,,,,,,,,,,,4.71,literature (manufacturer datasheet),,,,,,,specs,SUMITA-optical,360.0,1550.0,K-VC181,,1.8064677723010738,1.0084326000000001e-08,,,,,density 4.71 g/cm3 stated by the manufacturer's datasheet (K-VC181); formula NULL: a catalog optical glass (composition proprietary); no x-ray / neutron SLD,,,,,,SUMITA Zemax catalog 2017-02-02 (obtained from http://www.sumita-opt.co.jp)See also SUMITA optical glass data book,,,2017.0,optical glass,SUMITA-optical/K-VC181,1.81055,41.1,811411,,-0.006,5.7e-06,243 343,,
1605,SUMITA K-VC181(M),,,,,,,,,,,,4.71,literature (manufacturer datasheet),,,,,,,specs,SUMITA-optical,360.0,1550.0,K-VC181(M),,1.802073574297233,1.0084326000000001e-08,,,,,density 4.71 g/cm3 stated by the manufacturer's datasheet (K-VC181(M)); formula NULL: a catalog optical glass (composition proprietary); no x-ray / neutron SLD,,,,,,SUMITA Zemax catalog 2017-02-02 (obtained from http://www.sumita-opt.co.jp)See also SUMITA optical glass data book,,,2017.0,optical glass,SUMITA-optical/K-VC181(M),1.80614,41.1,811411,806411,-0.0061,5.7e-06,243 343,,
1606,SUMITA K-VC185,,,,,,,,,,,,5.0,literature (manufacturer datasheet),,,,,,,specs,SUMITA-optical,360.0,1550.0,K-VC185,,1.8493884403648306,2.672246e-08,,,,,density 5.0 g/cm3 stated by the manufacturer's datasheet (K-VC185); formula NULL: a catalog optical glass (composition proprietary); no x-ray / neutron SLD,,,,,,SUMITA Zemax catalog 2017-02-02 (obtained from http://www.sumita-opt.co.jp)See also SUMITA optical glass data book,,,2017.0,optical glass,SUMITA-optical/K-VC185,1.85375,40.6,854406,,-0.0089,5.8e-06,243 343,,
1607,SUMITA K-VC185(M),,,,,,,,,,,,5.0,literature (manufacturer datasheet),,,,,,,specs,SUMITA-optical,360.0,1550.0,K-VC185(M),,1.844745211751681,2.672246e-08,,,,,density 5.0 g/cm3 stated by the manufacturer's datasheet (K-VC185(M)); formula NULL: a catalog optical glass (composition proprietary); no x-ray / neutron SLD,,,,,,SUMITA Zemax catalog 2017-02-02 (obtained from http://www.sumita-opt.co.jp)See also SUMITA optical glass data book,,,2017.0,optical glass,SUMITA-optical/K-VC185(M),1.84909,40.5,854406,849405,-0.009,5.8e-06,243 343,,
1608,SUMITA K-ZnSF8,,,,,,,,,,,,3.72,literature (manufacturer datasheet),,,,,,,specs,SUMITA-optical,360.0,1550.0,K-ZnSF8,,1.710501372449146,1.839428e-08,,,,,density 3.72 g/cm3 stated by the manufacturer's datasheet (K-ZnSF8); formula NULL: a catalog optical glass (composition proprietary); no x-ray / neutron SLD,,,,,,SUMITA Zemax catalog 2017-02-02 (obtained from http://www.sumita-opt.co.jp)See also SUMITA optical glass data book,,,2017.0,optical glass,SUMITA-optical/K-ZnSF8,1.7143,38.9,714389,,-0.0047,4.9e-06,243 343,,
1609,SUMITA K-ZnSF8(M),,,,,,,,,,,,3.72,literature (manufacturer datasheet),,,,,,,specs,SUMITA-optical,360.0,1550.0,K-ZnSF8(M),,1.7076484074145697,1.839428e-08,,,,,density 3.72 g/cm3 stated by the manufacturer's datasheet (K-ZnSF8(M)); formula NULL: a catalog optical glass (composition proprietary); no x-ray / neutron SLD,,,,,,SUMITA Zemax catalog 2017-02-02 (obtained from http://www.sumita-opt.co.jp)See also SUMITA optical glass data book,,,2017.0,optical glass,SUMITA-optical/K-ZnSF8(M),1.71143,38.9,714389,711389,-0.0047,4.9e-06,243 343,,
1610,LZOS K8,,,,,,,,,,,,,,,,,,,,specs,LZOS-optical,365.0,2325.4,K8,,1.5146533393665158,,,,,,density/SLD left NULL: the catalog page states no density; formula NULL: a catalog optical glass (composition proprietary); no x-ray / neutron SLD,,,,,,,,,,optical glass,LZOS-optical/K8,,,,,,,,,
1611,LZOS LK3,,,,,,,,,,,,,,,,,,,,specs,LZOS-optical,365.0,2325.4,LK3,,1.4859740995475115,,,,,,density/SLD left NULL: the catalog page states no density; formula NULL: a catalog optical glass (composition proprietary); no x-ray / neutron SLD,,,,,,,,,,optical glass,LZOS-optical/LK3,,,,,,,,,
1612,LZOS LK5,,,,,,,,,,,,,,,,,,,,specs,LZOS-optical,365.0,2325.4,LK5,,1.4765939728506787,,,,,,density/SLD left NULL: the catalog page states no density; formula NULL: a catalog optical glass (composition proprietary); no x-ray / neutron SLD,,,,,,,,,,optical glass,LZOS-optical/LK5,,,,,,,,,
1613,LZOS LK6,,,,,,,,,,,,,,,,,,,,specs,LZOS-optical,365.0,2325.4,LK6,,1.468963972850679,,,,,,density/SLD left NULL: the catalog page states no density; formula NULL: a catalog optical glass (composition proprietary); no x-ray / neutron SLD,,,,,,,,,,optical glass,LZOS-optical/LK6,,,,,,,,,
1614,LZOS LK7,,,,,,,,,,,,,,,,,,,,specs,LZOS-optical,365.0,2325.4,LK7,,1.4813039366515837,,,,,,density/SLD left NULL: the catalog page states no density; formula NULL: a catalog optical glass (composition proprietary); no x-ray / neutron SLD,,,,,,,,,,optical glass,LZOS-optical/LK7,,,,,,,,,
1615,LZOS TK2,,,,,,,,,,,,,,,,,,,,specs,LZOS-optical,365.0,2325.4,TK2,,1.570391819004525,,,,,,density/SLD left NULL: the catalog page states no density; formula NULL: a catalog optical glass (composition proprietary); no x-ray / neutron SLD,,,,,,,,,,optical glass,LZOS-optical/TK2,,,,,,,,,
1616,LZOS TK9,,,,,,,,,,,,,,,,,,,,specs,LZOS-optical,365.0,2325.4,TK9,,1.6148107149321267,,,,,,density/SLD left NULL: the catalog page states no density; formula NULL: a catalog optical glass (composition proprietary); no x-ray / neutron SLD,,,,,,,,,,optical glass,LZOS-optical/TK9,,,,,,,,,
1617,LZOS TK12,,,,,,,,,,,,,,,,,,,,specs,LZOS-optical,365.0,2325.4,TK12,,1.5669624886877829,,,,,,density/SLD left NULL: the catalog page states no density; formula NULL: a catalog optical glass (composition proprietary); no x-ray / neutron SLD,,,,,,,,,,optical glass,LZOS-optical/TK12,,,,,,,,,
1618,LZOS TK14,,,,,,,,,,,,,,,,,,,,specs,LZOS-optical,365.0,2325.4,TK14,,1.6109516561085973,,,,,,density/SLD left NULL: the catalog page states no density; formula NULL: a catalog optical glass (composition proprietary); no x-ray / neutron SLD,,,,,,,,,,optical glass,LZOS-optical/TK14,,,,,,,,,
1619,LZOS TK16,,,,,,,,,,,,,,,,,,,,specs,LZOS-optical,365.0,2325.4,TK16,,1.610471438914027,,,,,,density/SLD left NULL: the catalog page states no density; formula NULL: a catalog optical glass (composition proprietary); no x-ray / neutron SLD,,,,,,,,,,optical glass,LZOS-optical/TK16,,,,,,,,,
1620,LZOS TK17,,,,,,,,,,,,,,,,,,,,specs,LZOS-optical,365.0,2325.4,TK17,,1.6257513846153848,,,,,,density/SLD left NULL: the catalog page states no density; formula NULL: a catalog optical glass (composition proprietary); no x-ray / neutron SLD,,,,,,,,,,optical glass,LZOS-optical/TK17,,,,,,,,,
1621,LZOS TK20,,,,,,,,,,,,,,,,,,,,specs,LZOS-optical,365.0,2325.4,TK20,,1.6197810588235295,,,,,,density/SLD left NULL: the catalog page states no density; formula NULL: a catalog optical glass (composition proprietary); no x-ray / neutron SLD,,,,,,,,,,optical glass,LZOS-optical/TK20,,,,,,,,,
1622,LZOS TK21,,,,,,,,,,,,,,,,,,,,specs,LZOS-optical,365.0,2325.4,TK21,,1.654229628959276,,,,,,density/SLD left NULL: the catalog page states no density; formula NULL: a catalog optical glass (composition proprietary); no x-ray / neutron SLD,,,,,,,,,,optical glass,LZOS-optical/TK21,,,,,,,,,
1623,LZOS TK23,,,,,,,,,,,,,,,,,,,,specs,LZOS-optical,365.0,2325.4,TK23,,1.5871420542986425,,,,,,density/SLD left NULL: the catalog page states no density; formula NULL: a catalog optical glass (composition proprietary); no x-ray / neutron SLD,,,,,,,,,,optical glass,LZOS-optical/TK23,,,,,,,,,
1624,LZOS CTK3,,,,,,,,,,,,,,,,,,,,specs,LZOS-optical,365.0,2325.4,CTK3,,1.6570705882352943,,,,,,density/SLD left NULL: the catalog page states no density; formula NULL: a catalog optical glass (composition proprietary); no x-ray / neutron SLD,,,,,,,,,,optical glass,LZOS-optical/CTK3,,,,,,,,,
1625,LZOS CTK8,,,,,,,,,,,,,,,,,,,,specs,LZOS-optical,365.0,2325.4,CTK8,,1.7001685791855203,,,,,,density/SLD left NULL: the catalog page states no density; formula NULL: a catalog optical glass (composition proprietary); no x-ray / neutron SLD,,,,,,,,,,optical glass,LZOS-optical/CTK8,,,,,,,,,
1626,LZOS CTK9,,,,,,,,,,,,,,,,,,,,specs,LZOS-optical,365.0,2325.4,CTK9,,1.73941792760181,,,,,,density/SLD left NULL: the catalog page states no density; formula NULL: a catalog optical glass (composition proprietary); no x-ray / neutron SLD,,,,,,,,,,optical glass,LZOS-optical/CTK9,,,,,,,,,
1627,LZOS CTK12,,,,,,,,,,,,,,,,,,,,specs,LZOS-optical,365.0,2325.4,CTK12,,1.6893496470588234,,,,,,density/SLD left NULL: the catalog page states no density; formula NULL: a catalog optical glass (composition proprietary); no x-ray / neutron SLD,,,,,,,,,,optical glass,LZOS-optical/CTK12,,,,,,,,,
1628,LZOS CTK19,,,,,,,,,,,,,,,,,,,,specs,LZOS-optical,365.0,2325.4,CTK19,,1.741028,,,,,,density/SLD left NULL: the catalog page states no density; formula NULL: a catalog optical glass (composition proprietary); no x-ray / neutron SLD,,,,,,,,,,optical glass,LZOS-optical/CTK19,,,,,,,,,
1629,LZOS OK4,,,,,,,,,,,,,,,,,,,,specs,LZOS-optical,365.0,706.52,OK4,,1.4463264147727273,,,,,,density/SLD left NULL: the catalog page states no density; formula NULL: a catalog optical glass (composition proprietary); no x-ray / neutron SLD,,,,,,,,,,optical glass,LZOS-optical/OK4,,,,,,,,,
1630,LZOS BK4,,,,,,,,,,,,,,,,,,,,specs,LZOS-optical,365.0,2325.4,BK4,,1.5284228325791855,,,,,,density/SLD left NULL: the catalog page states no density; formula NULL: a catalog optical glass (composition proprietary); no x-ray / neutron SLD,,,,,,,,,,optical glass,LZOS-optical/BK4,,,,,,,,,
1631,LZOS BK6,,,,,,,,,,,,,,,,,,,,specs,LZOS-optical,365.0,2325.4,BK6,,1.5380626515837104,,,,,,density/SLD left NULL: the catalog page states no density; formula NULL: a catalog optical glass (composition proprietary); no x-ray / neutron SLD,,,,,,,,,,optical glass,LZOS-optical/BK6,,,,,,,,,
1632,LZOS BK8,,,,,,,,,,,,,,,,,,,,specs,LZOS-optical,365.0,2325.4,BK8,,1.5449327239819004,,,,,,density/SLD left NULL: the catalog page states no density; formula NULL: a catalog optical glass (composition proprietary); no x-ray / neutron SLD,,,,,,,,,,optical glass,LZOS-optical/BK8,,,,,,,,,
1633,LZOS BK10,,,,,,,,,,,,,,,,,,,,specs,LZOS-optical,365.0,2325.4,BK10,,1.5667518190045249,,,,,,density/SLD left NULL: the catalog page states no density; formula NULL: a catalog optical glass (composition proprietary); no x-ray / neutron SLD,,,,,,,,,,optical glass,LZOS-optical/BK10,,,,,,,,,
1634,LZOS F1,,,,,,,,,,,,,,,,,,,,specs,LZOS-optical,365.0,2325.4,F1,,1.6095370226244343,,,,,,density/SLD left NULL: the catalog page states no density; formula NULL: a catalog optical glass (composition proprietary); no x-ray / neutron SLD,,,,,,,,,,optical glass,LZOS-optical/F1,,,,,,,,,
1635,LZOS F4,,,,,,,,,,,,,,,,,,,,specs,LZOS-optical,365.0,2325.4,F4,,1.620796262443439,,,,,,density/SLD left NULL: the catalog page states no density; formula NULL: a catalog optical glass (composition proprietary); no x-ray / neutron SLD,,,,,,,,,,optical glass,LZOS-optical/F4,,,,,,,,,
1636,LZOS F6,,,,,,,,,,,,,,,,,,,,specs,LZOS-optical,365.0,2325.4,F6,,1.5999675475113122,,,,,,density/SLD left NULL: the catalog page states no density; formula NULL: a catalog optical glass (composition proprietary); no x-ray / neutron SLD,,,,,,,,,,optical glass,LZOS-optical/F6,,,,,,,,,
1637,LZOS F8,,,,,,,,,,,,,,,,,,,,specs,LZOS-optical,365.0,2325.4,F8,,1.621385773755656,,,,,,density/SLD left NULL: the catalog page states no density; formula NULL: a catalog optical glass (composition proprietary); no x-ray / neutron SLD,,,,,,,,,,optical glass,LZOS-optical/F8,,,,,,,,,
1638,LZOS F13,,,,,,,,,,,,,,,,,,,,specs,LZOS-optical,365.0,2325.4,F13,,1.6165466425339368,,,,,,density/SLD left NULL: the catalog page states no density; formula NULL: a catalog optical glass (composition proprietary); no x-ray / neutron SLD,,,,,,,,,,optical glass,LZOS-optical/F13,,,,,,,,,
1639,LZOS LF5,,,,,,,,,,,,,,,,,,,,specs,LZOS-optical,365.0,2325.4,LF5,,1.572139031674208,,,,,,density/SLD left NULL: the catalog page states no density; formula NULL: a catalog optical glass (composition proprietary); no x-ray / neutron SLD,,,,,,,,,,optical glass,LZOS-optical/LF5,,,,,,,,,
1640,LZOS LF7,,,,,,,,,,,,,,,,,,,,specs,LZOS-optical,365.0,2325.4,LF7,,1.575508959276018,,,,,,density/SLD left NULL: the catalog page states no density; formula NULL: a catalog optical glass (composition proprietary); no x-ray / neutron SLD,,,,,,,,,,optical glass,LZOS-optical/LF7,,,,,,,,,
1641,LZOS LF9,,,,,,,,,,,,,,,,,,,,specs,LZOS-optical,365.0,2325.4,LF9,,1.5769980904977376,,,,,,density/SLD left NULL: the catalog page states no density; formula NULL: a catalog optical glass (composition proprietary); no x-ray / neutron SLD,,,,,,,,,,optical glass,LZOS-optical/LF9,,,,,,,,,
1642,LZOS TF1,,,,,,,,,,,,,,,,,,,,specs,LZOS-optical,365.0,2325.4,TF1,,1.6437649773755656,,,,,,density/SLD left NULL: the catalog page states no density; formula NULL: a catalog optical glass (composition proprietary); no x-ray / neutron SLD,,,,,,,,,,optical glass,LZOS-optical/TF1,,,,,,,,,
1643,LZOS TF2,,,,,,,,,,,,,,,,,,,,specs,LZOS-optical,365.0,2325.4,TF2,,1.6684239457013574,,,,,,density/SLD left NULL: the catalog page states no density; formula NULL: a catalog optical glass (composition proprietary); no x-ray / neutron SLD,,,,,,,,,,optical glass,LZOS-optical/TF2,,,,,,,,,
1644,LZOS TF3,,,,,,,,,,,,,,,,,,,,specs,LZOS-optical,365.0,2325.4,TF3,,1.7124813574660633,,,,,,density/SLD left NULL: the catalog page states no density; formula NULL: a catalog optical glass (composition proprietary); no x-ray / neutron SLD,,,,,,,,,,optical glass,LZOS-optical/TF3,,,,,,,,,
1645,LZOS TF4,,,,,,,,,,,,,,,,,,,,specs,LZOS-optical,365.0,2325.4,TF4,,1.7347098371040726,,,,,,density/SLD left NULL: the catalog page states no density; formula NULL: a catalog optical glass (composition proprietary); no x-ray / neutron SLD,,,,,,,,,,optical glass,LZOS-optical/TF4,,,,,,,,,
1646,LZOS TF5,,,,,,,,,,,,,,,,,,,,specs,LZOS-optical,365.0,2325.4,TF5,,1.7496891312217195,,,,,,density/SLD left NULL: the catalog page states no density; formula NULL: a catalog optical glass (composition proprietary); no x-ray / neutron SLD,,,,,,,,,,optical glass,LZOS-optical/TF5,,,,,,,,,
1647,LZOS TF7,,,,,,,,,,,,,,,,,,,,specs,LZOS-optical,365.0,2325.4,TF7,,1.7230200904977375,,,,,,density/SLD left NULL: the catalog page states no density; formula NULL: a catalog optical glass (composition proprietary); no x-ray / neutron SLD,,,,,,,,,,optical glass,LZOS-optical/TF7,,,,,,,,,
1648,LZOS TF8,,,,,,,,,,,,,,,,,,,,specs,LZOS-optical,365.0,2325.4,TF8,,1.6849828959276019,,,,,,density/SLD left NULL: the catalog page states no density; formula NULL: a catalog optical glass (composition proprietary); no x-ray / neutron SLD,,,,,,,,,,optical glass,LZOS-optical/TF8,,,,,,,,,
1649,LZOS TF10,,,,,,,,,,,,,,,,,,,,specs,LZOS-optical,365.0,2325.4,TF10,,1.7998857828054298,,,,,,density/SLD left NULL: the catalog page states no density; formula NULL: a catalog optical glass (composition proprietary); no x-ray / neutron SLD,,,,,,,,,,optical glass,LZOS-optical/TF10,,,,,,,,,
1650,LZOS OF1,,,,,,,,,,,,,,,,,,,,specs,LZOS-optical,365.0,2325.4,OF1,,1.5273417104072398,,,,,,density/SLD left NULL: the catalog page states no density; formula NULL: a catalog optical glass (composition proprietary); no x-ray / neutron SLD,,,,,,,,,,optical glass,LZOS-optical/OF1,,,,,,,,,
1651,LZOS BF1,,,,,,,,,,,,,,,,,,,,specs,LZOS-optical,365.0,2325.4,BF1,,1.5227821628959277,,,,,,density/SLD left NULL: the catalog page states no density; formula NULL: a catalog optical glass (composition proprietary); no x-ray / neutron SLD,,,,,,,,,,optical glass,LZOS-optical/BF1,,,,,,,,,
1652,LZOS BF8,,,,,,,,,,,,,,,,,,,,specs,LZOS-optical,365.0,2325.4,BF8,,1.5801000090497737,,,,,,density/SLD left NULL: the catalog page states no density; formula NULL: a catalog optical glass (composition proprietary); no x-ray / neutron SLD,,,,,,,,,,optical glass,LZOS-optical/BF8,,,,,,,,,
1653,LZOS BF11,,,,,,,,,,,,,,,,,,,,specs,LZOS-optical,365.0,2325.4,BF11,,1.6198505701357466,,,,,,density/SLD left NULL: the catalog page states no density; formula NULL: a catalog optical glass (composition proprietary); no x-ray / neutron SLD,,,,,,,,,,optical glass,LZOS-optical/BF11,,,,,,,,,
1654,LZOS BF16,,,,,,,,,,,,,,,,,,,,specs,LZOS-optical,365.0,2325.4,BF16,,1.6680785791855204,,,,,,density/SLD left NULL: the catalog page states no density; formula NULL: a catalog optical glass (composition proprietary); no x-ray / neutron SLD,,,,,,,,,,optical glass,LZOS-optical/BF16,,,,,,,,,
1655,LZOS BF21,,,,,,,,,,,,,,,,,,,,specs,LZOS-optical,365.0,2325.4,BF21,,1.6109679819004525,,,,,,density/SLD left NULL: the catalog page states no density; formula NULL: a catalog optical glass (composition proprietary); no x-ray / neutron SLD,,,,,,,,,,optical glass,LZOS-optical/BF21,,,,,,,,,
1656,LZOS BF24,,,,,,,,,,,,,,,,,,,,specs,LZOS-optical,365.0,2325.4,BF24,,1.631016443438914,,,,,,density/SLD left NULL: the catalog page states no density; formula NULL: a catalog optical glass (composition proprietary); no x-ray / neutron SLD,,,,,,,,,,optical glass,LZOS-optical/BF24,,,,,,,,,
1657,LZOS BF25,,,,,,,,,,,,,,,,,,,,specs,LZOS-optical,365.0,2325.4,BF25,,1.6049795565610858,,,,,,density/SLD left NULL: the catalog page states no density; formula NULL: a catalog optical glass (composition proprietary); no x-ray / neutron SLD,,,,,,,,,,optical glass,LZOS-optical/BF25,,,,,,,,,
1658,LZOS BF28,,,,,,,,,,,,,,,,,,,,specs,LZOS-optical,365.0,2325.4,BF28,,1.660435375565611,,,,,,density/SLD left NULL: the catalog page states no density; formula NULL: a catalog optical glass (composition proprietary); no x-ray / neutron SLD,,,,,,,,,,optical glass,LZOS-optical/BF28,,,,,,,,,
1659,LZOS KF6,,,,,,,,,,,,,,,,,,,,specs,LZOS-optical,365.0,2325.4,KF6,,1.4987327782805429,,,,,,density/SLD left NULL: the catalog page states no density; formula NULL: a catalog optical glass (composition proprietary); no x-ray / neutron SLD,,,,,,,,,,optical glass,LZOS-optical/KF6,,,,,,,,,
1660,LZOS KF7,,,,,,,,,,,,,,,,,,,,specs,LZOS-optical,365.0,2325.4,KF7,,1.5154817285067874,,,,,,density/SLD left NULL: the catalog page states no density; formula NULL: a catalog optical glass (composition proprietary); no x-ray / neutron SLD,,,,,,,,,,optical glass,LZOS-optical/KF7,,,,,,,,,
1661,SCHOTT DURAN,,,,,,,,,,,,2.23,literature (manufacturer datasheet),,,,,,,specs,SCHOTT-misc,587.6,587.6,DURAN,,,,,,,,[DURAN] 633nm outside n range of specs/schott/misc/DURAN.yml; density 2.23 g/cm3 stated by the manufacturer's datasheet (DURAN); formula NULL: a catalog optical glass (composition proprietary); no x-ray / neutron SLD,,,,,,"DURAN® Brochure, July 2022 (obtained from http://www.schott.com. Transmission data extracted from a figure and converted to k values by Dr. Daniel Rüdisser, HTflux Engineering GmbH, Graz, Austria)",,,2022.0,optical glass,SCHOTT-misc/DURAN,1.527,58.6,527586,,,3.3e-06,293 573,,SCHOTT Duran Lab Glass (Tubed). DURAN® glass is very similar to BOROFLOAT® 33. Dispersion data for BOROFLOAT 33 can be used to approximate the refractive index of DURAN.
1662,SCHOTT LITHOSIL-Q,,,,,,,,,,,,2.2,literature (manufacturer datasheet),,,,,,,specs,SCHOTT-misc,250.0,2500.0,LITHOSIL-Q,,1.4569871896663102,2.015905e-09,,,,,density 2.2 g/cm3 stated by the manufacturer's datasheet (LITHOSIL-Q); formula NULL: a catalog optical glass (composition proprietary); no x-ray / neutron SLD,,,,,,SCHOTT Zemax catalog 2017-01-20b (obtained from http://www.schott.com)See also SCHOTT glass data sheets,,,2017.0,optical glass,SCHOTT-misc/LITHOSIL-Q,1.45844,67.83,458678,,-0.0021,5e-07,243 343,preferred,obsolet
1663,SCHOTT LITHOTEC-CAF2,,,,,,,,,,,,3.18,literature (manufacturer datasheet),,,,,,,specs,SCHOTT-misc,250.0,2500.0,LITHOTEC-CAF2,,1.4328831108380191,2.015905e-09,,,,,density 3.18 g/cm3 stated by the manufacturer's datasheet (LITHOTEC-CAF2); formula NULL: a catalog optical glass (composition proprietary); no x-ray / neutron SLD,,,,,,SCHOTT Zemax catalog 2017-01-20b (obtained from http://www.schott.com)See also SCHOTT glass data sheets,,,2017.0,optical glass,SCHOTT-misc/LITHOTEC-CAF2,1.43385,95.23,434952,,0.0552,1.841e-05,243 343,preferred,obsolet
1664,HIKARI NIFS-A,,,,,,,,,,,,2.2,literature (manufacturer datasheet),,,,,,,specs,HIKARI-misc,184.89,2325.4199999999996,NIFS-A,,1.4570257364191008,5.039766666666667e-08,,,,,density 2.2 g/cm3 stated by the manufacturer's datasheet (NIFS-A); formula NULL: a catalog optical glass (composition proprietary); no x-ray / neutron SLD,,,,,,NIKON Zemax catalog 2017-11 (obtained from http://www.nikon.com)See also NIKON synthetic silica glass data sheet,,,2017.0,optical glass,HIKARI-misc/NIFS-A,1.458477,67.826411,458678,,-0.0021,6.3e-07,243 343,,TCE value is available for 25 to 300 degrees Celsius.
1665,HIKARI NIFS-S,,,,,,,,,,,,2.2,literature (manufacturer datasheet),,,,,,,specs,HIKARI-misc,184.89,2325.4199999999996,NIFS-S,,1.4570257364191008,5.039766666666667e-08,,,,,density 2.2 g/cm3 stated by the manufacturer's datasheet (NIFS-S); formula NULL: a catalog optical glass (composition proprietary); no x-ray / neutron SLD,,,,,,NIKON Zemax catalog 2017-11 (obtained from http://www.nikon.com)See also NIKON synthetic silica glass data sheet,,,2017.0,optical glass,HIKARI-misc/NIFS-S,1.458477,67.826411,458678,,-0.0021,6.3e-07,243 343,,TCE value is available for 25 to 300 degrees Celsius.
1666,HIKARI NIFS-U,,,,,,,,,,,,2.2,literature (manufacturer datasheet),,,,,,,specs,HIKARI-misc,184.89,2325.4199999999996,NIFS-U,,1.4570257364191008,5.039766666666667e-08,,,,,density 2.2 g/cm3 stated by the manufacturer's datasheet (NIFS-U); formula NULL: a catalog optical glass (composition proprietary); no x-ray / neutron SLD,,,,,,NIKON Zemax catalog 2017-11 (obtained from http://www.nikon.com)See also NIKON synthetic silica glass data sheet,,,2017.0,optical glass,HIKARI-misc/NIFS-U,1.458477,67.826411,458678,,-0.0021,6.3e-07,243 343,,TCE value is available for 25 to 300 degrees Celsius.
1667,HIKARI NIFS-V,,,,,,,,,,,,2.2,literature (manufacturer datasheet),,,,,,,specs,HIKARI-misc,184.89,2325.4199999999996,NIFS-V,,1.4571134314924015,5.039766666666667e-08,,,,,density 2.2 g/cm3 stated by the manufacturer's datasheet (NIFS-V); formula NULL: a catalog optical glass (composition proprietary); no x-ray / neutron SLD,,,,,,NIKON Zemax catalog 2017-11 (obtained from http://www.nikon.com)See also NIKON synthetic silica glass data sheet,,,2017.0,optical glass,HIKARI-misc/NIFS-V,1.458564,67.859016,459679,,-0.002,6.3e-07,243 343,,TCE value is available for 25 to 300 degrees Celsius.
1668,HIKARI NICF-A,,,,,,,,,,,,3.18,literature (manufacturer datasheet),,,,,,,specs,HIKARI-misc,184.89,2325.4199999999996,NICF-A,,1.4328726386662478,1.0084916666666666e-07,,,,,density 3.18 g/cm3 stated by the manufacturer's datasheet (NICF-A); formula NULL: a catalog optical glass (composition proprietary); no x-ray / neutron SLD,,,,,,NIKON Zemax catalog 2017-11 (obtained from http://www.nikon.com)See also NIKON calcium fluoride glass data sheet,,,2017.0,optical glass,HIKARI-misc/NICF-A,1.433837,95.260792,434953,,0.0553,1.84e-05,243 343,,TCE value is available for 0 to 25 degrees Celsius.
1669,HIKARI NICF-U,,,,,,,,,,,,3.18,literature (manufacturer datasheet),,,,,,,specs,HIKARI-misc,184.89,2325.4199999999996,NICF-U,,1.4328726386662478,1.0084916666666666e-07,,,,,density 3.18 g/cm3 stated by the manufacturer's datasheet (NICF-U); formula NULL: a catalog optical glass (composition proprietary); no x-ray / neutron SLD,,,,,,NIKON Zemax catalog 2017-11 (obtained from http://www.nikon.com)See also NIKON calcium fluoride glass data sheet,,,2017.0,optical glass,HIKARI-misc/NICF-U,1.433837,95.260792,434953,,0.0553,1.84e-05,243 343,,TCE value is available for 0 to 25 degrees Celsius.
1670,HIKARI NICF-V,,,,,,,,,,,,3.18,literature (manufacturer datasheet),,,,,,,specs,HIKARI-misc,184.89,2325.4199999999996,NICF-V,,1.4328726386662478,1.0084916666666666e-07,,,,,density 3.18 g/cm3 stated by the manufacturer's datasheet (NICF-V); formula NULL: a catalog optical glass (composition proprietary); no x-ray / neutron SLD,,,,,,NIKON Zemax catalog 2017-11 (obtained from http://www.nikon.com)See also NIKON calcium fluoride glass data sheet,,,2017.0,optical glass,HIKARI-misc/NICF-V,1.433837,95.260792,434953,,0.0553,1.84e-05,243 343,,TCE value is available for 0 to 25 degrees Celsius.
1671,HIKARI 4786,,,,,,,,,,,,3.55,literature (manufacturer datasheet),,,,,,,specs,HIKARI-misc,326.11,2325.4199999999996,4786,,1.4729366627504659,5.039746e-09,,,,,density 3.55 g/cm3 stated by the manufacturer's datasheet (4786); formula NULL: a catalog optical glass (composition proprietary); no x-ray / neutron SLD,,,,,,NIKON Zemax catalog 2017-11 (obtained from http://www.nikon.com)See also NIKON i-line glass data sheet,,,2017.0,optical glass,HIKARI-misc/4786,1.474099,86.779772,474868,,0.0363,1.25e-05,243 343,,
1672,HIKARI 5165,,,,,,,,,,,,2.44,literature (manufacturer datasheet),,,,,,,specs,HIKARI-misc,326.11,2325.4199999999996,5165,,1.5101420742923666,5.039746e-09,,,,,density 2.44 g/cm3 stated by the manufacturer's datasheet (5165); formula NULL: a catalog optical glass (composition proprietary); no x-ray / neutron SLD,,,,,,NIKON Zemax catalog 2017-11 (obtained from http://www.nikon.com)See also NIKON i-line glass data sheet,,,2017.0,optical glass,HIKARI-misc/5165,1.511829,64.95711,512650,,-0.0044,5.8e-06,243 343,,
1673,HIKARI 5742,,,,,,,,,,,,3.15,literature (manufacturer datasheet),,,,,,,specs,HIKARI-misc,326.11,2325.4199999999996,5742,,1.5736912630104132,5.039746e-09,,,,,density 3.15 g/cm3 stated by the manufacturer's datasheet (5742); formula NULL: a catalog optical glass (composition proprietary); no x-ray / neutron SLD,,,,,,NIKON Zemax catalog 2017-11 (obtained from http://www.nikon.com)See also NIKON i-line glass data sheet,,,2017.0,optical glass,HIKARI-misc/5742,1.576531,42.042478,577420,,-0.0024,8.7e-06,243 343,,
1674,HIKARI 5859,,,,,,,,,,,,2.87,literature (manufacturer datasheet),,,,,,,specs,HIKARI-misc,326.11,2325.4199999999996,5859,,1.5883058717073202,5.039746e-09,,,,,density 2.87 g/cm3 stated by the manufacturer's datasheet (5859); formula NULL: a catalog optical glass (composition proprietary); no x-ray / neutron SLD,,,,,,NIKON Zemax catalog 2017-11 (obtained from http://www.nikon.com)See also NIKON i-line glass data sheet,,,2017.0,optical glass,HIKARI-misc/5859,1.590421,59.473084,590595,,-0.0084,4.3e-06,243 343,,
1675,HIKARI 7054,,,,,,,,,,,,3.91,literature (manufacturer datasheet),,,,,,,specs,HIKARI-misc,326.11,2325.4199999999996,7054,,1.703501808188041,8.458480000000001e-09,,,,,density 3.91 g/cm3 stated by the manufacturer's datasheet (7054); formula NULL: a catalog optical glass (composition proprietary); no x-ray / neutron SLD,,,,,,NIKON Zemax catalog 2017-11 (obtained from http://www.nikon.com)See also NIKON i-line glass data sheet,,,2017.0,optical glass,HIKARI-misc/7054,1.706229,54.695634,706547,,-0.0076,5.7e-06,243 343,,
